input_DAT,DAT,temp_mean,temp_std,temp_min,temp_max,humidity_mean,humidity_std,humidity_min,humidity_max,co2_mean,co2_std,co2_min,co2_max,ec_mean,ec_std,ec_min,ec_max,water_spray_sum,water_spray_mean,water_spray_max,total_light_sum,total_light_mean,total_light_max,white_light_sum,red_light_sum,blue_light_sum,case_id,cum_water_spray,cum_total_light,cum_red_light,cum_white_light,cum_co2,ec_x_spray,temp_x_humidity,light_x_co2,temp_x_light,temp_mean_ema,humidity_mean_ema,co2_mean_ema,ec_mean_ema,total_light_mean_ema,temp_mean_kf,humidity_mean_kf,co2_mean_kf,ec_mean_kf,total_light_mean_kf,predicted_weight_g
0,1,27.03070924166667,1.2679992646783897,25.27333349,28.92499971,78.06128958541667,2.846594323134933,75.41500079,81.90000076,535.0942956333333,25.982390711011657,492.8333333,575.0833333,1.3936159936250003,0.010953575366425312,1.37734583,1.411070349,3961.27,165.05291666666668,252.00000000000009,269376.2938,11224.012241666665,19231.522000000023,255677.85939999996,13698.434400000002,0.0,CASE_01,3961.27,269376.2938,13698.434400000002,255677.85939999996,535.0942956333333,5520.489227066905,2110.052021812941,144141718.19122884,7281432.2743055755,27.03070924166667,78.06128958541667,535.0942956333333,1.3936159936250003,11224.012241666665,27.03070924166667,78.06128958541667,535.0942956333333,1.3936159936250003,11224.012241666665,0.167719388078703
1,2,27.54275129583333,1.42856433234602,25.40666631,29.40333296,78.07504074124999,2.8233275179574626,75.27999992,82.0016669,523.9865900416667,25.299806310983197,489.5333333,565.1666667,1.384430622,0.007898908414773798,1.37335753,1.39759527,3980.5600000000004,165.85666666666668,252.0,270032.88950000005,11251.370395833335,19231.522000000023,256324.52629999997,13708.3632,0.0,CASE_01,7941.83,539409.1833,27406.7976,512002.3856999999,1059.080885675,5510.80915670832,2150.4014295483034,141493612.9682032,7437448.717193745,27.37207061111111,78.07045702263889,527.6891585722223,1.3874924125416668,11242.251011111111,27.496244297271417,78.0737917716012,524.9954643006736,1.3852648973519528,11248.885549859977,0.181787272321195
2,3,26.678481675416666,0.8397825453625325,25.49166663,28.22833347,77.59004829541668,3.022527379038507,74.42000046,81.77833366,539.2361699625,15.607918894441344,516.4166667,569.2333333,1.392745180333333,0.0038793296612189957,1.385904872,1.398110358,4093.7,170.57083333333333,252.0,269399.5381,11224.980754166667,19231.522000000023,255724.2709,13675.2672,0.0,CASE_01,12035.529999999999,808808.7214,41082.0648,767726.6565999999,1598.3170556374998,5701.480944730565,2069.984681643968,145269975.1147106,7187170.640566564,26.975734076428573,77.79593774994048,534.2874507952381,1.3904939941369048,11232.382292857144,27.104583135732558,77.84210652859075,531.815941504674,1.3888475217503167,11237.436530551224,0.265921009145362
3,4,26.157335137083333,0.7469082477606266,25.14500052,27.59500036,77.36609106791667,3.0162960465495345,74.21166725,81.42333399,760.1503295625001,196.8595344299526,531.45,1173.266667,1.4012975869166666,0.002700122281336411,1.396671673,1.407323291,3980.5600000000004,165.85666666666668,252.0,270032.88950000005,11251.370395833335,19231.522000000023,256324.52629999997,13708.3632,0.0,CASE_01,16016.09,1078841.6109000002,54790.428,1024051.1828999999,2358.4673852,5577.949122577007,2023.6907723096058,205265589.94613922,7063340.7886864925,26.53925464211111,77.56668618619445,654.7476528044446,1.3962559102861112,11242.509281111114,26.793523630959005,77.6857914625542,606.7969198475387,1.3929359031568394,11242.01216569684,0.423650022570148
4,5,26.52289072583333,0.9812165089856458,25.19833384,27.90999966,78.13165027208333,2.757699371015583,75.3433328,82.02666575,539.5357580041667,19.80356385667876,510.15,568.4666667,1.4037961671666668,0.005583842468672883,1.395274244,1.413748519,3935.55,163.98125000000002,252.0,269511.35670000006,11229.639862500002,19231.522000000023,255829.47029999993,13681.8864,0.0,CASE_01,19951.64,1348352.9676000003,68472.3144,1279880.6531999998,2898.003143204167,5524.710005692776,2072.2772223954926,145411014.12786588,7148220.2631251905,26.53080874983871,77.85828055310485,595.2834490365593,1.4001476557728496,11235.867000537635,26.725099690404246,77.79851765401592,589.791324251254,1.3956816966096803,11238.884084364407,0.475272432100058
5,6,26.678481675416666,0.8397825453625325,25.49166663,28.22833347,77.59004829541668,3.022527379038507,74.42000046,81.77833366,539.2361699625,15.607918894441344,516.4166667,569.2333333,1.392745180333333,0.0038793296612189957,1.385904872,1.398110358,3935.55,163.98125000000002,252.0,269511.35670000006,11229.639862500002,19231.522000000023,255829.47029999993,13681.8864,0.0,CASE_01,23887.19,1617864.3243000004,82154.2008,1535710.1234999998,3437.2393131666668,5481.218294460849,2069.984681643968,145330271.74830517,7190153.791037637,26.60581721997354,77.72203559681878,566.8149898243386,1.3963876682480156,11232.704009788362,26.71539720570218,77.75512947536444,579.269413113941,1.3950705272096915,11236.960108810197,1.94187905498786
6,7,26.62704562666666,1.0762092906211704,25.31666673,27.88999958,77.89688382833334,3.490721589737624,74.20166461,85.36666616,542.86861845,14.614721902232851,519.5,569.9166667,1.4033156490833332,0.01210319278736017,1.389969152,1.446172039,4074.41,169.76708333333332,252.0000000000001,269129.48939999996,11213.728724999999,19231.522000000023,255467.46059999996,13662.0288,0.0,CASE_01,27961.6,1886993.8137000003,95816.2296,1791177.5840999996,3980.107931616667,5717.683313781623,2074.163879872184,146101954.0947319,7166123.193735301,26.616514999724405,77.81014809144031,554.7475270845144,1.3998789341807742,11223.141661548558,26.699576284336622,77.7805131130541,572.751203520987,1.3965469629025937,11232.800116419723,2.33090087317029
7,8,26.52289072583333,0.9812165089856458,25.19833384,27.90999966,78.13165027208333,2.757699371015583,75.3433328,82.02666575,539.5357580041667,19.80356385667876,510.15,568.4666667,1.4037961671666668,0.005583842468672883,1.395274244,1.413748519,4048.6900000000005,168.6954166666667,252.0,269860.4127,11244.1838625,19557.47999999998,256163.6331,13696.7796,0.0,CASE_01,32010.29,2156854.2264,109513.0092,2047341.2171999996,4519.643689620833,5683.535504046013,2072.2772223954926,145599342.32141176,7157478.237270385,26.569519285771236,77.97152957819445,547.1118155461438,1.4018452315227126,11233.70402124183,26.671482388190807,77.83634569474481,567.4697799304495,1.397699622992416,11234.61018953967,3.50324857233179
8,9,25.698402768333334,0.6038682360436389,25.24333337,27.20833352,77.90388896208334,3.1071035897091255,74.5350001,82.06166687,572.9861111041666,18.328682920453574,543.5333333,608.3666667,1.418729675875,0.008861872511641304,1.40673272,1.432462802,4125.85,171.9104166666667,252.0,268983.0584,11207.627433333333,19231.522000000023,255312.75559999997,13670.302800000001,0.0,CASE_01,36136.14,2425837.2848,123183.312,2302653.9727999996,5092.629800725,5853.465833208869,2002.0055157671352,154123556.58552092,6912434.972621326,26.133108662553816,77.93764308558302,560.0742806397913,1.4103039746815884,11220.640212035225,26.53080261080832,77.84611053990132,568.2672853201938,1.4007399735428645,11230.70924653479,4.45823929008714
9,10,25.685139940833334,0.39879944826203245,25.27666651,26.59500036,78.05998248625001,3.079144703601734,74.94500033,82.78333308,544.9638300291667,29.97375563135661,506.1333333,627.25,1.4273365817916666,0.0033317527694024444,1.420001225,1.434180172,4074.41,169.76708333333332,252.0000000000001,269129.48939999996,11213.728724999999,19231.522000000023,255467.46059999996,13662.0288,0.0,CASE_01,40210.55,2694966.7742,136845.3408,2558121.4333999995,5637.593630754167,5815.554442217784,2004.9815739383307,146665837.317218,6912628.59744402,25.908905353149237,77.99887258034498,552.5116699724991,1.418828603069037,11217.181090469208,26.41758701890561,77.8747432794758,565.1474662979944,1.4043006731603391,11228.435928976107,5.31563026349437
10,11,25.614413196666664,0.364564472714393,25.2649998,26.40166629,78.56938231333334,3.230251209675871,75.49500033,83.4299998,724.6931286749999,171.39076793933353,531.3333333,1068.566667,1.4306017534166668,0.003577916726819619,1.423905561,1.436836821,4119.42,171.6425,252.0,269241.308,11218.387833333334,19557.48000000001,255572.65999999997,13668.648,0.0,CASE_01,44329.97,2964208.0822,150513.9888,2813694.0933999997,6362.2867594291665,5893.249475059686,2012.5086231805938,195117325.8630693,6896458.112722995,25.761587342285456,78.28426679948522,638.6444563483471,1.4247180539512905,11217.784756660154,26.316563121153983,77.96211557771018,585.2152576482645,1.4076088457737912,11227.172070818997,6.23378221607406
11,12,25.653119085,0.3589005900913344,25.30166655,26.58333365,78.74524653833333,2.8677670336427536,75.70166613,82.67833328,610.0994971208333,50.90275994704052,536.9833333,705.0833333,1.431732367375,0.0029358139872546858,1.424228474,1.43557452,3948.41,164.51708333333332,252.0,269152.5874,11214.691141666668,19231.522000000023,255492.21339999995,13660.374,0.0,CASE_01,48278.380000000005,3233360.6696,164174.3628,3069186.3067999994,6972.38625655,5653.066396667124,2020.061186825549,164209858.22151116,6904603.376608071,25.70733996965527,78.51481295459168,624.3684913915832,1.4282260671116707,11216.237571432643,26.237249401733347,78.0557376858243,588.190130403116,1.4104927758710568,11225.679994835264,7.77475053996193
12,13,25.389280895833334,0.2384708344144616,25.1666666,26.08333365,79.10070132,2.883367610357581,75.93499985,83.05166651,568.4749529125,11.302957595758441,547.55,596.45,1.4407330055833334,0.006630180809370477,1.428837347,1.452336762,3974.13,165.58875,252.0000000000001,269264.406,11219.350250000001,19557.48000000001,255597.4128,13666.9932,0.0,CASE_01,52252.51,3502625.0756,177841.356,3324783.7195999995,7540.8612094625005,5725.660259478893,2008.3099248708945,153070070.5218623,6836429.639183711,25.548291017589023,78.8077929014495,596.4183102646971,1.4344802998036412,11217.794100722338,26.139995476444867,78.1755850793303,585.9289869934483,1.4139610427001683,11224.954033284781,9.44717552517705
13,14,25.749999884583332,0.5241959852828236,25.16166655,26.54666684,79.42173618666668,2.49923282113437,76.47000033,82.91666679,530.9451388875,30.7616774219278,477.25,569.85,1.4390336327083333,0.009041260329138812,1.427193405,1.453643099,3845.53,160.23041666666668,252.0000000000001,269457.46400000004,11227.394333333335,19231.52200000001,255795.43519999998,13662.0288,0.0,CASE_01,56098.04,3772082.5396000003,191503.3848,3580579.1547999997,8071.806348350001,5533.847005588877,2045.1096976400747,143067130.64775354,6938529.666900118,25.64915160712802,79.11478328126388,563.6797263715151,1.4367571052211616,11222.594510021569,26.096758032336666,78.31374148411592,579.8331205043246,1.4167407528603557,11225.224580796492,11.2070198973396
14,15,25.576180522083334,0.36764529857457207,25.18666655,26.32999935,80.00590283041667,2.551847220220584,76.79333356,84.22833316,515.6972222333334,30.487441499661166,474.2166667,566.3833333,1.4408799994166668,0.005266545847958149,1.431816949,1.448902146,4029.4,167.89166666666668,252.00000000000009,269243.8248,11218.4927,19231.522000000023,255560.28359999994,13683.5412,0.0,CASE_01,60127.44,4041326.3644000003,205186.926,3836139.4383999994,8587.503570583334,5805.881869649517,2046.2454136229949,138848292.55283827,6886228.667540978,25.6126649511213,79.56035665366049,539.6877421251706,1.438818615231207,11220.54354242022,26.040622552285683,78.49621246610684,572.9171485942222,1.4193437623389022,11224.498661307629,14.3993257739001
15,16,25.395802665,0.15117510336470188,25.18666655,25.763333,80.69034723666667,2.407022522068275,78.4,84.10166677,605.6659722166667,35.0230772102786,549.9833333,691.4166667,1.45043597825,0.00533482711198423,1.440315503,1.458839142,4029.4,167.89166666666668,252.00000000000023,268987.16080000007,11207.79836666667,19231.522000000023,255325.13199999998,13662.0288,0.0,CASE_01,64156.840000000004,4310313.5252,218848.9548,4091464.5703999996,9193.1695428,5844.386730760551,2049.196135392715,162916370.2597329,6831144.855095426,25.504232153507463,80.1253605664391,572.6773605525475,1.4446273853754017,11214.170857303987,25.972650760370023,78.7275007296981,576.3692695176596,1.4226212568327556,11222.738248865879,17.792803392748
16,17,25.375265862916667,0.2149710142578743,25.0816666,25.90999966,80.90430439666666,2.128632231281043,78.62666677,83.77500025,619.3571798500001,57.60448724494745,532.0666667,744.25,1.4428713806250002,0.006058447788030895,1.433563632,1.453408267,3986.99,166.12458333333333,252.0,269096.67809999996,11212.361587499998,19231.522000000023,255439.61369999996,13657.0644,0.0,CASE_01,68143.83,4579410.2033,232506.0192,4346904.184099999,9812.52672265,5752.713765838069,2052.9682335197544,166666959.65501925,6828399.749615204,25.439748516240954,80.51483545301045,596.0174482720115,1.4437493763015234,11213.266215500124,25.91083914518996,78.95273533331597,580.8172429803051,1.4247165439157248,11221.664572243091,21.6577637240387
17,18,25.48069450708333,0.22065560163549977,25.20166658,25.92666639,81.61062497583333,1.9310941122352305,79.75833321,84.29000003,555.3520833375,39.96461753281283,476.8666667,614.45,1.4334425572916665,0.004467951075283254,1.426532906,1.440330195,4012.71,167.19625,252.0,269183.16660000006,11215.965275000002,19231.522000000023,255504.58979999996,13678.5768,0.0,CASE_01,72156.54000000001,4848593.3699,246184.59600000002,4602408.773899999,10367.8788059875,5751.989284069843,2079.4954035413543,149491432.37069535,6858974.034583919,25.460221589760717,81.06273230448251,575.6846882414317,1.4385959471378227,11214.61575039813,25.867004429107325,79.22359268579062,578.2221669429638,1.425605785080165,11221.083774403507,26.520552831132
18,19,25.44242810791667,0.23794986532463028,25.13000002,25.89666627,82.03580867,1.9045007764739201,80.2799998,84.55333303,640.8838629875,105.06471824475588,486.35,844.2,1.426724798916667,0.008049225691533893,1.414577915,1.439434862,3967.7,165.32083333333333,252.0,269208.21200000006,11217.008833333335,19231.522000000023,255572.65999999997,13635.552,0.0,CASE_01,76124.24,5117801.581900001,259820.14800000002,4857981.4339,11008.762668975001,5660.815984661659,2087.190164361282,172531198.8545179,6849310.579870791,25.451324831869474,81.54927141524095,608.2843377933629,1.4326603617060143,11215.81229414796,25.824273308078208,79.50662576037254,584.5286997944897,1.4257184072714986,11220.673655441697,32.5334545268946
19,20,27.737253183333337,1.9479443381344128,25.09833333,30.29999943,82.63908998458334,1.1236179991693234,80.03166656,84.8549998,594.4152059375,39.27688780827627,489.9833333,653.55,1.429829647,0.009085063940960645,1.41459919,1.454787999,3999.8500000000004,166.6604166666667,252.0,268915.35,11204.80625,19231.522000000023,255263.24999999997,13652.100000000002,0.0,CASE_01,80124.09000000001,5386716.9319,273472.248,5113244.6839,11603.1778749125,5719.10411355295,2292.181361742654,159847373.15000486,7458973.147834698,26.594290097618025,82.09418121957863,601.3497652521078,1.4312450030032158,11210.309266825885,26.014847421709785,79.81868685455001,585.5136093429323,1.4261279755462728,11219.092919142899,39.5417147187192
20,21,28.121805597916666,1.1900409216785421,26.36833283,29.35999956,82.17861113041666,0.6128514761646631,81.22333323,83.20500018,531.35,32.694119348493224,478.6166667,589.5,1.4331869027916666,0.003772869718463686,1.428617175,1.442443804,4106.56,171.10666666666668,252.00000000000023,268605.94,11191.914166666667,19231.522000000023,254953.83999999997,13652.100000000002,0.0,CASE_01,84230.65000000001,5655322.871900001,287124.348,5368198.523899999,12134.527874912501,5885.468007528147,2311.010926516368,142723766.219,7553684.027125668,27.358048211955598,82.13639619512732,566.3498659368013,1.4322159533604264,11201.111712360542,26.22299777144779,80.05182819970058,580.1626847943963,1.4268253402075632,11216.407879213177,47.5384800692857
21,22,27.933872064166668,1.171271075363059,26.29999927,29.07666696,82.20505994125,0.6692461107040641,80.886667,83.33333308,519.5319204875,33.91966064763451,473.6333333,581.4833333,1.4518202016250001,0.0075230648145627734,1.442502515,1.469744891,3986.9900000000002,166.12458333333333,252.0,269241.308,11218.387833333334,19231.522000000023,255572.65999999997,13668.648000000001,0.0,CASE_01,88217.64000000001,5924564.179900001,300792.996,5623771.1839,12654.0597954,5788.39262567686,2296.30562742603,139879453.8198065,7520952.252060894,27.6459602067047,82.17072807637402,542.9408876310152,1.4420180798297222,11209.749774906411,26.39086446230005,80.2630978929973,574.213746399941,1.429277773266095,11216.602147341235,55.8406479112313
22,23,27.518867271666664,1.1965809626361663,25.89166625,28.89833295,83.03627402458334,0.5602592098552611,82.04333331,84.14166654,560.3115900375,32.314036320362895,500.3166667,640.75,1.4907377874583332,0.015196401075343017,1.470728326,1.519327039,4035.83,168.15958333333333,252.0,268689.6962,11195.404008333333,19231.522000000023,255034.28659999993,13655.4096,0.0,CASE_01,92253.47000000002,6193253.876100001,314448.4056,5878805.4705,13214.3713854375,6016.364284757965,2285.0642036162512,150549950.90451482,7394036.086992239,27.58241373161035,82.60350110206923,551.6262398696323,1.466377936547949,11202.576890764798,26.50092213514758,80.53367284981859,572.8573322455544,1.43527434178437,11214.533874258459,65.4975146664984
23,24,27.37263152,1.2607345399097427,25.57000027,28.80499964,83.49332957375,0.5016797052629003,82.56499952,84.29666659,536.2312499999999,25.656876880530206,472.1666667,575.7,1.5491480184166668,0.01727641890367122,1.519767374,1.581884549,3822.41,159.26708333333332,252.0,269431.27190000005,11226.302995833335,19231.522000000023,255767.58829999997,13663.6836,0.0,CASE_01,96075.88000000002,6462685.148000001,328112.0892,6134573.0588,13750.6026354375,5921.4788770760515,2285.4321448001774,144477467.72002688,7375042.925683632,27.477522619553177,83.04841536442858,543.9287444760097,1.5077629799490488,11214.43994400616,26.58558377204655,80.8211188579277,569.3001558172773,1.446333912819075,11215.676907836743,74.6938345249564
24,25,27.394951581249998,1.232454114971428,25.59833371,28.85499948,83.56071084374999,0.5507338350159797,82.12666677,84.563333,547.3877707125,30.181607378611403,484.1666667,592.9666667,1.6157981021249999,0.020743272609408572,1.586420029,1.662334512,3967.7,165.32083333333333,252.0,268589.392,11191.224666666667,19231.52200000001,254953.83999999997,13635.552,0.0,CASE_01,100043.58000000002,6731274.540000001,341747.6412,6389526.8988,14297.99040615,6411.002129801362,2289.1416276593627,147022548.52390578,7357993.389077376,27.436237099171183,83.30456311172308,545.6582576457984,1.5617805426468732,11202.83230499048,26.66389552152273,81.08619270793886,567.17998598443,1.462730706695978,11213.310989940248,81.5419579524476
25,26,27.54481547791667,1.2871826453863782,25.53666681,29.07833344,82.78779457,0.4712232826053482,81.82833341,83.66206847,611.4630747166666,88.53375010444363,527.9666667,825.2833333,1.5451310509166667,0.17166741300588506,1.235931891,1.68637706,3935.55,163.98125000000002,252.0,269380.75800000003,11224.198250000001,19231.522000000023,255708.80039999995,13671.9576,0.0,CASE_01,103979.13000000002,7000655.298000001,355419.59880000004,6645235.6992,14909.453480866667,6080.940507435088,2280.3745252543217,164716386.5561863,7420043.272411326,27.4905262893529,83.04617883701133,578.5606666715166,1.5534557966577216,11213.51527765443,26.748868215906757,81.25032759208895,571.4514902657367,1.4706789648955825,11214.36116460711,82.8472745459845
26,27,28.0347387475,1.321309842708521,26.10000038,30.08333365,82.37127354083333,0.6981709978799426,80.76499952,83.58499997,844.3735758291667,225.69557228154417,544.1,1264.366667,0.5581212225000001,0.4327686220705447,0.0,1.209533093,4106.56,171.10666666666668,252.0,269078.1135,11211.588062499999,19231.522000000023,255421.0491,13657.0644,0.0,CASE_01,108085.69000000002,7269733.411500001,369076.6632,6900656.7483,15753.827056695833,2291.9582874696007,2309.2571340161217,227202448.87336135,7543534.614642653,27.7626325204538,82.70872618640811,711.4671222405719,1.0557885058709506,11212.551670070035,26.872589509533515,81.35818050531536,597.7109562505294,1.3828763272082534,11214.094347869637,82.4824831050573
27,28,28.921944273333335,1.438193908504896,26.79333267,30.91833302,82.70895832875,0.3202704647084994,82.16166636,83.36166687,573.5055555541667,90.77580934165975,464.4333333,778.1,3.3763499999999996e-05,0.000161924057637369,0.0,0.000810324,3890.54,162.10583333333332,252.0,268915.35,11204.80625,19231.522000000023,255263.24999999997,13652.100000000002,0.0,CASE_01,111976.23000000001,7538648.761500001,382728.7632,7155919.9983,16327.33261225,0.13135824728999998,2392.1038836895564,154224447.19879317,7777554.766943929,28.34228839905295,82.70884225757949,642.4863386403958,0.5279111327189788,11208.67896002059,27.069363221844984,81.48787867740364,595.3868166544262,1.2500993821864674,11213.20252887841,82.2516268247695
0,1,25.321805466545914,2.4116433092317875,21.564999961853,28.8883332252502,52.52496667501736,8.075464307721997,42.0563335800233,64.7449998219808,671.7423611111109,78.92772288196697,609.783333333333,921.433333333333,2.940818079809342,0.04444302871100741,2.85363331635793,3.0341003537178,2221.2,92.55,123.400000000001,113673.23439999999,4736.384766666666,9663.9,0.0,58394.5824,55278.652,CASE_02,2221.2,113673.23439999999,58394.5824,0.0,671.7423611111109,6532.14511887251,1330.0269882815965,76359126.87099275,2878411.5282298746,25.321805466545914,52.52496667501736,671.7423611111109,2.940818079809342,4736.384766666666,25.321805466545914,52.52496667501736,671.7423611111109,2.940818079809342,4736.384766666666,1.05117766026507
1,2,23.349791551563516,2.5013292092072743,20.1986666170724,26.2599999427795,49.666147392331446,10.531434677809079,34.4813876043297,64.5966662724812,617.6694444444441,10.435568036619463,602.183333333333,633.2,3.0409066357098724,0.052160170482959234,2.88585828969278,3.11459738294278,2221.2,92.55,123.400000000001,113521.83329999998,4730.076387499999,9502.83500000002,0.0,58316.8068,55205.02650000001,CASE_02,4442.4,227195.06769999996,116711.3892,0.0,1289.411805555555,6754.461819238768,1159.6941887801693,70118967.70672579,2650711.1441063415,24.007129523224318,50.61908715322675,635.6937499999998,3.007543783743029,4732.179180555555,23.52890271550379,49.925804002929624,622.5806993642141,3.0318159403510596,4730.649355635028,1.2204517207189
2,3,21.123480066060434,3.694515459128819,13.2388332366788,26.3999999682108,41.453823150306846,13.461538366071398,15.8253831725567,63.0929993565465,617.7569444444441,14.685020016527156,597.316666666666,639.433333333333,3.07804072583159,0.10604325744226438,2.69753315597445,3.19781327724438,2221.2,92.55,123.400000000001,113689.34089999998,4737.055870833333,9502.835000000096,0.0,58402.8564,55286.4845,CASE_02,6663.599999999999,340884.40859999997,175114.2456,0.0,1907.1687499999991,6836.944060217127,875.6490069775012,70232379.85028675,2401514.526224699,22.359329833416382,45.38179343727251,625.4441468253965,3.0478277506507783,4734.965860714286,22.376843910546327,45.868213483877284,620.2703987899828,3.0539549482848374,4733.717707155293,1.33302399866082
3,4,24.818680458598617,1.8738942325349432,21.9199996948242,27.6750000317891,50.66045403431398,9.325292894807076,38.8812542253251,65.2933331807454,633.1541666666662,19.36044211142907,613.316666666666,672.116666666666,3.1402589754801062,0.023938888831618103,3.10110578934351,3.17670104900995,2221.2,92.55,123.400000000001,113670.01310000003,4736.250545833334,9502.83500000002,0.0,58392.9276,55277.0855,CASE_02,8884.8,454554.4217,233507.1732,0.0,2540.322916666665,6975.143236336411,1257.325620565162,71970642.41931956,2821139.7328536194,23.670983500180242,48.197079089027966,629.5561574074071,3.0971244038930865,4735.651026111112,23.178699885389484,47.441900601190035,624.5012005030013,3.0822956658135157,4734.549446621607,1.45350550780559
4,5,25.969860887527414,2.2356902557574236,22.7716663360595,29.8599999745686,55.917500032317946,8.866808248818822,44.9866662343343,66.4533339182535,664.4305555555553,42.62938194774722,620.95,775.583333333333,3.1720481632484288,0.03327024332404227,3.11713516712188,3.22138759295145,2221.2,92.55,123.400000000001,113682.8983,4736.787429166667,9663.899999999994,0.0,58399.5468,55283.3515,CASE_02,11106.0,568237.3200000001,291906.72,0.0,3204.7534722222204,7045.7533802074095,1452.1696970176067,75534391.27463469,2952329.0541419266,24.85750086139169,52.18181247911312,647.5558467741932,3.135794731302296,4736.237556720431,23.884387297643958,49.58478086688478,634.5965132486451,3.104987731090189,4735.1152742860395,1.61264165032769
5,6,26.153194228808033,1.6879700880671493,22.3233326594034,29.225,57.77054008602314,8.293976481754571,46.7520981090579,67.8766668955485,645.858333333333,22.735878808288582,620.35,704.3,3.2408356936938265,0.03321344289086801,3.21096232732137,3.35204565922419,2221.2,92.55,123.400000000001,113686.1196,4736.92165,9502.83500000002,0.0,58401.2016,55284.91799999999,CASE_02,13327.2,681923.4396,350307.9216,0.0,3850.6118055555535,7198.544242832727,1510.8841555729034,73425127.72798997,2973255.1670183,25.51563082579364,55.02053126357535,646.6936177248673,3.1891488709297398,4736.585032671958,24.356588109871296,51.28846137794146,636.9404062075843,3.1332614098240397,4735.491230506731,1.8037850697473
6,7,25.28652775155169,2.300739779607223,21.5199995358785,28.1966669400533,54.778736350007456,9.922351339137215,39.0599998474121,68.3816680908203,627.7555555555554,27.18966250091353,557.533333333333,694.1,3.3114995843834296,0.09416124298206834,2.9640318830808,3.39460308551788,2221.2,92.55,123.400000000001,113679.677,4736.653208333333,9502.83500000002,0.0,58397.89200000001,55281.785,CASE_02,15548.400000000001,795603.1166000001,408705.8136,0.0,4478.367361111109,7355.502876832474,1385.164036909397,71363048.79051109,2874564.3072479325,25.400177308065416,54.898681858312784,637.1500273403321,3.2508059233788433,4736.619388910761,24.52311033965311,51.91345717858272,635.2956953658945,3.1651781245542954,4735.699303299813,2.28657708352283
7,8,26.787083156903524,1.7971268200861228,23.5266666094462,29.4883332888285,54.03326383166774,9.271038262145453,41.208333269755,69.1899998982747,617.4854166666663,18.38206485027524,570.316666666666,643.35,3.331929233670229,0.0899123873022463,3.04933329423268,3.42575647433598,2221.2,92.55,123.400000000001,113663.5705,4735.982104166666,9502.835000000006,0.0,58389.618,55273.9525,CASE_02,17769.600000000002,909266.6871000001,467095.4316,0.0,5095.852777777775,7400.881213828312,1447.3935314977912,70185597.1900135,3044715.5148940664,26.09634965571749,54.4642759468988,627.2791639433548,3.291526643838833,4736.299496960784,24.88309345170581,52.25051714242731,632.463771102572,3.1916923930739576,4735.7442700659185,2.81616731358391
8,9,26.69333326021825,2.0214564605922867,23.4483331362406,30.3699999491373,61.87562502755055,7.5101602886153005,50.2900000254313,70.2333329518636,598.2562499999998,13.864446948156305,580.033333333333,616.466666666666,3.42471029857794,0.03741814815189786,3.36026832262675,3.49493995507558,2221.2,92.55,123.400000000001,113676.4557,4736.518987500001,9663.9,0.0,58396.2372,55280.2185,CASE_02,19990.800000000003,1022943.1428000001,525491.6688,0.0,5694.109027777775,7606.966515201319,1651.6666795447077,68007650.1003731,3034403.5158405364,26.39542559065329,58.17720229650124,612.739308817134,3.3582487878959983,4736.409456996087,25.144802902889005,53.642035376834386,627.51833153595,3.225380188402808,4735.856272284377,3.40202674906942
9,10,26.927708191341768,2.4957915341185695,23.2466665903727,30.9100000381469,62.76805542574984,6.965700683236686,53.8216664632161,70.669999440511,595.764583333333,14.098381434960768,574.933333333333,613.266666666666,3.4821561800108967,0.04749531287871174,3.41290844678878,3.54863235155741,2221.2,92.55,123.400000000001,113682.8983,4736.787429166667,9502.835000000006,0.0,58399.5468,55283.351500000004,CASE_02,22212.000000000004,1136626.0411,583891.2156,0.0,6289.8736111111075,7734.565307040203,1690.1998802425583,67728244.53782517,3061219.9117683833,26.661827048671377,60.47487267985929,604.2436495329639,3.4202630447511577,4736.598627818508,25.383494623246744,54.863808310934104,623.2672045493524,3.259756833971394,4735.980933666895,4.16890865555352
10,11,27.95102772368325,1.9266644137617077,25.289999961853,30.5696668752042,62.67930555343622,6.893904982738273,53.829999923706,70.9833335876464,630.4187499999997,25.04427760122317,603.65,681.15,3.513225950135121,0.035430148339744574,3.47139757474263,3.59872742096583,2221.2,92.55,123.400000000001,113666.7918,4736.116325,9502.835000000006,0.0,58391.272800000006,55275.519,CASE_02,24433.200000000004,1250292.8329,642282.4884,0.0,6920.292361111107,7803.57748044013,1751.9510072253092,71657676.80306622,3177103.648863932,27.306742286195636,61.577627571184536,617.3375932937088,3.4667672045524176,4736.35735860202,25.706441156401116,55.84684831104725,624.1667321190612,3.291638398541238,4735.9979633058265,4.99559433892768
11,12,28.21395820114344,2.092463889513096,24.6816666285196,31.3183333396911,60.04763867325247,8.235186775724975,46.8183329900105,69.8250003814697,606.9604166666663,21.53258986316498,577.6,649.416666666666,3.5866053692168616,0.040118753993534775,3.53933285077412,3.69617638190587,2221.2,92.55,123.400000000001,113673.23440000002,4736.384766666667,9502.835000000006,0.0,58394.5824,55278.652,CASE_02,26654.400000000005,1363966.0673,700677.0708,0.0,7527.252777777774,7966.567846104493,1694.1815676045096,68995153.71527164,3207171.883950381,27.760461014843525,60.81244631038725,612.1477379256544,3.5267009191391776,4736.371065980871,26.006210982477285,56.349046371435755,622.109743433225,3.326901248571728,4736.044205055787,5.81319419469111
12,13,26.604374889532682,1.9967438042398866,23.473333231608,30.2599994341532,64.79625001748383,5.599680052315903,57.4333333333333,72.5149997711181,624.0687499999996,22.657368554763604,580.483333333333,655.483333333333,3.7347333826952465,0.05644589825139393,3.66406861543655,3.87663587331771,2221.2,92.55,123.400000000001,113686.1196,4736.92165,9502.835000000006,0.0,58401.2016,55284.91799999999,CASE_02,28875.600000000006,1477652.1869,759078.2724,0.0,8151.321527777774,8295.589789642681,1723.8637269010285,70947954.55112246,3024548.1455746493,27.18234738167624,62.80459134570255,618.1089716524908,3.630729849761282,4736.64639159952,26.074814695377313,57.31786031508264,622.3344228605376,3.3736757167581297,4736.144839648293,7.10629679332782
13,14,25.65986105733442,1.9761733388051528,22.4083329836527,28.358333269755,65.16402767499315,7.312257577181801,50.4799999872843,74.7699989318847,635.9694444444441,31.084924619182285,575.55,695.25,3.879449157416817,0.046851688570903854,3.81197979052861,3.99031008084615,2221.2,92.55,123.400000000001,113679.677,4736.653208333333,9502.8350000001,0.0,58397.892,55281.785,CASE_02,31096.800000000007,1591331.8639,817476.1644,0.0,8787.290972222218,8617.032468454234,1672.0998960766192,72296801.02631384,2917004.7168626552,26.42105775407396,63.98438151902542,627.039753140111,3.7550970943632564,4736.649800174469,26.02881024018146,58.18773738489362,623.8460899048605,3.4297490450937387,4736.201200702275,8.69622891141414
14,15,25.15367362391322,1.9401470783636994,18.4354998810992,27.3549998283386,66.67670707008992,5.207892408119377,50.0934734435005,72.8399998982669,620.4361111111108,20.52097485380795,571.833333333333,649.133333333333,3.986946180688026,0.06341443058104018,3.72037721629517,4.03945067723592,2221.2,92.55,123.400000000001,113679.677,4736.653208333333,9502.835000000006,0.0,58397.892,55281.785,CASE_02,33318.00000000001,1705011.5409,875874.0564,0.0,9407.727083333328,8855.804856544242,1677.1641279583089,70530976.71024719,2859461.4929298745,25.7873463496563,65.33058537743909,623.7378313589548,3.87102517536991,4736.651504305907,25.934441557138463,59.10312919308917,623.4783813642866,3.489833332396885,4736.249942080564,10.2161600725886
15,16,29.233680412769345,2.3186081883887626,26.0983337084452,33.0316663742065,68.31812513536897,3.058061209712145,59.5333333333333,73.0241671244284,590.7340277777774,35.507048230665156,549.716666666666,641.666666666666,4.026266167726777,0.05490759861524311,3.96456506649653,4.18824279308319,2221.2,92.55,123.400000000001,113676.4557,4736.518987500001,9502.83500000002,0.0,58396.2372,55280.2185,CASE_02,35539.200000000004,1818687.9966,934270.2936,0.0,9998.461111111104,8943.142411754716,1997.190236606961,67152550.53916308,3323181.1763901324,27.51053967505629,66.82437804987133,607.2356777654854,3.9486468559611945,4736.585244891916,26.282221117596794,60.07450088779435,620.0267316365404,3.546379822011615,4736.278302712155,12.4693941117117
16,17,28.379582668349467,2.528156150520557,23.958333047231,32.3133340517679,72.37774316734718,2.266801820501236,67.4483331044514,75.6950008392334,581.2173611111107,36.64719226498303,535.316666666666,639.916666666666,4.260431253247787,0.09358449505280528,4.15305151939392,4.5343067963918,2221.2,92.55,123.400000000001,113676.4557,4736.518987500001,9502.835000000006,0.0,58396.2372,55280.2185,CASE_02,37760.4,1932364.4523,992666.5308,0.0,10579.678472222215,9463.269899713983,2054.050145566295,66070729.60241808,3226090.371983116,27.9450644868641,69.6010817931776,594.2264201855394,4.104540243976652,4736.552115943205,26.499235818874386,61.34752148220967,616.0111130855447,3.6202629624701332,4736.303206447668,14.8194184792331
17,18,24.94636793706145,1.7554836745220554,21.7933334350585,27.7499997138977,77.21972922325064,1.1834474163118487,75.322000391661,79.3283332824707,593.1368055555553,38.92638082994299,537.733333333333,648.816666666666,4.614930057227603,0.10211199284943387,4.49148023923238,4.83105907440185,2221.2,92.55,123.400000000001,113658.7827,4735.7826125,9502.83500000002,0.0,58387.9632,55270.8195,CASE_02,39981.6,2046023.235,1051054.494,0.0,11172.81527777777,10250.682643113953,1926.3517772034668,67415207.29401101,2835373.8125127144,26.445710492381192,73.41042003968631,593.6816107922645,4.359736124097154,4736.167362753886,26.340987832771997,62.96500931838416,613.680062812368,3.721626424507816,4736.250154320852,17.9702846243061
18,19,26.38381942245691,2.2924183546283072,21.6583336194356,28.5366665840148,75.55722207493272,2.6317352932349927,70.5933339436849,79.7291657129884,617.064583333333,30.70847705096018,558.2,652.116666666666,4.770578666196925,0.0720823964194459,4.66405952771504,4.90293447176615,2221.2,92.55,123.400000000001,113694.1287,4737.2553625,9502.835000000006,0.0,58404.5112,55289.61749999999,CASE_02,42202.799999999996,2159717.3637,1109459.0052,0.0,11789.879861111103,10596.409333356609,1993.4881032875,70156620.15371184,2999685.3610143755,26.414764898395013,74.48382310466339,605.3731193625815,4.5651577869577675,4736.711363664543,26.345298581514562,64.23234181072742,614.020694987995,3.827197326501794,4736.351322639052,21.6575748738069
19,20,27.879930530654008,2.1754215879249683,23.9966667811075,30.7066665331522,73.09798605971928,1.3802457189218327,70.4816666920979,76.0225006103632,582.0062499999998,55.2362463634739,514.666666666666,656.533333333333,4.992004259228659,0.11497101854376238,4.85411206086476,5.29550845225603,2221.2,92.55,123.400000000001,113697.43830000001,4737.393262500001,9502.835000000006,0.0,58407.8208,55289.6175,CASE_02,44423.99999999999,2273414.802,1167866.8260000001,0.0,12371.886111111104,11088.239860598696,2037.9667732756884,66172619.69958936,3169876.6813173206,27.14734841317059,73.7909039213721,593.6896735390884,4.778581226629665,4737.052313407427,26.498181069846513,65.11555146514115,610.8313647938232,3.9432372554251085,4736.4551223538465,26.9089797439284
20,21,26.858055420716557,1.4857904610632289,23.9716665585835,29.3349996248881,78.47418053997863,2.032669191021205,74.7166673024495,80.6150001525879,575.452083333333,56.943742606616716,502.516666666666,645.816666666666,4.890871883365602,0.5633375319590187,3.69757094701053,5.42932838360429,2221.2,92.55,123.400000000001,113689.3409,4737.055870833333,9502.83500000002,0.0,58402.8564,55286.4845,CASE_02,46645.19999999999,2387104.1429000003,1226269.6824,0.0,12947.338194444437,10863.604627331673,2107.663890038063,65422768.073698506,3053474.6186369373,27.00270184797072,76.13254334725606,584.5708740880283,4.834726581769825,4737.054092121229,26.533733731898018,66.43527548498552,607.3361792260024,4.036855857567827,4736.514471422814,31.1026522411133
21,22,26.84444432655965,2.1114584511128895,23.9099996566772,29.8416664441426,79.95892385111887,1.1494175237731878,77.7499998728434,81.5066660563151,603.8052083333382,51.05060249515399,509.316666666666,674.383333333333,2.98254322551659,1.4435463485235724,1.19049300273957,5.46232446432137,2221.2,92.55,123.400000000001,113686.1196,4736.92165,9502.83500000002,0.0,58401.2016,55284.91799999999,CASE_02,48866.39999999999,2500790.2625,1284670.884,0.0,13551.143402777776,6624.825012517449,2146.452879732983,68644271.1296868,3051840.708304802,26.92357306839941,78.04573405532767,594.1880435035952,3.908634682845693,4736.987871044826,26.56421987548002,67.76218191471781,606.9897292256899,3.9334093487159585,4736.554422762681,33.1008214731279
22,23,28.22326378822289,2.287246611999763,24.643333085378,31.3483333269677,79.94413198100199,1.02708034070821,78.4766684214274,81.9016671498616,583.6527777777774,65.07833984021114,511.416666666666,677.75,1.3299126717550458,0.9286152343635784,0.398439193763382,3.08342377304992,2221.2,92.55,123.400000000001,113658.69440000001,4735.778933333334,9663.9,0.0,58386.30840000001,55272.386,CASE_02,51087.599999999984,2614448.9569,1343057.1924,0.0,14134.796180555553,2954.0020265023077,2256.2843252203247,66337212.705155514,3207819.313876212,27.57341850577876,78.99493313131818,588.9204100127354,2.619273523596542,4736.383402117021,26.72609049377295,68.95075792171627,604.712775173461,3.679389781430058,4736.47875933241,41.6172947490675
23,24,27.316041609975986,1.068961068634734,25.1316671053568,29.2249997774759,79.4413191662893,0.7381260470941112,77.9950008392334,80.7308333079039,560.5979166666664,49.312535103611516,504.716666666666,622.95,0.09818541389945983,0.1639027781417402,0.0,0.487475230296452,2221.2,92.55,123.400000000001,113682.8983,4736.787429166667,9502.835000000006,0.0,58399.5468,55283.351500000004,CASE_02,53308.79999999998,2728131.8552,1401456.7392,0.0,14695.394097222219,218.08944135348014,2170.0223798977413,63730395.94760851,3105366.7803054685,27.444730050206942,79.21812616210708,574.7591624956248,1.3587293936137157,4736.585415653885,26.783387372820066,69.96961592919868,600.4282783013939,3.331578195259957,4736.508737779222,48.8360817061528
24,25,25.673166521654736,1.2206421989009162,24.0566664377848,28.5216667811075,74.63769879326061,10.848503850330056,36.6588688331659,80.9850001017019,560.8900000000059,58.07977446652571,487.478333333383,633.166666666666,0.0,0.0,0.0,0.0,2221.2,92.55,123.400000000001,113697.35,4737.389583333334,9502.835000000006,0.0,58406.166,55291.184,CASE_02,55529.99999999998,2841829.2052,1459862.9052,0.0,15256.284097222226,0.0,1916.1860699124884,63771706.641500674,2918970.9996208614,26.558948259532485,76.92791240943016,567.8245810411487,0.6793646765602116,4736.9874995055925,26.675966079100395,70.42128417153246,596.6026854005531,3.0092257196354697,4736.59396547864,52.8017273817821
25,26,25.807152750756956,1.7755568584614227,22.8966662724812,27.9216667811075,76.6392710871167,2.091153975836447,72.1649998982747,79.8066668192545,617.4930555555552,47.01721781665875,515.933333333333,709.466666666666,0.0,0.0,0.0,0.0,2221.2,92.55,123.400000000001,113644.2427,4735.176779166667,9502.835000000006,0.0,58379.6892,55264.5535,CASE_02,57751.199999999975,2955473.4479,1518242.5943999998,0.0,15873.77715277778,0.0,1977.8413756518917,70174530.6711201,2932834.330602996,26.183050499543405,76.78359174612288,592.658818668411,0.33968233321844443,4736.08213932264,26.592161178450507,71.02106522771908,598.6177504764048,2.7189586919092914,4736.4572650457585,55.3739879880468
26,27,25.885138886504652,1.7228598892029914,22.8966662724812,27.9216667811075,76.59579888714688,2.05118779920075,72.1649998982747,79.8066668192545,618.9076388888885,47.75826474412148,515.933333333333,709.466666666666,0.0,0.0,0.0,0.0,2221.2,92.55,123.400000000001,113644.2427,4735.176779166667,9502.835000000006,0.0,58379.6892,55264.5535,CASE_02,59972.39999999997,3069117.6906,1576622.2835999997,0.0,16492.68479166667,0.0,1982.6928923165756,70335289.92277281,2941697.0059411423,26.034094691914223,76.68969531593531,605.7832288764342,0.16984116534380692,4735.6294592412805,26.524134335597118,71.55744369119817,600.5699619784638,2.457351416203292,4736.334061841751,56.7719754505572
27,28,25.885138886504652,1.7228598892029914,22.8966662724812,27.9216667811075,76.59579888714688,2.05118779920075,72.1649998982747,79.8066668192545,618.9076388888885,47.75826474412148,515.933333333333,709.466666666666,0.0,0.0,0.0,0.0,2221.2,92.55,123.400000000001,113644.2427,4735.176779166667,9502.835000000006,0.0,58379.6892,55264.5535,CASE_02,62193.59999999997,3182761.9332999997,1635001.9727999996,0.0,17111.59243055556,0.0,1982.6928923165756,70335289.92277281,2941697.0059411423,25.959616788931985,76.6427471013662,612.3454339071075,0.08492058235554963,4735.40311920313,26.462779655143976,72.04121344808125,602.3306980035637,2.2214029268731146,4736.222942570362,65.5053839144767
0,1,17.516329993894047,3.180873484560803,13.9383333683013,22.4950000445048,52.77261646034717,9.235824916728886,41.371666653951,63.6881353733903,902.1069915254011,344.04137599035863,432.816666666666,1370.26666666666,1.696655788216489,0.019922916857261587,1.66178980072339,1.7261785964171,1281.47,53.39458333333334,104.1099999999999,176325.9437,7346.9143208333335,23630.983500000017,138943.6546,13961.547600000002,23420.7415,CASE_03,1281.47,176325.9437,13961.547600000002,138943.6546,902.1069915254011,2174.213492925784,924.3825645606458,159064866.59908426,3088583.416333983,17.516329993894047,52.77261646034717,902.1069915254011,1.696655788216489,7346.9143208333335,17.516329993894047,52.77261646034717,902.1069915254011,1.696655788216489,7346.9143208333335,0.685390812447863
1,2,17.516329993894047,3.180873484560803,13.9383333683013,22.4950000445048,52.77261646034717,9.235824916728886,41.371666653951,63.6881353733903,902.1069915254011,344.04137599035863,432.816666666666,1370.26666666666,1.696655788216489,0.019922916857261587,1.66178980072339,1.7261785964171,1281.47,53.39458333333334,104.1099999999999,176325.9437,7346.9143208333335,23630.983500000017,138943.6546,13961.547600000002,23420.7415,CASE_03,2562.94,352651.8874,27923.095200000003,277887.3092,1804.2139830508022,2174.213492925784,924.3825645606458,159064866.59908426,3088583.416333983,17.516329993894047,52.77261646034717,902.1069915254011,1.696655788216489,7346.9143208333335,17.516329993894047,52.77261646034717,902.1069915254011,1.696655788216489,7346.9143208333335,1.33735303881189
2,3,17.36073329190606,3.003264677343029,13.8566665331522,22.2000000953674,53.20366317762432,8.610426221927424,41.9670000203729,62.3218754529953,970.3311140892089,365.789972919567,455.233333333333,1425.0238095238,1.714184496152659,0.019090685416856157,1.67976999084154,1.73613099381327,1039.87,43.32791666666666,97.6799999999999,176325.9437,7346.9143208333335,23630.983500000017,138943.6546,13961.547600000002,23420.7415,CASE_03,3602.81,528977.8311000001,41884.6428,416830.9638,2774.545097140011,1782.5290320142653,923.6546065791392,171094549.39325213,3061147.681019344,17.427417592758054,53.01892887021983,941.0922044190055,1.7066721927514432,7346.9143208333335,17.441808141948783,52.979062993184996,934.782413920846,1.705051028995512,7346.9143208333335,1.57835987639337
3,4,18.15091340244926,3.2333666913792483,13.8357143061501,22.6129032258064,51.73374313025391,7.8350161751733065,38.9346152819119,62.0500000224394,757.2708342856118,207.46585593526402,453.095238095238,1075.73333333333,1.7296496201060172,0.024005829462231332,1.68755195538202,1.75577880874756,431.9,17.995833333333334,61.70000000000101,176325.9437,7346.9143208333335,23630.983500000017,138943.6546,13961.547600000002,23420.7415,CASE_03,4034.71,705303.7748,55846.19040000001,555774.6184,3531.8159314256227,747.0356709237888,939.014691541793,133526494.49189682,3200476.9347038437,17.813282024593363,52.33349647557134,843.0541403478622,1.7189268206738826,7346.9143208333335,17.674665779524304,52.570121955145964,876.4907478189954,1.7131287716562218,7346.9143208333335,1.85188256471435
4,5,16.75184802971268,1.8021398990448723,14.3000001907348,19.4260868404222,51.081657341413596,6.265855068137161,41.8937498331069,58.3965530395507,556.5522619174453,65.70454710223358,472.16,679.642857142857,1.762563139633869,0.005248437256600384,1.75549897025613,1.77285600997306,617.0,25.708333333333332,61.70000000000101,176325.9437,7346.9143208333335,23630.983500000017,138943.6546,13961.547600000002,23420.7415,CASE_03,4651.71,881629.7185,69807.73800000001,694718.273,4088.368193343068,1087.5014571540971,855.7121608892176,98134602.80096312,2953785.4125580736,17.265445124009787,51.68738595471573,695.1822030934535,1.7414487917500046,7346.9143208333335,17.441350370865237,52.193794419510226,795.6009094959671,1.7256272306085576,7346.9143208333335,1.96809572828989
5,6,16.673318172814632,1.9224604434445303,13.9161290199525,19.4920000457763,49.79366867144105,6.316372415937142,41.8476189204624,57.5700000762939,448.02298318736274,30.192251881185353,415.894736842105,527.59375,1.7787802400195505,0.004869463518207714,1.77155499247943,1.78649724647402,733.97,30.582083333333333,61.70000000000101,176325.9437,7346.9143208333335,23630.983500000017,138943.6546,13961.547600000002,23420.7415,CASE_03,5385.68,1057955.6622,83769.28560000002,833661.9276,4536.391176530431,1305.5713327671494,830.2256807506486,78998075.30980097,2939938.5614318997,16.964682228164627,50.72549781083018,569.6410120300424,1.76041079722025,7346.9143208333335,17.281501851912516,51.69426256771686,723.260430955994,1.7366898264916373,7346.9143208333335,2.58613427102048
6,7,18.541127727524103,3.658976194655828,13.781081148096,23.9066664377848,47.13805914784604,7.580022405707761,30.8310344959127,56.5916662851969,762.932169392316,330.04535598795627,412.793103448275,1291.51111111111,1.76895196651065,0.023839129791237895,1.72736723423004,1.80173212091128,850.94,35.45583333333334,110.54000000000008,176325.9437,7346.9143208333335,23630.983500000017,138943.6546,13961.547600000002,23420.7415,CASE_03,6236.620000000001,1234281.6058999998,97730.83320000002,972605.5822000001,5299.323345922747,1505.2719863825725,873.9927754877995,134524734.7471884,3269281.843817924,17.7591114561883,48.91765470507439,667.0475795196921,1.7647150085161996,7346.9143208333335,17.507060264627004,50.87839332329426,730.3643611979609,1.7424669363735121,7346.9143208333335,2.85568826365788
7,8,18.30312974078445,3.863388860120372,13.8963636051524,24.839999516805,46.11775532602808,8.402441128657918,36.4272727272727,56.3199999491373,903.6682588085099,374.04736711157307,481.526315789473,1443.73333333333,1.7870060951154254,0.03022372858370558,1.73157765269279,1.82536131540934,1010.32,42.09666666666667,61.700000000001,176325.9437,7346.9143208333335,23630.983500000017,138943.6546,13961.547600000002,23420.7415,CASE_03,7246.9400000000005,1410607.5495999998,111692.38080000003,1111549.2368,6202.991604731256,1805.4479980170167,844.099259086045,159340158.52614635,3227316.6242073546,18.03218730100519,47.512215016768785,785.8218812803536,1.775904259828752,7346.9143208333335,17.6336393318551,50.1214278383051,757.9205561828797,1.7495488875568288,7346.9143208333335,3.47504755541329
8,9,18.703888804382697,3.743517983719436,13.8799998442331,24.4166663487752,46.96791665289131,8.088880092337833,35.8583330154418,57.4000003814697,986.7569444444222,394.4423893212066,493.6,1612.83333333333,1.8021347908510041,0.027134970854182337,1.75608999927838,1.83480964104334,1120.86,46.70249999999999,110.540000000001,176325.9437,7346.9143208333335,23630.983500000017,138943.6546,13961.547600000002,23420.7415,CASE_03,8367.800000000001,1586933.4932999997,125653.92840000003,1250492.8914,7189.748549175679,2019.9408016732564,878.4826904491935,173990849.43169123,3297980.844292644,18.36869529486946,47.2395332532607,886.4860225132334,1.7890451912215046,7346.9143208333335,17.788367120276938,49.665519357144866,791.0038224446496,1.7571513211274397,7346.9143208333335,4.07519653207845
9,10,18.847251422837427,4.153418646272478,13.9133332411448,25.6016670544942,48.08292063013139,8.773976581793116,37.8178331502247,58.7850002924601,1010.5725365497061,436.6243159581213,479.45,1714.85,1.8151454670274074,0.03392618997704288,1.75472357869148,1.85323981841405,893.35,37.22291666666667,61.70000000000101,253920.41330000001,10580.017220833333,23634.204799999978,206494.0458,17507.784,29918.5835,CASE_03,9261.150000000001,1840853.9065999999,143161.71240000002,1456986.9372,8200.321085725385,1621.5602029689344,906.2308942604229,256604996.15033075,4785701.870855893,18.608207257254207,47.66163915449021,948.5899278765512,1.802108085857499,8965.045977529326,17.930128389075072,49.4536442703226,820.399233656848,1.7649154589900593,7779.755536961139,4.46614321782041
10,11,19.600486052036242,4.432487309178475,14.0166667302449,26.8166663805643,49.5805112078898,8.458480496315937,39.6716667811075,58.9983334223429,983.9638888888875,348.0687592600618,504.983333333333,1457.25,1.8275503682759051,0.03801835250433129,1.76132248441378,1.86720404227574,1084.88,45.20333333333334,61.70000000000101,253742.6165,10572.609020833333,23637.42610000001,206370.2818,17522.6772,29849.6575,CASE_03,10346.030000000002,2094596.5230999999,160684.38960000002,1663357.219,9184.284974614273,1982.6728435351642,971.8021183830706,249673571.7081816,4973478.615515431,19.104589028556994,48.62154388467154,966.2855488226345,1.8148354415958712,9769.220162357515,18.14022742004353,49.46960170341364,840.9725374030769,1.7727937320315494,8131.043062746608,5.03873507035506
11,12,20.3860289761726,4.110476243044003,15.1483334859212,26.6766668319702,48.38034923892719,8.28663171464192,37.4033343633015,59.2083331425984,635.2402059386969,67.11988388135222,519.916666666666,808.0,1.8396364602278747,0.037160546020498675,1.78165224790573,1.88155815442417,1231.4,51.30833333333334,104.11,254126.4603,10588.6025125,23630.9835,206713.7269,17545.8444,29866.889000000003,CASE_03,11577.430000000002,2348722.9834,178230.23400000003,1870070.9459000002,9819.52518055297,2265.3283371246052,986.2832014621197,161431344.9754441,5180629.3832879765,19.745465466338864,48.50091711190367,800.7224567038788,1.827238979119276,10179.011384113757,18.408709559893385,49.339383237893415,816.3775519569622,1.780784677914802,8424.840534779396,5.97483305759368
12,13,20.06291650931036,2.2615541042383662,16.6516668955485,23.489999961853,48.305624866485545,7.0068339734260565,39.9416672388712,56.664999516805,640.5979166666663,24.011026745683843,566.883333333333,683.766666666666,1.867632405211524,0.02306548159220348,1.83494296073913,1.91202950874964,1153.01,48.04208333333333,61.70000000000101,254232.95630000002,10593.039845833335,23634.204800000007,206803.4558,17507.784,29921.7165,CASE_03,12730.440000000002,2602955.9397,195738.01800000004,2076874.4017000003,10460.123097219635,2153.3988395329393,969.1517186263658,162861102.1537876,5100654.57616205,19.904210365864106,48.40325906804667,720.6504122657856,1.8474381578854642,10386.050888350526,18.598431369077247,49.22082098148917,796.2172990716095,1.790745286502529,8673.512380892324,6.71782171357832
13,14,19.637519743896622,3.1603787898768965,15.8999996185302,24.8799995422363,52.101135947023316,6.9205042494067115,44.1758336385149,62.3166671752929,974.3939484126968,478.9382750472767,453.2,1679.75,1.9011005230543585,0.02792400279295169,1.85207332968711,1.93384236892064,948.62,39.52583333333333,61.70000000000096,253820.4759,10575.8531625,23634.20479999995,206447.6343,17502.8196,29870.022,CASE_03,13679.060000000003,2856776.4156,213240.83760000003,2283322.0360000003,11434.517045632332,1803.4219781798256,1023.1370858391124,247321135.70019072,4984404.606891487,19.77085691563169,50.252310364669796,847.5299244500923,1.8742709782152929,10480.95781808455,18.71363145458407,49.54015140453792,815.9711195712187,1.8029799847197103,8884.418234537752,7.56095171477643
14,15,21.58239756320647,3.6147324249277704,16.8949995994567,27.3883329391479,54.51026687343214,6.692574832014592,46.5099998474121,62.1033334732055,947.7030701754369,369.13613509005495,456.333333333333,1575.56666666666,1.9119729531307972,0.03268904654970539,1.86088844537734,1.95182260274887,1158.07,48.252916666666664,91.24999999999989,253782.38040000002,10574.265850000002,23637.42610000001,206425.9756,17517.7128,29838.692000000003,CASE_03,14837.130000000003,3110558.796,230758.55040000004,2489748.0116000003,12382.22011580777,2214.198517832182,1176.4622509388962,240510341.06151065,5477232.228329698,20.67665488217929,52.381353592294,897.6180258803131,1.8931225409770844,10527.613257853302,19.022979360495604,50.07609429922697,830.1761824860986,1.814733032985204,9066.639719789428,8.65654294027983
15,16,23.07707497624573,1.827625292861441,19.6999999046325,27.2283332506815,50.597089766625366,8.153115178914518,39.3399998982747,60.5399997075398,686.1501530131815,215.6386939794636,465.616666666666,1116.96666666666,1.925005026829553,0.022896175238275265,1.89366604487101,1.97230236927668,890.75,37.114583333333336,110.53999999999908,253788.64759999997,10574.526983333331,23627.7622,206466.19889999996,17497.8552,29824.5935,CASE_03,15727.880000000003,3364347.4436,248256.40560000003,2696214.2105,13068.37026882095,1714.6982276484243,1167.632834124249,174137119.38374835,5856699.648785205,21.876883243243896,51.48920806639929,791.882476050296,1.9090640271510935,10551.0704785221,19.450329926186008,50.131013504104594,814.9941021892564,1.8263570308914479,9225.589220775386,10.1161795115087
16,17,20.603190700352503,3.258371980810249,16.9949999809265,26.1733333269755,54.3496453317681,7.095412513734794,44.2060001944898,64.6399978637695,941.8214181287977,326.0003761888311,550.933333333333,1433.86666666666,1.960126591410196,0.05060849491344867,1.86337133248647,2.01737786531448,2906.75,121.11458333333333,345.85000000000014,254239.996,10593.333166666667,23634.20480000004,206791.0794,17519.3676,29929.549,CASE_03,18634.630000000005,3618587.4395999997,265775.77320000005,2903005.2899,14010.191686949749,5697.597969581587,1119.7761072669414,239448673.5777799,5238155.121244858,21.24003211300967,52.91943761086916,866.852519065583,1.934595504070355,10572.201983814975,19.569616816150504,50.567516750553445,828.1169669965097,1.8401982120676705,9367.110144402175,11.3346863484218
17,18,18.63013881908519,2.9616413448914285,15.3999997615814,23.7283329327901,59.66112862030633,5.346953103564342,51.7599999745686,65.1749979654948,683.1061111111602,194.38388241629684,439.016666666666,1167.5,2.0102978362805253,0.02689442417251759,1.96223740776379,2.06103688081105,4782.66,199.2775,320.1300000000001,254064.7122,10586.029675,23634.204799999978,206679.6918,17496.2004,29888.82,CASE_03,23417.290000000005,3872652.1517999996,283271.9736,3109684.9817000004,14693.297798060908,9614.571049665417,1111.4951082996033,173553157.52151814,4733260.857316927,19.935080488052034,56.29029597439193,774.9789646185748,1.9724468145667309,10579.115855781814,19.47387750518638,51.494218746028494,813.3393570171925,1.8575325412039208,9491.32648192651,13.1630873509911
18,19,17.21960293380508,2.162087236853937,14.5666669209798,20.5150000572204,60.13898347580067,4.901229495923727,53.4633332570393,65.3900011698404,420.4671085858583,25.89415019211603,394.933333333333,496.283333333333,2.0731306881275775,0.013643277013492302,2.05475465854009,2.1026962796847,4773.769999999991,198.90708333333296,320.1300000000001,254173.5355,10590.563979166667,23630.9835,206787.98529999997,17506.1292,29879.420999999995,CASE_03,28191.059999999998,4126825.6872999994,300778.10280000005,3316472.967,15113.764906646767,9896.649085062767,1035.5694162959526,106871611.55073,4376767.35759141,18.57733912124242,58.214643395497724,597.7226985127197,2.0227888473669617,10584.839928392043,19.246997967315725,52.36426370496597,773.7990652985626,1.8792312324639815,9601.9583004947,14.3707268928921
19,20,16.800384479534078,2.3085771774097688,13.8489999644012,20.0816669782002,60.639194501771556,4.752729895142765,53.8466664632161,65.8473329162632,402.3138888888886,5.814347409853471,391.433333333333,411.133333333333,2.1114540342889327,0.0126808572275029,2.09593081076939,2.13963983853658,4953.66999999999,206.40291666666624,352.28,253770.4331,10573.768045833333,23404.77470000001,206419.7874,17497.8552,29852.7905,CASE_03,33144.72999999999,4380596.120399999,318275.95800000004,3522892.7544,15516.078795535655,10459.446506036036,1018.761782159011,102095369.82547854,4263440.845617881,17.688860953069437,59.4269201047518,500.0182005225338,2.067121483106843,10579.303981833196,19.003262420034623,53.18862554084442,736.7911180967651,1.902365639257952,9698.771541047863,15.7873016268232
20,21,16.954345709677977,2.431937396395151,13.8859646780449,20.5383334795633,62.15562485088793,3.7014853774296013,57.29483328502,66.2293336486909,396.26820175438564,5.2514097576779015,387.233333333333,403.8,2.144872775105069,0.015274645760691334,2.12037655115127,2.17531693379084,4135.96999999999,172.33208333333292,281.5500000000002,253317.6917,10554.903820833333,24029.70689999999,206067.06,17473.0332,29777.5985,CASE_03,37280.69999999998,4633913.8121,335748.99120000005,3728959.8144,15912.34699729004,8871.129451651292,1053.8079515230056,100381746.16253085,4294835.719459424,17.321603156251545,60.79127312839409,448.1431764025206,2.105997147643318,10567.103895515811,18.800846095562264,54.07449221990979,703.1502205550416,1.926323374020117,9783.35045460758,17.8398731788375
21,22,16.795674595946313,2.2648663742113073,14.1016669273376,20.0716669400533,64.33768544431578,2.3198136218590726,61.4289998753481,67.2633340199788,386.8712301587298,15.199820496933915,365.9,406.616666666666,2.185617759305559,0.01578646361852485,2.16916801532109,2.21909266710281,4492.22,187.17583333333334,300.84000000000015,254175.0934,10590.628891666667,23630.9835,206769.4207,17530.9512,29874.7215,CASE_03,41772.919999999984,4888088.905499999,353279.94240000006,3935729.2351,16299.21822744877,9818.275810707619,1080.5948289790795,98333031.05936806,4269042.159140661,17.05863881340334,62.56447970912033,417.5071959764383,2.1458074629659576,10578.866396395637,18.604103701533493,55.08149097574501,672.1177199617053,1.9517646882064832,9862.558588368323,20.2461426332906
22,23,16.966198172643303,2.8358473279339256,13.8399999777475,21.8200000127156,64.65060869595358,2.2121419041583814,61.4859978330787,67.1499987284342,450.8644891713745,65.63323498075097,370.2,566.416666666666,2.222825411216085,0.01966909004103665,2.18338224887847,2.25870251258214,5293.09,220.54541666666668,378.0,254112.40740000003,10588.016975,23490.959899999987,206741.5738,17494.5456,29876.288,CASE_03,47066.00999999998,5142201.312899999,370774.48800000007,4142470.8089,16750.082716620145,11765.614955853747,1096.875039117565,114570260.75450921,4311321.4620758705,17.01241848751343,63.607544326879946,434.18584456215626,2.1843164416816494,10583.441686243235,18.44429552609555,56.01513654714349,650.5303484688509,1.9782117077769008,9933.340559049084,23.0647931967451
23,24,18.056198799958647,3.7447613245067513,13.9116667111714,24.1683334668477,65.25309533228983,2.015175277050465,62.3349997838338,68.7549995422363,673.6208949722288,232.12541271553755,377.333333333333,976.583333333333,2.2548360124439393,0.03102375653385854,2.20557838280995,2.31046006679534,4321.21,180.05041666666668,262.26,254073.65059999996,10586.402108333332,23630.983499999973,206654.939,17511.0936,29907.618000000002,CASE_03,51387.21999999998,5396274.9635,388285.5816000001,4349125.7479,17423.703611592373,9743.619925332874,1178.222861632479,171149319.90603334,4587604.345064832,17.534308674843118,64.43031987862614,553.9033769029136,2.2195762291644416,10584.921897376511,18.406603028250707,56.91234004861563,652.7729346998099,2.0050778478530638,9996.766811787596,26.89254392547705
24,25,17.824726922233385,3.569499144793066,13.8433332920074,23.3549994468688,66.92884896937424,1.9223383760314239,63.9400000254313,69.9228335698445,630.5971982758616,149.58865950448683,395.866666666666,859.866666666666,2.3143223413162706,0.027578628132695644,2.27286667426427,2.36981640656789,4287.69,178.65374999999997,287.98,253829.05060000005,10576.210441666668,23634.204799999978,206416.6933,17509.4388,29902.9185,CASE_03,55674.90999999998,5650104.014099999,405795.0204000001,4555542.4412,18054.300809868233,9923.09675963836,1192.9884560984972,160063888.14938194,4524433.5118747605,17.679517802865817,65.67958446123117,592.2502887322146,2.2669492866521828,10580.56616939178,18.35030262277072,57.881504288048816,650.6272838652516,2.0349993211604995,10052.83185893015,30.720294654209
25,26,16.994170278450152,2.784064578185771,13.886666615804,21.8816666920979,67.9210849656938,1.8913862375269699,64.379995205265,70.0466665903727,455.533333333333,51.41750404504497,372.116666666666,539.983333333333,2.383187591750715,0.020543994497094733,2.3492866675059,2.42850618759791,4667.0599999999995,194.4608333333333,378.0,253787.67700000003,10574.486541666667,23328.181300000026,206413.5992,17525.9868,29848.091,CASE_03,60341.96999999998,5903891.6910999995,423321.0072000001,4761956.0404,18509.834143201566,11122.47948195609,1154.262483404081,115608746.46273327,4312910.9975103075,17.33684403555175,66.80033473016297,523.8918100141531,2.325068440067492,10577.526355483926,18.21949139707212,58.84991261445053,631.8087084494074,2.06858522790517,10103.150169474071,35.2716306152083
26,27,18.197908352682997,3.235779649617004,13.8533333778381,23.3833329200744,69.58203383675112,1.6174956031608365,66.8390014225355,72.0500001271565,519.1125353107342,42.36032963639527,450.95,602.9,2.4319925248342424,0.021115159312356933,2.39939459959665,2.47626452048619,4634.91,193.12125,371.5699999999997,254215.6866,10592.320275,23637.42610000001,206753.95019999996,17554.1184,29907.618000000002,CASE_03,64976.879999999976,6158107.377699999,440875.1256000001,4968709.9906,19028.9466785123,11272.066473279478,1266.2474747544843,131966549.58668503,4626193.766561183,17.76737619732509,68.19118429381969,521.5021726446394,2.3785304828491904,10584.923315297074,18.217414763300198,59.882514177639806,620.9655356843967,2.1035508171964645,10150.216150669097,39.8473296002481
27,28,20.560460306608125,3.4320370514456724,16.0616666475931,26.5466668446858,70.90797549364827,1.631338781689287,68.1766662597656,73.6899993896484,853.287335526304,368.8500492975602,434.316666666666,1360.93333333333,2.4914026822001567,0.05459698817004204,2.42783965269724,2.60790818134943,4904.83,204.36791666666667,345.8500000000097,254217.2142,10592.383925,23334.623900000035,206757.0443,17554.1184,29906.0515,CASE_03,69881.70999999998,6412324.591899999,458429.24400000006,5175467.0349,19882.234014038604,12219.906617735794,1457.9006155590969,216920329.3496377,5226822.941815595,19.163918257169133,69.54957989879439,687.3947547034696,2.4349665827349143,10588.653620162435,18.442387900121414,60.94115028663387,643.2724704393203,2.14079134414271,10192.671949907228,44.3248908853415
0,1,17.883219416208366,5.844100524633863,0.0,27.4816665331522,49.069297312112894,16.26369596160002,0.0,63.6746670532273,583.2638783940256,31.56521392417716,523.533333333333,672.949019607083,0.8828625635760865,0.918495084057835,0.0030957511626183,2.8773608803749,7079.15,294.96458333333334,1550.86,237398.3316,9891.59715,23634.204799999978,193591.64879999997,16342.8048,27463.878,CASE_04,7079.15,237398.3316,16342.8048,193591.64879999997,583.2638783940256,6249.916516939653,877.5170104316783,138465871.61328697,4245446.453044592,17.883219416208366,49.069297312112894,583.2638783940256,0.8828625635760865,9891.59715,17.883219416208366,49.069297312112894,583.2638783940256,0.8828625635760865,9891.59715,1.65691746966644
1,2,20.89132070075267,4.354278898432182,16.3133334159851,27.5395832459131,56.514586510243454,7.989749926305452,41.9629823852477,63.9298329925397,613.2743055555553,65.69440756033151,561.416666666666,845.3,1.519835439480822,0.023076665876709503,1.45741446673866,1.55033947550107,22261.050000000003,927.5437500000002,1460.84,254177.4336,10590.7264,23630.9835,206757.0443,17542.5348,29877.8545,CASE_04,29340.200000000004,491575.7652,33885.3396,400348.6931,1196.5381839495808,33833.13271005456,1180.6643510559265,155880489.07893327,5310102.280231867,19.888620272571234,54.03282344419993,603.2708298350454,1.307511147512577,10357.683316666667,20.61810532522639,55.838356791975464,610.5485628524191,1.4619814089717633,10527.226922252497,1.92378117879009
2,3,21.019760758854094,4.071544376287477,16.7883330663045,27.9464911310034,59.67144309181585,5.018979597779717,49.4021597132862,65.0133342742919,549.0784722222219,21.623722655042354,513.1,585.866666666666,1.528221215711709,0.016836043901415014,1.47890439152712,1.54928210764377,21203.9299999999,883.4970833333291,1499.4199999999,254219.17950000003,10592.4658125,23630.98350000003,206784.89119999998,17509.438800000004,29924.849500000004,CASE_04,50544.1299999999,745794.9447000001,51394.7784,607133.5843,1745.6166561718028,32404.29568246582,1254.279457925546,139586278.6894468,5343626.333402186,20.534986264732872,57.254891814266166,572.3037683420034,1.4336311864835096,10491.844742857144,20.810475127255522,57.67418419757292,581.1079324632274,1.4937064584598834,10558.472590431718,2.32279267026188
3,4,21.2068054914474,3.9123063722142515,17.0383334795633,27.0533331553141,61.482793024170654,3.595249691634441,55.0596666971881,65.2283323923746,547.8256944444441,16.643145888722614,524.916666666666,593.516666666666,1.5364572187350574,0.01866970244040195,1.48542603615167,1.5641528754322,19731.46,822.1441666666666,1261.5099999999984,254179.66260000004,10590.819275000002,23637.42610000001,206744.6679,17522.6772,29912.317499999997,CASE_04,70275.58999999991,999974.6073000001,68917.4556,813878.2522,2293.442350616247,30316.544153182032,1303.8536327345062,139246150.17749953,5390338.664639928,20.893289852313956,59.509772459548564,559.2487955966385,1.4884717370176683,10544.63116,20.940623015652275,58.924864037664484,570.1786335988949,1.5077450527233196,10569.094670074246,2.78164394561272
4,5,21.92006933424204,3.695091888063392,17.8283326784769,27.3966665585835,64.35598989764657,3.1160846245938685,59.7481857307701,69.2133333841959,532.8715277777774,37.854004227978656,503.433333333333,689.75,1.5311237118497385,0.02664787118241469,1.47490793506309,1.56459676930359,20573.93,857.2470833333333,1537.9999999999982,254183.67859999993,10590.98660833333,23637.42610000001,206744.6679,17539.2252,29899.7854999999,CASE_04,90849.5199999999,1254158.2859,86456.6808,1020622.9201,2826.3138783940244,31501.23206893669,1410.687760630193,135447245.1517575,5571723.858544693,21.423240552663938,62.01104597598624,545.6347218836779,1.5104856595116398,10568.556552688171,21.188255788350933,60.298012039812484,560.7463024128965,1.5136558638332,10574.629594518754,3.68051392130197
5,6,22.379305447472422,3.5343941870130613,18.3983329455057,27.5366665204366,67.84174015587314,2.745805918640543,63.2383331298828,71.0533329010009,536.6243055555552,36.92643493136014,497.283333333333,638.45,1.5262052083402837,0.027404357898709257,1.47426109254358,1.55602075827232,22749.73,947.9054166666666,1512.2799999999988,254140.8125,10589.200520833334,23630.98350000003,206760.1384,17502.8196,29877.8545,CASE_04,113599.2499999999,1508299.0984,103959.5004,1227383.0585,3362.9381839495795,34720.7564143352,1518.2510250363403,136378137.02113706,5687494.869606317,21.908860816693643,64.9726684165637,541.0580024789172,1.5184701922499986,10579.042377777778,21.43614581756188,61.868068308019666,555.7258547264388,1.5162677258597874,10577.662203043586,5.16724788765544
6,7,21.830834779783725,3.3721775016789195,18.2433332125345,26.9933331489563,68.25042879966679,2.024226441430773,65.0950007120768,71.2316665649414,542.9114969135799,43.66043889943361,501.092592592592,638.95,1.559513608215471,0.015536865977567252,1.52888304228784,1.591475813985,21315.8399999999,888.1599999999958,1383.6800000000003,254236.73580000005,10593.197325000003,23634.20480000004,206794.1735,17517.7128,29924.8495,CASE_04,134915.0899999998,1762535.8342000002,121477.2132,1434177.232,3905.8496808631594,33242.34255054351,1489.9638347749185,138028046.80360034,5550200.174201327,21.869540609116992,66.62445317655266,541.9920469184322,1.5391534884845675,10586.175579527562,21.50682189492609,63.01094345034604,553.4312160847702,1.5240116701288342,10580.444042887988,6.22172344734395
7,8,21.062573417728597,3.899882910583829,17.4149996757507,27.6617645749767,67.81472595085306,3.5456852683937634,60.3696666587765,71.4633330027262,558.0236111111109,33.73213687651841,515.7,655.333333333333,1.58231905491783,0.018648342146917084,1.53820781310399,1.60932577053705,19925.73,830.23875,1390.1100000000006,254076.58050000004,10586.524187500001,23637.42610000001,206651.84489999997,17535.9156,29888.82,CASE_04,154840.8199999998,2016612.4147,139013.1288,1640829.0769,4463.873291974271,31528.862262147853,1428.3526441429874,141780730.9493729,5351506.630506681,21.46447472481223,67.22192343188776,550.0392634543649,1.5608209100667543,10586.350567058824,21.4361841433914,63.77476912925019,554.1614300876773,1.5332828387895467,10581.410816588841,7.52757507813099
8,9,20.62582329861746,4.0921496655098695,16.7566665331522,26.8866665840148,64.84483247300547,4.380927824658418,57.4816666285197,69.8083334604899,558.399305555554,34.01101077128537,520.7,650.366666666666,1.5987627049626372,0.014339143322901057,1.55768075784047,1.62175942188763,19280.1299999999,803.3387499999958,1447.9799999999905,252646.19230000005,10526.924679166668,23630.983499999973,205531.7807,17444.9016,29669.51,CASE_04,174120.9499999997,2269258.6070000003,156458.03040000002,1846360.8576,5022.272597529824,30824.35279083113,1337.4780564166622,141077458.33157498,5211035.719448328,21.04432841345047,66.0310520317432,554.2274645852932,1.5798289325586252,10556.579476451403,21.31902889636343,63.92947000871851,554.7741069593633,1.5427493745264833,10573.533662935057,8.9466006078713
9,10,20.52034713162311,4.159774086942132,16.6316668510437,26.7999999682108,64.2232043457147,4.301913157142623,56.7449150408886,69.6733329772949,538.2902777777774,26.436437097391227,497.316666666666,575.933333333333,1.6065139961135,0.01646011358504026,1.55866545041402,1.63060169219982,23064.800000000003,961.0333333333334,1869.7600000001005,254236.83460000006,10593.20144166667,23634.204800000007,206800.3617,17521.0224,29915.4505,CASE_04,197185.7499999997,2523495.4416000005,173979.0528,2053161.2193,5560.562875307602,37053.92401755866,1317.8824470792317,136853216.3181769,5217028.099637051,20.782081672203542,65.12624458770938,546.251081745168,1.5931845068891197,10574.908358357774,21.212103012145732,63.96879456212012,552.5672855589678,1.5512860518941147,10576.166745001428,10.5909912289216
10,11,20.566354208415977,4.632109684058134,16.1866669019063,28.547358264514,61.87368563167487,5.455899678353204,51.3000001271565,67.1383337656656,536.4946495305803,35.63648143875385,490.783333333333,631.066666666666,1.612768656823598,0.015280421041867035,1.57095702290534,1.63048810251678,18297.71,762.4045833333333,1402.9700000000005,229006.7477,9541.947820833333,23634.20480000004,184829.15759999998,16336.1856,27841.404500000004,CASE_04,215483.4599999997,2752502.1893000007,190315.2384,2237990.3769,6097.057524838182,29509.973179647714,1272.5161348812035,122860894.84744954,4709833.889315551,20.67416524674264,63.49917063999109,541.37048253279,1.6029813654787168,10058.175778765673,21.130880169325263,63.70526994950537,550.54565550359,1.5590193870974276,10446.081794577245,12.1994933589421
11,12,20.52898421458404,4.355289565211606,16.4399997711181,27.6054900748764,64.0710500196884,3.3177393246623685,56.5816669208308,67.8966673533121,534.0013888888885,23.72935941130712,490.05,568.6,1.6269793699025925,0.017233711938104395,1.5814660012722,1.65097814301883,15778.52,657.4383333333334,1216.5,253941.35080000001,10580.889616666667,23637.42610000001,206559.0219,17504.4744,29877.8545,CASE_04,231261.9799999997,3006443.540100001,207819.7128,2444549.3988,6631.058913727071,25671.326527595455,1315.3135744660076,135605034.02352047,5213157.982003348,20.601557004041585,63.785180156381834,537.6850359436056,1.614983297849925,10319.596521139601,21.05892442886597,63.748998397234494,548.5678137433332,1.567143899059713,10462.197863445524,14.2759933752116
12,13,20.638257139675645,4.33649646616705,16.1650002479553,27.6345451701771,63.69196215970204,3.199714161961642,56.2623725892123,67.1820004272585,550.2342303240738,22.538704625566353,492.044444444444,574.05,1.6375428805780237,0.019678135076341523,1.58309581478436,1.66443344924096,21539.66,897.4858333333333,1512.2799999999988,237662.30639999997,9902.596099999999,23630.983500000148,193752.54199999996,16395.7584,27514.006,CASE_04,252801.6399999997,3244105.846500001,224215.4712,2638301.9408,7181.293144051145,35272.116883071234,1314.4910927824214,130769936.23904818,4904935.79189158,20.6199093121306,63.73856546777233,543.9603991693898,1.6262644663097336,10111.070855776665,21.010677890427846,63.74245688308023,548.7589358811429,1.5752179928984933,10398.016861775339,17.1607859821039
13,14,20.638013644212972,4.252640144426473,16.2283337593078,27.0466665585835,66.44656783537039,2.5478445341907805,61.3666665711129,69.3616664886474,563.6578580819383,55.99157005138208,485.683333333333,678.233333333333,1.6539342614118901,0.022860817568714897,1.59341799418131,1.67943883351111,18913.6199999999,788.0674999999959,1274.369999999999,247075.94040000002,10294.83085,23630.98350000003,201150.53509999998,17062.6428,28862.7625,CASE_04,271715.2599999996,3491181.786900001,241278.114,2839452.4759,7744.951002133083,31281.88412532499,1371.3251735974968,139266295.34944466,5099156.629131951,20.628962030705875,65.09264929828953,553.8097297810968,1.6401002083274878,10202.956461140613,20.96936191185504,64.04225218487822,550.410727156153,1.5839449896422473,10386.576990376823,22.0659473422598
14,15,20.740694346692774,4.13248127034671,16.6400001207987,26.8616665840148,68.71535527802682,2.21094644652083,64.5233331044515,72.2336360724643,555.077083333333,57.09104587242971,470.566666666666,659.483333333333,1.6584036165306077,0.01676921395552338,1.60569260319074,1.67990337241694,17616.1299999999,734.0054166666624,1312.9500000000007,254181.9842,10590.916008333334,23634.204800000007,206800.3617,17491.236,29890.3865,CASE_04,289331.3899999995,3745363.771100001,258769.35,3046252.8376,8300.028085466416,29214.653701273168,1425.2041807459564,141090594.42561534,5271910.842728092,20.684829893651195,66.90405756795155,554.4434258960856,1.6492521917254162,10396.942154710532,20.94470398236395,64.54616731815774,550.9139147486546,1.591974093247359,10408.611497515929,26.8157692812064
15,16,21.3131248844994,3.953555116809485,17.1200004577636,27.2333332379659,70.39581223665022,0.8232363245991096,69.0683331807454,71.7600003560384,515.4888888888885,51.29589942519291,445.5,608.766666666666,1.6481927283076914,0.0254473690224071,1.58878320455551,1.67758245644429,21794.260000000002,908.0941666666668,1512.2799999999995,253385.9353999999,10557.74730833333,23634.204799999978,206107.2833,17469.723600000005,29808.9284999999,CASE_04,311125.6499999995,3998749.706500001,276239.0736,3252360.1209000004,8815.516974355305,35921.14085084719,1500.3547375454968,130617634.29941763,5400446.085155895,20.998982182658807,68.64996154268135,534.9658601884205,1.648722451933366,10477.345958386612,20.983539988186823,65.16279043264322,547.1796898374429,1.5979002153156294,10424.332210384642,32.842703098219
16,17,21.61562490860617,3.629107108452211,17.8316660563151,27.1333332379659,71.78184651539195,1.0326501656032445,68.7466664632161,73.5183330535888,501.87152777777754,42.14339676297405,447.666666666666,556.766666666666,1.636316235879945,0.018800158306081807,1.58761178056399,1.6623725659173,21864.989999999896,911.0412499999957,1447.9799999999996,254202.20430000004,10591.758512500002,23637.426099999982,206766.32659999997,17539.2252,29896.6525,CASE_04,332990.6399999994,4252951.910800001,293778.2988,3459126.4475000002,9317.388502133083,35778.03813435247,1551.609469523851,127576848.63651976,5494739.499089675,21.307305897955754,70.21591597632084,518.4185677372765,1.6425192965803361,10534.552671895894,21.048942026351224,65.8476663797692,542.4916391523874,1.601875133814563,10441.65586587291,37.7945396906408
17,18,22.12444433503677,3.4911461067885785,18.1916666984558,27.3416665712992,71.72659720844689,0.81857747857999,69.9599999745686,73.2599997202555,521.8180555555552,73.88769645810994,417.683333333333,638.766666666666,1.5921847357067744,0.039022947885383796,1.53046609560648,1.63686291376749,21165.35,881.8895833333332,1364.3899999999994,254128.4447,10588.685195833334,23630.9835,206766.32659999997,17477.9976,29884.1205,CASE_04,354155.98999999935,4507080.3555000005,311256.2964,3665892.7741,9839.206557688638,33699.147195891375,1586.9111072798871,132608810.87471144,5622450.62871462,21.71587667507009,70.97125947379064,520.1183181304491,1.617351920137633,10561.619037114602,21.158543156229225,66.44677012514859,540.3848578814021,1.6008876151704798,10456.639172332347,42.3640259928777
18,19,22.526229853549236,3.1751971008479103,19.5233334223429,28.2092159263411,72.43761672902455,0.6336164302905691,71.4099997202555,73.8053027754222,506.2575266290614,68.55066201070387,407.616666666666,583.05,1.5235532879729305,0.02514013384440225,1.48000959952672,1.56100831627845,18649.99,777.0829166666667,1255.0800000000015,254188.80719999998,10591.200299999999,23634.20480000009,206750.85609999998,17519.3676,29918.5835,CASE_04,372805.97999999934,4761269.1627,328775.664,3872643.6302,10345.464084317699,28414.253585162278,1631.7464044813105,128684996.82986334,5725915.49718671,22.12105403712415,71.7044394998375,513.1879091610492,1.5704525146017647,10576.409696768245,21.296192815139083,67.04971376218235,536.9501417906531,1.5931043678948975,10470.181962038698,51.5324531988001
19,20,22.16395817995067,3.2002677369742485,19.3016660054524,27.0983332633972,73.82659711307946,0.8197149636439246,72.5333334604899,75.0333329518636,569.3006944444438,197.37336091543486,411.783333333333,1152.1,1.4765955748111856,0.03125297136118697,1.41511790553728,1.5131544218461,20846.45,868.6020833333333,1499.42,254175.92270000002,10590.663445833334,23634.204800000007,206698.25639999998,17559.0828,29918.5835,CASE_04,393652.42999999935,5015445.0854,346334.74679999996,4079341.8866,10914.764778762143,30781.775820522642,1636.2896109823598,144702529.3041673,5633544.521073175,22.14250612899572,72.76551931838306,541.2443285594331,1.5235239999519559,10583.536578097513,21.382640988158723,67.72483771643176,540.1729555678579,1.581497575654466,10482.184520079261,59.3210078462255
20,21,21.637951302528503,3.5285652758211974,18.2066667874654,27.086666615804,73.18480368249091,0.9478840593024848,71.7183336893717,75.844999440511,547.6420138888783,134.50674066389666,411.133333333333,933.083333333333,1.4088414044016337,0.02400688490069304,1.35943123698234,1.44143715302149,18800.4799999999,783.3533333333293,1325.809999999903,254121.4181,10588.392420833334,23630.9835,206719.91509999998,17540.88,29860.623,CASE_04,412452.9099999993,5269566.503500001,363875.62679999997,4286061.8017,11462.406792651022,26486.89464662469,1583.569218166847,139167565.18058166,5498666.8697772855,21.890228595466805,72.97516160040222,544.4431727494834,1.4661826748343203,10585.964500623148,21.40786357293896,68.26423799415291,540.910837847293,1.5644405486870863,10492.676997783161,72.0902507975086
21,22,21.211458332671345,3.85938399320877,17.0766669591267,27.1066665649414,73.57379872814725,1.372840434944286,71.3466668446858,76.5774773485958,561.3319444444337,161.67961957537318,378.366666666666,991.566666666666,1.3603188515658757,0.02137465244183158,1.32152233918507,1.38907655278841,19078.1999999999,794.9249999999957,1229.3600000000006,254189.0554,10591.210641666667,23630.9835,206806.5499,17507.784,29874.7215,CASE_04,431531.1099999992,5523755.5589000005,381383.41079999995,4492868.3516,12023.738737095455,25952.435113943953,1560.6075660984434,142684436.7241759,5391720.557238189,21.550843383153335,73.27448023563785,552.8875606102577,1.413250750580144,10588.587571770295,21.38859278379327,68.78519876496343,542.9145055641978,1.5444126401652793,10502.34487157537,79.7703045327736
22,23,21.4789038004531,3.4871995414137062,17.7749995867411,27.2538635124007,74.83754177160823,2.0097004212251317,72.1633332570393,79.6258621742499,607.8666584209919,234.7416459937681,370.95,1311.5,1.294745576633291,0.02108593154750611,1.257834982872,1.32778625885645,17692.06,737.1691666666667,1486.5600000000004,254231.74299999996,10592.989291666665,23634.204800000007,206803.4558,17514.4032,29913.884,CASE_04,449223.16999999917,5777987.3019,398897.81399999995,4699671.807399999,12631.605395516446,22906.716426530784,1607.4283603747635,154539000.0819544,5460619.150918515,21.514873587515286,74.05601109678878,580.3771127926346,1.3539981565432577,10590.788431980844,21.397404304689797,69.37571749510768,549.2517972185241,1.5200529703392482,10511.188922183243,85.1954991788455
23,24,20.897568758089964,3.9945835623022874,17.0551726242591,27.6566666496434,76.39550786601693,2.0204014491209352,73.9066670735677,79.7583334604899,524.9222640268845,144.4668880235106,362.316666666666,845.25,1.2246666062441434,0.025350580109206447,1.18355910579363,1.26399047970771,23419.6799999999,975.8199999999957,1766.8800000000992,253387.75940000004,10557.823308333334,23637.42610000001,206128.94199999998,17479.6524,29779.165,CASE_04,472642.84999999905,6031375.0613,416377.4664,4905800.749399999,13156.527659543332,28681.300024923716,1596.4803784392914,133008876.3409475,5295188.124519858,21.206221154405508,75.2257595511253,552.6496867570762,1.28933237753932,10574.305869174652,21.348859576032783,70.05748937208412,546.8888788643288,1.491364632761971,10515.718119110397,95.5441185402811
24,25,20.49600928127103,4.165892211950884,16.3733328501383,26.8466665903727,75.37112191654325,1.619971886536811,71.1141671435286,78.5543572526929,505.06903719408047,120.42960194800354,374.659999999403,747.966666666666,1.164357932198656,0.017390109461886807,1.12843645215034,1.19424807015111,21322.27,888.4279166666666,1460.84,253877.3546,10578.223108333334,23630.9835,206512.6104,17497.8552,29866.889000000003,CASE_04,493965.11999999906,6285252.4159,433875.32159999997,5112313.359799999,13661.596696737412,24826.754206981437,1544.8072143412805,128225591.05320215,5203472.616186135,20.851115207255287,75.29844073600034,528.8593612665713,1.2268451530067235,10576.264488812363,21.266340605220492,70.57161886413753,542.8425294459636,1.4597245471045623,10521.765894919341,106.873697559319
25,26,20.848146601314806,4.155891713709485,16.6083337465922,27.5031034864228,75.30193061366818,1.544653209827997,71.6288132101171,77.4471976495576,526.7863888888849,125.96830740518077,373.991666666666,722.45,1.1221491559787329,0.012013807577571978,1.09270791610082,1.14079567193984,20728.1099999999,863.6712499999958,1338.6699999999,254309.2215,10596.2175625,23630.9835,206837.4909,17535.9156,29935.814999999995,CASE_04,514693.22999999893,6539561.6374,451411.2372,5319150.850699998,14188.383085626296,23260.03114153422,1569.9056887957895,133966636.45512857,5301875.931898239,20.849630904262927,75.30018567486026,527.8228750622833,1.1744971537126823,10586.241025804844,21.22600201256041,71.02790020016201,541.2937695221578,1.4271623485375946,10528.947431391292,115.539523920872
26,27,20.83485856202722,4.113802286214456,16.989999961853,27.6016069923061,75.61412944533168,1.6951148077716034,72.6233329772949,79.1020372035844,531.0403566384695,111.99749825223418,371.153333332513,690.416666666666,1.1144236221695667,0.010271062540479917,1.09027219891546,1.12913514177004,19866.4899999999,827.7704166666625,1325.8099999999977,254182.0997,10590.920820833333,23634.204799999978,206750.8561,17511.0936,29920.15,CASE_04,534559.7199999988,6793743.7371000005,468922.3308,5525901.706799999,14719.423442264766,22139.685745595365,1575.4096922843034,134980952.875803,5295848.096248602,20.842244733090045,75.4571575612655,529.4316158623624,1.144460387717333,10588.580923336522,21.188367762062704,71.46916874247646,540.3072273510052,1.397071885428921,10534.910261803701,123.224553151068
27,28,21.04684079151325,4.227757431389117,16.261666838328,27.5959322137631,75.79428267745577,2.0394949350258798,72.5016667683919,79.0599997202555,526.1083284179967,124.58575190134746,374.336666666219,803.083333333333,1.1184566223961037,0.014423314483702586,1.0792103340228,1.13251775505247,23921.2199999999,996.7174999999958,1921.2000000000007,253804.2441,10575.176837500001,23637.426099999982,206438.352,17519.3676,29846.5245,CASE_04,558480.9399999987,7047547.9812,486441.6984,5732340.058799999,15245.531770682763,26754.846924794012,1595.2302004193623,133528526.60884422,5341777.517783066,20.94454276268274,75.62572011998859,527.7699721339894,1.1314585050082826,10581.878880393295,21.174778710582142,71.88445492922625,538.9438860188275,1.3703199727869382,10538.77655363457,128.563771583643
0,1,24.75059818708333,2.073921868640699,22.21206892,27.18999996,74.55353065958333,2.159446456123872,69.68833237,77.65966604,468.66398425000006,20.208363093111206,435.5833333,508.6315789,2.0092246993333336,0.02170698860404974,1.961841863,2.042485003,4158.0,173.25,252.0,189977.74,7915.739166666666,18255.19,189977.74,0.0,0.0,CASE_05,4158.0,189977.74,0.0,189977.74,468.66398425000006,8354.356299828001,1845.2444807837446,89035724.5472106,4702062.707230188,24.75059818708333,74.55353065958333,468.66398425000006,2.0092246993333336,7915.739166666666,24.75059818708333,74.55353065958333,468.66398425000006,2.0092246993333336,7915.739166666666,4.22307736445887
1,2,24.718562104583338,2.101725632489938,22.21206892,27.0949152,75.81302589083334,1.6477402792631972,73.11214455,78.92280686,467.89803932499996,17.021770195441018,450.3389831,520.3706897,1.3202136815833334,0.9407871751089135,0.0,2.042485003,4158.0,173.25,252.0,104271.17,4344.632083333333,18255.19,104271.17,0.0,0.0,CASE_05,8316.0,294248.91,0.0,294248.91,936.562023575,5489.4484880235,1873.9889888189487,48788276.001123756,2577433.391362567,24.729240798750002,75.39319414708335,468.1533543,1.5498840208333335,5535.001111111112,24.721471830514307,75.69863032032926,467.96760743807897,1.3827941554934151,4668.983317060249,4.99170885282367
2,3,25.039279582916663,2.1250310303648874,22.18644094,27.31999985,76.00517110833333,3.082857880441509,71.56166674,80.19666697,470.140206075,23.02778427437334,434.9661017,519.9,1.9363462944166667,0.04228005414802065,1.773051102,1.982578097,4158.0,173.25,252.0,123454.59,5143.94125,18255.19,123454.59,0.0,0.0,CASE_05,12474.0,417703.5,0.0,417703.5,1406.70222965,8051.3278921845,1903.114729128978,58040966.38350463,3091213.9948043474,24.90640581827381,75.74289526779762,469.28869817142856,1.7707196057380954,5311.538333333333,24.873683426062225,75.84544568933745,469.008156960585,1.647913724313118,4896.460791238959,4.96608376034272
3,4,25.004200102500004,2.084166128679035,22.43666643,27.33166663,75.93808930958333,2.409699431287613,71.72166621,79.53728808,467.23323165000005,20.28082802430783,434.9661017,520.3916667,1.9281787164166666,0.03440846139516922,1.773051102,1.960000995,4158.0,173.25,252.0,158108.51,6587.854583333334,18255.19,158108.51,0.0,0.0,CASE_05,16632.0,575812.01,0.0,575812.01,1873.9354613,8017.3671028604995,1898.771180498338,73873550.07866636,3953376.821948123,24.958562769861114,75.84699875675,468.19244936,1.8546977981,5992.240333333334,24.916542796359465,75.87586821720261,468.4253028517266,1.7399477954047544,5451.88462543675,5.00515461935471
4,5,24.960034348750003,2.1558867155282817,22.17166684,27.34666656,74.19550873583334,2.4307294385684135,71.56166674,77.8600001,440.21907304999996,7.501122322595713,427.15,450.6833333,1.940689597375,0.03671759376116163,1.773051102,1.968002264,4158.0,173.25,252.0,254025.61,10584.400416666665,18255.19,254025.61,0.0,0.0,CASE_05,20790.0,829837.62,0.0,829837.62,2314.15453435,8069.38734588525,1851.9224465693812,111826918.5651608,6340487.951062172,24.959322294448928,74.99461681047042,453.754577716129,1.8990806622419354,8362.387473118279,24.927538737130313,75.45102402757813,461.2939402026393,1.7907012140198666,6749.535239032299,6.07926069705402
5,6,24.90840886416667,2.149907608847548,22.13833383,27.23499988,73.99362969916666,2.4354859831698867,70.99166692,77.55000008,449.1625894041667,10.197277199163787,436.7666667,475.2666667,1.9624651110416667,0.009108775632498928,1.94640427,1.982669795,4158.0,173.25,252.0,254186.50319999998,10591.104299999999,18255.19,254186.50319999998,0.0,0.0,CASE_05,24948.0,1084024.1232,0.0,1084024.1232,2763.317123754167,8159.92993171125,1843.0635818905891,114171067.96890248,6331381.3494584095,24.933461504464287,74.48617891266534,451.42213920846564,1.931275937822751,9494.434115343915,24.923557287044297,75.1477003837023,458.7690741059396,1.8264499816082187,7549.07089184593,7.38574910614654
6,7,24.56558790875,2.1855338463008187,22.13666649,27.11333316,74.22272136916666,2.525155065273143,70.99166692,78.20333303,455.01028224583337,11.949443512375183,436.7666667,476.7833333,1.9900765573333334,0.020045293499409207,1.96017345,2.026408624,4158.0,173.25,252.0,155323.82,6471.825833333333,18255.19,155323.82,0.0,0.0,CASE_05,29106.0,1239347.9432,0.0,1239347.9432,3218.3274060000003,8274.738325392,1823.3247866209208,70673935.17770103,3815620.9545328617,24.748076385364175,74.35341290649278,453.2303372745407,1.9609077460800524,7971.229941732283,24.859456504159656,74.98206644242464,458.09599558151024,1.8557502297319277,7356.171007676235,9.32644411194854
7,8,24.734987418333333,2.1336584987539755,22.09166657,27.18999996,73.29359437375,3.093226447295268,69.68833237,78.19833323,455.8673662583333,28.912727435105065,435.0666667,558.1899173,2.0121951804166667,0.02554931693149298,1.961841863,2.042462167,4158.0,173.25,252.0,254523.7601,10605.156670833334,18255.19,254523.7601,0.0,0.0,CASE_05,33264.0,1493871.7033000002,0.0,1493871.7033000002,3674.1947722583336,8366.7075601725,1812.916134679133,116029076.16695486,6295642.003740392,24.741506237207517,73.821425564567,454.5540224115033,1.986652026845098,9293.357868496732,24.839665290886817,74.71359085594045,457.7416322635162,1.880625767010163,7872.776136998574,9.38282688351177
8,9,24.625141580833333,1.759053221273174,22.2474577,26.46166665,74.81443806666665,1.5399609637000138,72.69000003,77.52413822,456.2216866708333,25.501608522729107,428.5,512.9333333,1.9413249473749998,0.20055719237645378,1.129643488,2.034317946,4158.0,173.25,252.0,31869.23,1327.8845833333332,17326.96,31869.23,0.0,0.0,CASE_05,37422.0,1525740.9333000001,0.0,1525740.9333000001,4130.416458929167,8072.02913118525,1842.3161296821531,14539433.863500722,784784.3008221411,24.683210049278376,74.31890345211595,455.38948630658837,1.9639441357602738,5302.827220743639,24.808651232881974,74.72817050889493,457.52189114136274,1.8894011508603308,6926.570021925465,12.1622153900388
9,10,24.6589480725,2.03930069955013,22.09166657,27.14999997,73.87499197125,2.8985844677844135,69.80689647,78.19833323,467.09388218749996,37.67604583791439,435.0666667,558.1899173,2.0226075112083333,0.015234974191457022,1.993047072,2.042462167,13073.0,544.7083333333334,769.0,31869.23,1327.8845833333332,17326.96,31869.23,0.0,0.0,CASE_05,50495.0,1557610.1633000001,0.0,1557610.1633000001,4597.5103411166665,26441.54799402654,1821.6795908754082,14885922.36302634,785861.6876805591,24.67106720264052,74.0967307461498,461.2474048706419,1.9933044957108177,3313.413114825676,24.788609279377212,74.61394870797163,458.80336976215597,1.9072345464534584,6177.029444680845,13.0611371966911
10,11,24.60874991,1.7459209938612879,22.22833344,26.46166665,74.81666666125,1.5841075509008153,72.69000003,77.24666659,457.6250000083333,26.672340538795986,428.5,506.6333333,1.5624777688749998,0.7273372683022451,0.0,2.034317946,13073.0,544.7083333333334,769.0,255872.78769999996,10661.366154166664,18255.190000000017,255872.78769999996,0.0,0.0,CASE_05,63568.0,1813482.9510000001,0.0,1813482.9510000001,5055.135341125,20426.27187250287,1841.144638966536,117093784.47334474,6296709.441283823,24.639893334705057,74.45687455516915,459.43531763126526,1.7777858986029145,6989.184444715843,24.765986412398078,74.63944674739642,458.6551533957511,1.863870740907385,6741.073192969472,15.4487335243785
11,12,24.516319350000003,1.7540427022230907,22.22499997,26.46333335,73.41263879166667,2.462253926730163,70.57333361,77.07166659,436.08958332083336,15.637102580878743,413.6833333,461.2833333,1.585505428375,0.7707937801140646,0.0,2.054174133,13073.0,544.7083333333334,769.0,255578.84819999995,10649.118674999998,18255.19000000001,255578.84819999995,0.0,0.0,CASE_05,76641.0,2069061.7992,0.0,2069061.7992,5491.2249244458335,20727.312465146377,1799.8076969426984,111455273.4171565,6265852.661576373,24.578091253953907,73.93462917210368,447.7595999590395,1.6816221860200649,8819.598438274317,24.73613909709111,74.49278373336465,455.95747401971204,1.8305925937065763,7208.274050846966,18.7189202394876
12,13,24.402083201666667,1.8070602012496155,22.24833314,26.39333312,76.15083328833333,1.465403806016,74.42999992,78.75166664,437.7361111083333,15.383071251054872,418.2166667,463.0166667,1.5975453223333334,0.7947584807365279,0.0,2.104502201,13073.0,544.7083333333334,769.0,255263.24999999997,10635.968749999998,18255.19,255263.24999999997,0.0,0.0,CASE_05,89714.0,2324325.0492,0.0,2324325.0492,5928.961035554167,20884.709998863666,1858.2389697781575,111737942.36387426,6228955.064827838,24.49007648381979,75.04286651309705,442.7472436737883,1.6395786219056891,9727.894470117606,24.697826062031744,74.68294625287045,453.86765693935166,1.8038642874533128,7601.398042910016,23.0382990748517
13,14,24.620069337083333,1.741098736919484,22.14833384,26.44499992,77.32152769875,1.2736739015344798,75.43333321,79.06666679,446.884027775,16.30229795389631,423.3333333,471.8333333,1.64326151675,0.8278808601987778,0.0,2.101697135,13073.0,544.7083333333334,769.0,256191.47999999998,10674.644999999999,18564.59999999999,256191.47999999998,0.0,0.0,CASE_05,102787.0,2580516.5291999998,0.0,2580516.5291999998,6375.845063329167,21482.35780847275,1903.6613731924344,114487880.46403834,6307452.001169997,24.555076877760765,76.18226664938888,444.81576197673195,1.641420181727736,10201.298629355631,24.68920544651928,74.97547652801175,453.093406455584,1.7860588212716029,7942.11815952367,27.2399999197465
14,15,24.668057326666666,1.6370485287487793,22.22999992,26.40166661,77.43032589666667,0.874195776777529,76.01666679,78.66166662,464.56631885,22.149090571876187,432.1833333,544.4545455,1.1951927635,0.9812160120056712,0.0,2.147679893,13842.0,576.75,1538.0,241345.98819999996,10056.082841666665,18255.19000000001,241345.98819999996,0.0,0.0,CASE_05,116629.0,2821862.5174,0.0,2821862.5174,6840.411382179167,16543.858232366998,1910.055718041456,112121217.30728953,5953536.672478616,24.61156882621117,76.80631531748175,454.6913417921445,1.418299663516022,10128.688519626452,24.686924979467364,75.24019051401402,454.33056601810523,1.7223439101478022,8170.0734974044235,31.9348970660656
15,16,24.512847215416667,1.6985593305185764,22.17333342,26.33999999,77.37881234875,1.0126289519317533,75.70666695,79.33166707,436.25555555833336,25.163065727595296,407.2,476.15,1.308284479125,0.9566102547198981,0.0,2.197879593,13073.0,544.7083333333334,769.0,255328.22609999994,10638.676087499998,18564.60000000001,255328.22609999994,0.0,0.0,CASE_05,129702.0,3077190.7435,0.0,3077190.7435,7276.6669377375,17103.202995601125,1896.7750048153052,111388357.12697923,6258821.796172661,24.56220726761631,77.09256820098825,445.473308019206,1.3632912319584574,10383.686194518958,24.668575083956224,75.46562704474645,452.42524195154044,1.6786970530313596,8430.293978945027,33.9356050354811
16,17,24.639930515000003,1.7398469453164511,22.20833362,26.43333333,79.06045144333333,0.7262203968479926,78.13333295,80.33333448,436.85347222499996,28.693798126793073,402.2833333,503.5166667,1.3743357901666666,0.9467459397045236,0.0,2.216489025,13073.0,544.7083333333334,769.0,256191.47999999998,10674.644999999999,18255.19,256191.47999999998,0.0,0.0,CASE_05,142775.0,3333382.2235,0.0,3333382.2235,7713.5204099625,17966.691784848834,1948.044030048265,111918137.59246163,6312540.2657350125,24.601069187801077,78.07651732909689,441.16335723978807,1.3688135531945294,10529.166707187707,24.66561122082398,75.83758472782917,450.8140257287791,1.6472046913461038,8662.517729886544,45.5858775722093
17,18,24.881597216666666,1.4557356177169491,22.75333325,26.40166667,80.01576414583333,0.6810584450836861,78.90333303,81.37833354,465.8138888875,32.20952200832866,411.6333333,531.8333333,1.3703149794999998,0.9881132647986324,0.0,2.276259339,13073.0,544.7083333333334,769.0,255458.17829999997,10644.090762499998,18255.19,255458.17829999997,0.0,0.0,CASE_05,155848.0,3588840.4017999996,0.0,3588840.4017999996,8179.33429885,17914.1277270035,1990.920014460423,118995967.48203935,6356207.498164016,24.741333737300664,79.04614443629899,453.48867008098125,1.3695642692110188,10586.628954044929,24.687621688854602,76.26337013186604,452.34261561364923,1.6189877130794397,8864.453738350949,49.4693878895871
18,19,25.197708289999998,1.2883936137568839,23.27499962,26.58000031,81.02555557875,0.4774664948682969,80.34000041,81.91999995,464.22499999583334,44.67075178878052,395.05,529.6166667,1.5005334103333334,0.9467631869022272,0.0,2.287645117,13842.0,576.75,769.0,255263.24999999997,10635.968749999998,18255.190000000017,255263.24999999997,0.0,0.0,CASE_05,169690.0,3844103.6517999996,0.0,3844103.6517999996,8643.559298845834,20770.383465834002,2041.6583135085245,118499582.23018639,6432048.910657342,24.96952144888385,80.03585189524166,458.8568452773889,1.4350489646743205,10611.29889907665,24.73895891893788,76.74265621669348,453.5385080358308,1.6070659810034045,9042.746352869324,62.737492314654
19,20,25.641249990416668,1.4060806244825772,23.46499987,27.60833375,81.47041678291667,0.32800059522760516,80.99000015,82.15166791,441.7166666708334,56.17233053224016,372.6666667,526.2,1.278485972375,1.035248410027274,0.0,2.386761097,13073.0,544.7083333333334,769.0,255585.03639999998,10649.376516666665,18255.190000000017,255585.03639999998,0.0,0.0,CASE_05,182763.0,4099688.6881999997,0.0,4099688.6881999997,9085.275965516666,16713.647116858374,2089.003323554204,112896170.3295516,6553519.812142143,25.305386039955696,80.75313502313367,450.28674780102926,1.3567673938695368,10630.337726028498,24.82884659805516,77.2136432830107,452.3607972983736,1.574332315212455,9202.801418455729,76.1728495858217
20,21,24.754305559166664,1.5020079230756564,22.22833357,26.3666667,81.05861803124999,0.6784500636048535,78.65999985,81.96333338,432.424153825,43.889190115547734,373.3,490.65,1.7608557861666665,1.1087956492150497,0.0,2.60626123,13073.0,544.7083333333334,769.0,255603.60099999997,10650.150041666666,18255.19,255603.60099999997,0.0,0.0,CASE_05,195836.0,4355292.2891999995,0.0,4355292.2891999995,9517.700119341667,23019.66769255683,2006.5497989493388,110529170.87704791,6327289.641177317,25.029845668173294,80.90587660002468,441.35544655423837,1.5588116863603279,10640.243888571207,24.821482549024815,77.59349554947602,450.39121889931135,1.5927593187248654,9345.787703383578,87.7396746092325
21,22,24.13097215,1.751778391778527,22.08499994,26.13666665,79.78804589208333,0.883278045082044,77.48966656,81.9639287,434.890625,32.55563261490466,359.9666667,489.1,2.6509744155416666,0.028140637639332205,2.603309349,2.745584683,13073.0,544.7083333333334,769.0,254953.83999999997,10623.076666666666,18255.19,254953.83999999997,0.0,0.0,CASE_05,208909.0,4610246.129199999,0.0,4610246.129199999,9952.590744341667,34656.188534376204,1925.363113324785,110877034.82374999,6152284.012575556,24.580408801932546,80.34696111279817,438.1230350064522,2.1048931811469713,10631.660275572445,24.753731402037175,77.80881932018787,448.8703395365225,1.6965887276233067,9471.112090126044,96.6579439956609
22,23,24.066388834999998,1.773919107292246,21.94999984,26.15166655,79.2679445125,1.1905375154122229,76.17192967,81.23499947,449.1248035875001,45.573602988843376,377.7666667,541.3,2.2363978566666662,0.5818543553470383,0.76685382,2.811167026,13073.0,544.7083333333334,769.0,255139.486,10630.811916666667,18564.60000000001,255139.486,0.0,0.0,CASE_05,221982.0,4865385.615199999,0.0,4865385.615199999,10401.715547929167,29236.42918020333,1907.6931747890292,114589471.53716573,6140286.077238038,24.323398787828292,79.80745274833468,443.6239199527327,2.1706455267451092,10631.23609606899,24.686668339118356,77.95118414563476,448.8951672417741,1.7492571571972737,9584.262397067574,113.266231412292
23,24,24.087024804166663,1.7665524175935856,21.9166667,26.16333319,79.64762172375,1.252512398971,76.83021166,81.44833247,450.48485830000004,49.40271746392428,375.2166667,541.7894737,2.02279082125,0.7852663852277939,0.532801719,2.888630104,13073.0,544.7083333333334,769.0,256005.83399999997,10666.909749999999,18255.19,256005.83399999997,0.0,0.0,CASE_05,235055.0,5121391.449199999,0.0,5121391.449199999,10852.200406229167,26443.94440620125,1918.47424005285,115326751.85346332,6166418.873569373,24.205211788952983,79.727537231279,447.05438933083826,2.0967181695911408,10649.072924097653,24.62843011878132,78.11594454027531,449.04956026482944,1.7758231299263587,9689.410624993461,114.892808737437
24,25,24.03291658875,1.7161403037843486,22.05333325,25.97666661,79.05124465708333,1.4042944438138814,76.16549955,81.51050865,441.20342228749996,48.08243974874826,373.035,518.65,1.06400716425,0.6321527136574834,0.0,2.305631181,13073.0,544.7083333333334,769.0,255801.62339999998,10658.400974999999,18564.6,255801.62339999998,0.0,0.0,CASE_05,248128.0,5377193.072599999,0.0,5377193.072599999,11293.403828516668,13909.765658240249,1899.8319690805527,112860551.67077823,6147659.078439039,24.119064186284092,79.38939093410363,444.12890572198296,1.5803626515319769,10653.736949687824,24.570810201305996,78.20644108288502,448.29039393198394,1.7069501738446824,9783.166923022201,124.121274798068
25,26,23.96402772,1.645233343127435,22.00833337,25.90999988,78.15310984166666,1.3440701013219072,75.22322719,81.28999977,432.9979079208333,57.32171110083813,366.636,525.8,1.554850500625,0.9752359344889199,0.121400679,2.415674551,13073.0,544.7083333333334,769.0,255263.24999999997,10635.968749999998,18255.19,255263.24999999997,0.0,0.0,CASE_05,261201.0,5632456.322599999,0.0,5632456.322599999,11726.401736437501,20326.560594670624,1872.8632906499047,110528453.21907264,6117135.5988972895,24.041545951986933,78.77125037867414,438.56340673847575,1.5676065758884081,10644.852849711528,24.51228054493102,78.2012968024901,446.81529539350055,1.6922787851962602,9865.42736960189,133.107838714702
26,27,24.010763819999998,1.6455614364149567,22.14833323,26.0249999,79.02359715083334,1.1453641237790837,76.70166626,80.63416716,441.4054499375,61.22685205743385,378.825,527.8,2.4168445258749998,0.06038884081815614,2.178729273,2.513928854,13073.0,544.7083333333334,769.0,255337.50839999996,10639.062849999998,18255.190000000017,255337.50839999996,0.0,0.0,CASE_05,274274.0,5887793.830999998,0.0,5887793.830999998,12167.807186375001,31595.40848676387,1897.416927395484,112707367.78122216,6130848.6085796645,24.026154885878793,78.8974237656938,439.9844283485753,1.9922255540453617,10641.957849834193,24.46402662164759,78.28041523653704,446.2947818101401,1.7619935881658333,9939.863465677454,146.566896316797
27,28,24.057013816666668,1.703444011847721,22.04666669,26.1816666,79.34791742750001,1.087860268481291,77.50666618,81.11166674,460.25200425,72.06298394542823,377.6166667,608.8333333,2.143959926375,0.5409141859726418,1.134538236,2.660916197,13073.0,544.7083333333334,769.0,256191.47999999998,10674.644999999999,18255.19,256191.47999999998,0.0,0.0,CASE_05,287347.0,6143985.310999999,0.0,6143985.310999999,12628.059190625001,28027.988117500376,1908.8739458770935,117912642.14177379,6163201.974072282,24.041584351330208,79.122670597436,450.118216337039,2.068092740492808,10658.301424977979,24.424946311098577,78.38291401943539,447.634917994251,1.7986690021425116,10010.4152768136,150.635597803608
0,1,23.428361,2.740180909532723,20.8083326,27.63833323,66.09423612666667,3.752798983300215,60.21999995,74.1,417.0161111041666,17.394631676512592,404.9666667,480.8166667,0.3920684773333334,0.004381372374477014,0.383737716,0.396607475,13073.0,544.7083333333334,769.0,230919.6408,9621.6517,23334.62390000001,188743.1941,15735.4932,26440.9535,CASE_06,13073.0,230919.6408,15735.4932,188743.1941,417.0161111041666,5125.511204178667,1548.4796239947884,96297210.58398704,5410068.706652729,23.428361,66.09423612666667,417.0161111041666,0.3920684773333334,9621.6517,23.428361,66.09423612666667,417.0161111041666,0.3920684773333334,9621.6517,2.10697053925826
1,2,23.47444433833334,2.74925446942673,20.8083326,27.63833323,65.28805555958333,3.33085861128138,60.42166678,69.07499987,474.1701388916667,77.42264448796377,404.9666667,648.4166667,0.3896756057083333,0.005487445878049044,0.378238473,0.396607475,13073.0,544.7083333333334,769.0,254132.74420000002,10588.864341666667,23637.42610000001,206698.2564,17542.5348,29891.953,CASE_06,26146.0,485052.385,33278.028000000006,395441.45050000004,891.1862499958334,5094.229193425042,1532.6008261914533,120502158.6142344,5965624.958270805,23.45908322555556,65.55678241527778,455.11879629583336,0.3904732295833333,10266.460127777778,23.47025874902059,65.36127813606683,468.97903736691643,0.3898929419140554,10501.015782023918,2.87961852317716
2,3,23.679166594999998,2.7291124048737303,20.89333293,27.74499985,65.68388890208332,2.9763543404392783,61.00833327,69.54833323,415.83541667083335,32.91856088172836,381.5166667,484.4666667,0.3854318323333333,0.00609011470640652,0.373693958,0.393717826,13073.0,544.7083333333334,769.0,254206.3752,10591.9323,23630.98350000003,206806.54989999998,17509.438800000004,29890.3865,CASE_06,39219.0,739258.7602,50787.46680000001,602248.0004,1307.0216666666668,5038.750344093666,1555.3397479199025,105708013.95167421,6019395.107871876,23.584845150952383,65.62941469345238,432.67115079583334,0.3875924311547619,10452.444226190477,23.57031356618171,65.51579009829908,443.52630615379246,0.38775632755501943,10544.559553874016,3.17690379048938
3,4,23.98749988333334,2.6192074227694904,21.16000048,27.79000006,65.77180556791667,3.0623982446622895,61.65666663,69.31166662,384.80625000416666,6.71485503419979,376.2,399.7666667,0.38199586554166665,0.006418293457198446,0.369696822,0.389873447,13073.0,544.7083333333334,769.0,254232.2413,10593.010054166667,23634.204800000007,206784.8912,17519.3676,29927.9825,CASE_06,52292.0,993491.0015,68306.8344,809032.8916,1691.8279166708335,4993.831950226208,1577.7011783870241,97830155.40480742,6098395.858523323,23.79959434155556,65.70535649316666,407.1432037069444,0.3846075961611111,10527.412667777777,23.70731018100332,65.59986105469822,424.2436773045109,0.38586469361787146,10560.46984204412,3.3863916458299
4,5,24.364722078749995,2.4088382529358534,21.7499999,27.73999996,65.63645825916667,3.206189995627332,61.01333326,69.2649999,410.0479166666667,26.943745966078726,390.0166667,499.7333333,0.3796387433333333,0.006242732196145041,0.366590768,0.386029067,13073.0,544.7083333333334,769.0,254157.35930000007,10589.889970833336,23637.42610000001,206719.9151,17539.2252,29898.219,CASE_06,65365.0,1247648.3608000001,85846.05960000001,1015752.8067,2101.8758333375004,4963.017291596666,1599.2140637180707,104216695.6864665,6192473.423613507,24.091273173655914,65.66979611432797,408.64241039583334,0.38204302695967735,10559.659017741935,23.87352320151729,65.60911390198912,420.65457241882683,0.38429059067585003,10567.908113980979,4.08610251974982
5,6,24.365490831666666,2.323436362534881,22.09500017,27.78166647,65.46155886166666,3.189008969659287,60.90500018,69.3850001,394.06147030833336,5.433204798316036,381.2833333,403.5333333,0.381445670625,0.0058440561312267355,0.370698522,0.388129472,13073.0,544.7083333333334,769.0,253097.81159999996,10545.742149999998,23630.9835,205940.20189999996,17373.7452,29783.864500000003,CASE_06,78438.0,1500746.1724,103219.80480000001,1221693.0085999998,2495.9373036458337,4986.639252080625,1595.0030122705468,99736095.77091753,6166852.408054696,24.23055833328042,65.56402481138889,401.2362186053572,0.3817396078690476,10552.59013253968,23.975915128902184,65.57840365999742,415.11982010309026,0.3836984849570774,10563.294770266337,4.44676266182443
6,7,23.670902642083334,2.5934723173740437,20.63166711,27.69500004,65.76506947375,2.9271637184441466,61.24833342,69.78166669,404.1666666666667,8.015140490933275,395.7833333,420.6666667,0.38898342729166674,0.002851798009641588,0.383381286,0.394227014,13073.0,544.7083333333334,769.0,254243.5211,10593.480045833334,23630.9835,206787.9853,17525.9868,29929.549,CASE_06,91511.0,1754989.6935,120745.79160000001,1428480.9939,2900.1039703125,5085.180344983959,1556.7185567629829,102756756.44458334,6018173.63533856,23.948527118818895,65.6653386569882,402.71297983310365,0.38539003655446197,10573.196073097113,23.921297219158504,65.61182949339232,413.1584632024642,0.38464484786320524,10568.699980635594,5.29560730787535
7,8,23.226666642500003,2.9253049264073283,20.19666669,27.72166662,66.35888885625,2.8435381936014603,60.82999967,69.74166641,411.94513888333336,14.88864257864177,392.9833333,447.15,0.3901344069583333,0.00455772675689339,0.382808448,0.39641653,13073.0,544.7083333333334,769.0,254226.24209999997,10592.760087499999,23637.42610000001,206772.5148,17550.8088,29902.9185,CASE_06,104584.0,2009215.9356,138296.6004,1635253.5087,3312.049109195834,5100.227102166291,1541.2957902308272,104727264.60967241,5904828.1770322,23.586181467960785,66.0134736589706,407.347161630866,0.387771524443464,10583.016441111109,23.810847449264102,65.73061570508202,412.96553850787336,0.38551771548414315,10572.525659141704,5.76195650716694
8,9,23.193610986666666,2.87441929612553,20.30499932,27.66666654,66.44777770916666,2.9149848978725275,61.99833336,69.95666644,524.1791666791667,107.34277565943145,432.7833333,784.4166667,0.3917367616666667,0.002601998205326096,0.387416611,0.395372693,13073.0,544.7083333333334,769.0,254206.8575,10591.952395833334,23630.9835,206791.0794,17544.1896,29871.5885,CASE_06,117657.0,2263422.7931,155840.79,1842044.5880999998,3836.2282758750007,5121.174685268334,1541.1639071149123,133249938.72847967,5895974.962998008,23.389512107469013,66.23105063910796,465.8774811853963,0.3897580229349315,10587.49316206784,23.72161252297587,65.83429703703365,429.0438820819871,0.3864168135791346,10575.334215540663,6.49135472999268
9,10,23.546180352083336,2.782498429279212,20.78833272,27.69333328,67.33215275666667,2.5624054238353504,63.61333294,70.48166644,425.6298611041666,23.38235524144626,399.1833333,471.0166667,0.3874733627916667,0.0050144167847256515,0.378594904,0.393883317,13073.0,544.7083333333334,769.0,254235.8053,10593.158554166666,23630.98350000003,206778.703,17525.9868,29931.1155,CASE_06,130730.0,2517658.5984,173366.7768,2048823.2910999998,4261.858136979167,5065.439271775459,1585.4150123024988,108210350.49754494,5986282.123550945,23.467922802720754,66.78213987096531,445.7339997762178,0.3886145762161128,10590.3286271261,23.698126022067697,66.03482690302398,428.58681992293066,0.38655826223084666,10577.720501608932,7.06899925789882
10,11,23.78152775416667,2.6503219019507513,21.12500041,27.80666656,67.90375004083333,2.624869301219938,63.55833327,70.73666712,401.91111110416665,7.368383204311949,391.9833333,412.2166667,0.3837509773749999,0.005442796057805425,0.374495929,0.390586314,13073.0,544.7083333333334,769.0,254249.84889999998,10593.743704166665,23637.42610000001,206784.8912,17555.7732,29909.1845,CASE_06,143803.0,2771908.4473,190922.55,2255608.1823,4663.769248083334,5016.776527223374,1614.854916208074,102185839.26946548,6046449.838108032,23.624801879555445,67.34321892027887,423.811851266115,0.3861815888134261,10592.036999812735,23.708616364036747,66.26990167109022,425.2315262050071,0.3862051595146175,10579.735913879633,7.88821779658649
11,12,24.21490002083333,2.4213044697925827,21.40499964,27.72999986,67.78601418041667,2.938758472132633,63.86833337,71.29333318,513.2122368541667,119.37938944757548,413.9,863.8035714,0.37921618320833334,0.0068927713389433575,0.364515824,0.38697107,13842.0,576.75,1538.0,253472.8592,10561.369133333334,23630.98350000003,206116.56559999997,17486.2716,29870.022,CASE_06,157645.0,3025381.3065,208408.8216,2461724.7479,5176.981484937501,5249.11040796975,1641.43155618958,130085373.05185325,6137819.943522763,23.91992300124949,67.56467061570311,468.52295985813697,0.3826980355340049,10576.699322022792,23.76914180056821,66.45115060185448,435.7494855483569,0.38536963809067415,10577.540193367387,8.87808309570653
12,13,24.833333269999997,2.075277539281742,22.59333369,27.83166666,68.21201379708333,2.5471729804295222,64.15666688,71.31833318,503.7798611125,84.64971998613133,450.95,758.5166667,0.371733050875,0.0062444343063975845,0.358940203,0.379982448,13842.0,576.75,769.0,254163.7253,10590.155220833332,23630.983499999973,206766.3266,17522.6772,29874.7215,CASE_06,171487.0,3279545.0318,225931.4988,2668491.0744999996,5680.761346050001,5145.52889021175,1693.9316716408082,128042566.2314696,6311732.49551963,24.376683892569485,67.88838172190911,486.1535626585119,0.377214873873245,10583.428092811215,23.891194443963155,66.65310486836378,443.55192280449086,0.3838056511913548,10578.987017076226,10.0330996764517
13,14,25.024791552916668,1.9149498096504836,22.90666631,27.75833327,68.10479167833334,2.4103164784147952,64.59166673,70.88500023,428.7500000041667,15.554422834219677,402.6333333,460.4833333,0.3655379145833333,0.007365453078909825,0.353046333,0.374381364,13073.0,544.7083333333334,769.0,253903.64120000004,10579.318383333335,23634.204799999978,206478.5753,17512.748399999997,29912.3175,CASE_06,184560.0,3533448.673,243444.24719999998,2874969.6498,6109.511346054167,4778.677157347916,1704.3082155051056,108861186.16555795,6353885.695556546,24.700757502626505,67.9965933048321,457.45002940670236,0.3713760378540204,10581.373112646239,24.016872381515324,66.8140482959781,441.9108855129716,0.3817803712726703,10579.02375449152,11.1660729033848
14,15,25.014235957916664,1.945360965033211,22.79499985,27.69499989,68.29765285583333,2.3182737248960352,65.37999967,71.08499972,432.7881944416667,10.12279294247164,417.7666667,451.1,0.36229077275,0.007171869823501111,0.352078878,0.370358769,13073.0,544.7083333333334,769.0,254132.6559,10588.860662500001,23634.204799999978,206698.2564,17540.88,29893.5195,CASE_06,197633.0,3787581.3289,260985.1272,3081667.9061999996,6542.299540495834,4736.22727216075,1708.413603907696,109985613.29562637,6356934.219294643,24.85750151371919,68.1471276742771,445.11873560296243,0.3668332666676356,10585.11700182755,24.124421175007015,66.97402995583269,440.92715757129525,0.3796787476959264,10580.084498650454,12.6288333877445
15,16,24.7433332,1.9929206461335187,22.49333331,27.67166662,68.28255556333333,2.3567514465888513,64.15333347,71.21333326,411.6520833291667,10.916798471348875,381.0833333,433.3666667,0.35980741516666664,0.008011062925332098,0.344491958,0.369136716,13073.0,544.7083333333334,769.0,254213.73969999998,10592.239154166666,23630.9835,206803.4558,17529.2964,29880.987500000003,CASE_06,210706.0,4041795.0686,278514.4236,3288471.3619999997,6953.951623825001,4703.762338473833,1689.5380240510704,104647615.55840349,6290095.265415167,24.800416485811198,68.21484265205378,428.3851541318747,0.36332028731334015,10588.678132335646,24.18966196581762,67.11196433419646,437.84121172201674,0.3775840696216329,10581.365745913208,14.6423638193444
16,17,25.256944370833327,1.8365481433022752,23.06000023,27.63666709,68.45340276791666,2.1928177406944775,65.55499992,70.91666667,405.39305554999993,14.73024722751415,386.0833333,426.5333333,0.3507756719583333,0.010617167635153331,0.33390083,0.363879336,13073.0,544.7083333333334,769.0,254265.29650000003,10594.387354166667,23634.204799999978,206800.3617,17525.9868,29938.948,CASE_06,223779.0,4296060.3651,296040.4104,3495271.7237,7359.344679375001,4585.690359511292,1728.9237857035191,103077385.4684617,6421964.449133943,25.028682169851226,68.33412362002679,416.8890171323726,0.35704793178156174,10591.532765030275,24.300094033297924,67.25076341767904,434.483790148158,0.3748101957473149,10582.713096075255,16.8584831906923
17,18,25.587847139999997,1.741177119801247,23.61833378,27.87166618,68.9075694875,2.036949611322165,66.08833313,71.31666692,398.6013888958334,13.592579439063972,376.9666667,416.4666667,0.34156889583333333,0.010393979397561816,0.325995667,0.355592283,13073.0,544.7083333333334,769.0,254198.473,10591.603041666667,23637.42610000001,206738.4797,17550.8088,29909.1845,CASE_06,236852.0,4550258.8381,313591.2192,3702010.2034,7757.946068270834,4465.330175229166,1763.196354835078,101323864.393,6504391.670345416,25.308265721452223,68.62084764752875,407.74516813308725,0.3493083842834169,10591.567903482515,24.43132498869304,67.41960342459919,430.8271250826993,0.37142267718992694,10583.61904306719,19.7087060978345
18,19,25.579583194166663,1.6412876912263543,23.80833263,27.79999971,69.27666663916666,2.068760306261018,66.45833352,71.90999997,465.0767543875,64.02267125247582,389.2333333,639.5087719,0.3330336140416667,0.0086899472199099,0.319007047,0.344415581,13073.0,544.7083333333334,769.0,254223.79570000002,10592.658154166667,23627.7622,206800.3617,17540.88,29882.554,CASE_06,249925.0,4804482.6338,331132.0992,3908810.5651000002,8223.022822658335,4353.748436366709,1772.0682577111138,118233577.79222688,6502938.73204498,25.44392471655844,68.94875776878663,436.41101593605924,0.3411709836416818,10592.113029864337,24.54689045455127,67.606505964896,434.2741497564297,0.3675590427343301,10584.528776679523,22.8795797199618
19,20,25.765347104583338,1.7385455608705407,23.70000025,28.26333316,69.56534715291667,2.1284991978634533,66.38000005,72.2899999,410.92083333333335,16.79821918220991,374.1166667,444.7166667,0.32137742666666663,0.01145097762173927,0.302420206,0.336739554,13073.0,544.7083333333334,769.0,254252.93060000002,10593.872108333335,23634.20480000004,206794.1735,17527.6416,29931.1155,CASE_06,262998.0,5058735.5644,348659.74079999997,4115604.7386000003,8633.943655991668,4201.367098813333,1792.3753158457364,104477826.11959419,6550915.009266539,25.604636063837177,69.25705275486466,423.6659124800185,0.3312741957158617,10592.99256993763,24.668275054087317,67.80164885582802,431.94765503724415,0.36295835630682916,10585.459574316928,25.0295619528496
20,21,25.918055454583335,1.806517975115121,23.38333289,28.47166656,69.55652787916667,1.7942948228359037,66.68499997,71.58166644,397.9083333333333,12.503006119459464,378.0,413.8666667,0.30753172241666665,0.012038686563875687,0.283822061,0.321387506,13073.0,544.7083333333334,769.0,254220.13170000003,10592.5054875,23637.42610000001,206760.1384,17550.8088,29909.1845,CASE_06,276071.0,5312955.696099999,366210.54959999997,4322364.877,9031.851989325001,4020.362207153083,1802.7699468005135,101156308.9045275,6588891.47107208,25.761345833935295,69.40679038841613,410.78711676558754,0.31940295340561475,10592.749028602686,24.79174320376235,67.97501664574469,428.58484660681336,0.3574826551945234,10586.155653294594,27.1509637730523
21,22,25.233472182499998,1.8065319114751075,23.09833371,27.646667,69.72145821875,2.0516684799119873,66.65333316,72.25166626,453.1993055666667,57.86518425433175,378.0166667,642.5666667,0.30232950408333337,0.00991661593220069,0.289308575,0.316652044,13073.0,544.7083333333334,769.0,254200.35499999998,10591.681458333333,23627.76219999997,206781.79709999997,17537.5704,29880.9875,CASE_06,289144.0,5567156.051099999,383748.12,4529146.6741,9485.051294891668,3952.353606881417,1759.314476486164,115203424.36080013,6414357.586674124,25.497408945290186,69.56412434109441,431.9932162220552,0.3108662267091598,10592.215243340745,24.83508454229892,68.14637310885533,430.99995553111836,0.3520711664565654,10586.697831413756,29.1897575381542
22,23,26.113541708333333,1.7774959187398656,24.03000011,28.5616669,69.67888900000001,1.757889202203995,67.35000064,71.73499997,424.4069444375,27.2851633124201,382.05,464.0833333,0.28441558654166665,0.01147633451984599,0.267095195,0.300587127,13073.0,544.7083333333334,769.0,254307.78220000002,10596.157591666668,23634.204800000007,206834.3968,17537.5704,29935.815,CASE_06,302217.0,5821463.833299999,401285.6904,4735981.070900001,9909.458239329168,3718.164962859208,1819.562574091829,107929988.79017925,6640876.877233449,25.80547536353614,69.62150667738771,428.2000798776005,0.29764090504883206,10594.186417738689,24.95982183848349,68.29589856320764,430.35668456406376,0.34547010516597815,10587.62080712843,31.8213109348789
23,24,26.3913888575,1.5496595785975873,24.47666658,28.7100001,69.94354166916666,1.9158438147551649,67.33499985,72.20333328,435.20555554999993,30.59814759125592,384.8833333,487.5166667,0.26966394758333334,0.010578743846202486,0.250775688,0.284764057,13073.0,544.7083333333334,769.0,254183.93300000002,10590.997208333334,23637.42610000001,206738.4797,17542.5348,29902.9185,CASE_06,315290.0,6075647.766299999,418828.22520000004,4942719.550600001,10344.663794879167,3525.316786756917,1845.907206261732,110622259.77314897,6708267.017131727,26.098432127979653,69.78252418287457,431.7028179225797,0.28365242548230435,10592.591812940967,25.098857633286865,68.45591997034141,430.8276137084721,0.33810770492171033,10587.948727944477,34.2266089651627
24,25,27.335277717500002,1.8372526702096565,25.09333369,29.86833286,69.98659721416666,1.6034512139936286,67.95999947,72.29500046,432.58888887500007,43.59491525329981,369.25,499.9166667,0.24996840558333333,0.015903514001919535,0.224590626,0.271346922,13073.0,544.7083333333334,769.0,254189.1141,10591.2130875,23630.98350000003,206775.6089,17530.9512,29882.554000000004,CASE_06,328363.0,6329836.880399999,436359.17640000005,5149495.159500001,10777.252683754166,3267.8369661909164,1913.1030713520577,109959386.43263961,6948330.026688796,26.716854941170265,69.88456070156154,432.14585341199336,0.2668104150308878,10591.90245019994,25.315246236054204,68.60402323252242,430.9980288621653,0.3295796381388394,10588.264576567075,36.0157621174126
25,26,27.041527721250002,1.239883109257485,25.59000034,29.08166698,69.8945832725,1.9014202554958828,67.10166639,72.00666644,504.4397756458334,64.98680434185319,446.95,711.8616667,0.24409575966666666,0.0076505311388956375,0.229122412,0.254518227,13073.0,544.7083333333334,769.0,254231.01750000002,10592.9590625,23630.983499999973,206778.70299999998,17524.332,29927.9825,CASE_06,341436.0,6584067.897899999,453883.50840000005,5356273.862500001,11281.6924594,3191.0638661223334,1890.0563111285255,128244237.42991194,6874795.107327845,26.879191333629137,69.88957198710546,468.2928150675451,0.25545308717953985,10592.430756357842,25.48176169298949,68.7285094166136,438.082149342332,0.3213339451817723,10588.717402179178,36.79037461208965
26,27,27.488680442499998,1.5495613395864,25.71500031,29.80666596,70.11652771083334,1.7525613195564083,67.7850001,72.13833262,489.80361109999996,34.37029258937308,441.9833333,581.2833333,0.231479004375,0.010760779956229883,0.211784523,0.246689445,13073.0,544.7083333333334,769.0,254237.2181,10593.217420833333,23637.426099999982,206778.703,17552.4636,29906.0515,CASE_06,354509.0,6838305.115999999,471435.97200000007,5563052.5655000005,11771.4960705,3026.125024194375,1927.4108239807936,124526307.50139827,6988645.644941077,27.183935890335093,70.00304984981487,479.0482131639065,0.24346604568795951,10592.824088598516,25.6748593476854,68.86205895734824,443.05858048349586,0.31268846397489275,10589.150375884972,37.5649871067667
27,28,31.26003597833333,1.552975107457885,26.14576304,32.38000107,90.66691563458335,5.779072545121518,71.57000008,93.35000229,564.1712908166667,68.45435070691158,457.6833333,695.6,0.23258977454166666,0.001052925800726597,0.230535409,0.235103011,13073.0,544.7083333333334,769.0,254237.2181,10593.217420833333,23637.426099999982,206778.703,17552.4636,29906.0515,CASE_06,367582.0,7092542.3341,488988.4356000001,5769831.2685,12335.667361316666,3040.646122583208,2834.251044781588,143433339.5091154,7947464.584837378,29.221985941926537,80.33498278068856,521.6097521488407,0.23802791009455446,10593.02075471666,26.211133475982304,70.95570456258432,454.68750781288315,0.30499759622009,10589.540882959083,37.9402165946304
0,1,25.78312493695147,2.202426144409542,23.0150000572204,29.0866669972737,59.564791644944044,3.0954333484384287,50.3299999872843,62.5400000890096,519.8937499999997,11.661386515956709,495.183333333333,545.016666666666,1.833170523466307,0.23829787596313828,1.54481509413147,2.24176847934735,13072.9999999999,544.7083333333292,769.0000000000009,254244.6578,10593.527408333333,23634.204800000065,206834.39679999996,17499.510000000002,29910.751,CASE_07,13072.9999999999,254244.6578,17499.510000000002,206834.39679999996,519.8937499999997,23965.038253274848,1535.7664648250754,132180208.56110868,6555221.7766098725,25.78312493695147,59.564791644944044,519.8937499999997,1.833170523466307,10593.527408333333,25.78312493695147,59.564791644944044,519.8937499999997,1.833170523466307,10593.527408333333,2.84420877444458
1,2,26.232569397820328,2.327111476742451,23.1316671053568,29.5450000127156,59.174722297986285,2.295193133331683,54.8850000381469,63.1866671880086,540.9548611111109,53.79793845853315,460.666666666666,693.433333333333,1.2386364700593735,0.16181623916469426,1.02207721664707,1.52717602451642,13072.9999999999,544.7083333333292,769.0000000000009,254236.47280000002,10593.186366666667,23634.204800000007,206781.7971,17539.2252,29915.4505,CASE_07,26145.9999999998,508481.13060000003,35038.7352,413616.19389999995,1060.8486111111106,16192.694573086066,1552.3050092786712,137530455.83290273,6669275.916183061,26.082754577530707,59.30474541363887,533.9344907407404,1.4368144878616846,10593.300047222221,26.191747920902174,59.21015093985348,539.0419536532443,1.2926359299510115,10593.217342294884,2.85058622300634
2,3,27.821249906221976,3.573243503199664,23.196666653951,33.4700004577636,53.742916695276854,4.472110800299735,46.0700002670288,60.8200002670288,552.8111111111108,56.90252684836049,483.333333333333,747.616666666666,0.702048793956655,0.2126789009851815,0.429727880551244,1.01258581032355,13072.9999999999,544.7083333333292,769.0000000000009,254149.1736,10589.5489,23627.7622,206719.91509999998,17532.606,29896.6525,CASE_07,39218.9999999997,762630.3042,52571.3412,620336.1089999999,1613.6597222222213,9177.88388339528,1495.1951160685667,140496487.0457866,7070747.672185393,27.076180479640005,56.12655757457486,544.7211309523807,1.0169483770588106,10591.156534523809,26.972185450380735,56.591660858001525,545.6365864467168,1.009778732163188,10591.460369877883,2.90292152159325
3,4,27.668194301923062,3.225821753766906,23.4849999427795,32.5883324940999,56.021319418483266,4.986935123432283,46.794999885559,63.1716667175293,542.097222222222,29.51843063093931,486.7,644.666666666666,0.21046337713018623,0.14524556525165996,0.0350538334266275,0.454429400960604,13072.9999999999,544.7083333333292,769.0000000000009,254185.59759999998,10591.066566666666,23630.98350000012,206797.26759999996,17499.51,29888.82,CASE_07,52291.9999999996,1016815.9018,70070.8512,827133.3765999998,2155.7569444444434,2751.3877292229035,1550.0087507206904,137793306.38785547,7032856.503147228,27.391921184857633,56.07043055799268,543.3217129629627,0.5868230437635443,10591.108551666666,27.200742458669477,56.404370807263625,544.4743217763722,0.7472976935661002,10591.331051861867,2.9873783998042
4,5,28.571735903951804,3.4160565481086884,23.9349997520446,33.1349991480509,49.911388860808444,3.9900878974433245,44.5699996312459,55.4316666285196,496.0347222222219,37.3983275759545,450.45,544.916666666666,0.006356958409049983,0.01266494828221422,0.0,0.0442026571681102,13072.9999999999,544.7083333333292,769.0000000000009,254308.7516,10596.197983333333,23634.204800000007,206846.7732,17529.2964,29932.682,CASE_07,65364.9999999995,1271124.6534,87600.1476,1033980.1497999998,2651.791666666665,83.1045172815098,1426.0550211304608,126145970.95858602,7266042.488778881,28.00085781406753,52.891570327187914,518.9155241935481,0.287227644870902,10593.735355107527,27.54736983554887,54.76275442465463,532.2273694745064,0.5599661316725358,10592.561554965447,2.99693945429194
5,6,29.046180344952433,2.1548728201713656,26.2749996821085,32.2233331044515,50.640972190433025,4.690438055236924,45.0583335876464,59.3933332443237,517.884722222222,37.19647438137547,461.583333333333,620.416666666666,0.0,0.0,0.0,0.0,13072.9999999999,544.7083333333292,769.0000000000009,254196.18219999998,10591.507591666666,23637.42610000001,206753.9502,17540.88,29901.352,CASE_07,78437.9999999994,1525320.8355999999,105141.0276,1240734.0999999999,3169.6763888888872,0.0,1470.9268110870385,131644319.20859632,7383428.151179587,28.531815290072558,51.74840936883622,518.3919422398586,0.14133423795234862,10592.603792724869,27.859313320115056,53.90489874196547,529.2422720697907,0.44342185522328076,10592.34219635943,3.10971444621474
6,7,29.759513706631086,2.566688210330222,25.8583327929178,33.6133326212565,52.26479166083862,5.903323717557284,42.5783333460489,60.1633335749308,664.5604166666662,165.99889026657317,481.25,999.516666666666,0.0,0.0,0.0,0.0,13072.9999999999,544.7083333333292,769.0000000000009,254164.2921,10590.1788375,23630.9835,206775.6089,17506.1292,29882.554000000004,CASE_07,91510.9999999993,1779485.1276999998,122647.1568,1447509.7089,3834.2368055555535,0.0,1555.3747838049449,168907527.85976425,7563805.734486137,29.15049795668473,52.00863351598703,592.0516458880137,0.07011068496848791,10591.38176804462,28.199577990221098,53.6112084033789,553.4733921965675,0.3640192867594385,10591.954808485052,3.3020206197858
7,8,28.19562486675046,3.0429968747038556,24.8199993451436,33.3150004704793,50.610000072585166,3.3910945290858265,44.7500001271565,55.7116664886474,592.3326388888886,116.3401251080893,473.7,874.366666666666,0.793160761602045,0.9390124919026542,0.0,1.97844880024592,13072.9999999999,544.7083333333292,769.0000000000009,254262.0857,10594.253570833333,23630.98350000003,206806.54989999998,17525.9868,29929.549,CASE_07,104583.9999999992,2033747.2133999998,140173.1436,1654316.2588,4426.569444444442,10368.990636423454,1426.980576552825,150607732.19207373,7169078.386234757,28.671189111541253,51.30657437576962,592.1926933551196,0.4330534685335675,10592.823300424836,28.198949423624164,53.13400112129247,559.652208677816,0.4322549486223527,10592.320323308242,3.61025979756894
8,9,28.126080437613478,3.808179767347523,23.4949998537699,33.8416669845581,49.64265645151977,3.6014754129170954,44.6416662851969,53.548333231608,573.6463865348395,71.56333090439509,488.7,759.283333333333,1.98409325853551,0.041392234929411076,1.92217449744542,2.04477066596349,13841.9999999999,576.7499999999958,769.0000000000009,254148.1968,10589.5082,23630.98349999989,206729.1974,17545.8444,29873.155,CASE_07,118425.9999999991,2287895.4102,157718.988,1861045.4562,5000.215830979281,27463.81888464833,1396.2533484922567,145791194.73866525,7148192.626271221,28.398101400141037,50.472987313914516,582.9013928737268,1.2100910149924664,10591.162506474233,28.188414630251785,52.62925147811209,561.675370796724,0.6566068552054716,10591.913769853723,3.99250202961029
9,10,27.889444336626223,3.599006671517728,23.4566665013631,33.4016666412353,51.61270141469103,2.188809666929396,47.2949995676676,55.8216668446858,562.1034722222219,31.34175011775307,510.666666666666,630.133333333333,2.030761237442489,0.04156191562766838,1.96783348917961,2.08967278401056,13072.9999999999,544.7083333333292,769.0000000000009,254178.36960000003,10590.765400000002,23630.9835,206763.23249999998,17502.8196,29912.3175,CASE_07,131498.999999999,2542073.7797999997,175221.8076,2067808.6886999998,5562.319303201503,26548.141657085453,1439.4495631679351,142874544.11594325,7088893.490533608,28.14352425789315,51.043401409317816,572.4922673863656,1.6208272358081177,10590.963759147931,28.148389097665433,52.49315783082794,561.7326841416344,0.8405758386717337,10591.760028442013,4.8645228611951
10,11,28.012742985619386,4.140987941710417,22.9349997520446,34.3983344395955,53.43159717983665,3.1435101796599274,49.961666615804,59.8783330917358,506.1055555555552,41.16742623755704,456.933333333333,569.033333333333,2.063988412171597,0.053870145788281115,1.96787133018175,2.13771592378616,13072.9999999999,544.7083333333292,769.0000000000009,254125.01600000003,10588.542333333335,23634.204800000007,206695.1623,17514.4032,29915.4505,CASE_07,144571.99999999892,2796198.7957999995,192736.2108,2274503.851,6068.424858757058,26982.520512319083,1496.7655991099098,128614082.40324438,7118738.759424415,28.078101677136758,52.23808263501947,539.2826958598635,1.8425160704911674,10589.752454783424,28.13132741241834,52.61119554348157,554.7358558151943,0.9944577298777626,10591.35530396936,5.94890296078728
11,12,27.724428406688855,4.0028598500460335,22.1950001716613,33.5983324050903,57.2259028964572,2.185073918410071,53.7183331807454,60.2483330408732,496.1291666666663,36.834072469330955,452.0,549.8,2.102085662550391,0.05053325951674646,2.03069262901941,2.18070689837137,13072.9999999999,544.7083333333292,769.0000000000009,254001.5095,10583.396229166667,23637.42610000001,206593.057,17524.332,29884.1205,CASE_07,157644.99999999884,3050200.3052999997,210260.5428,2481096.908,6564.554025423725,27480.565866521054,1586.555447860956,126017557.24031033,7042046.665323649,27.9012218583633,54.73260177920127,517.7006622120813,1.9723325599996633,10586.573565879122,28.082683258858605,53.16287674680359,547.7295157985666,1.1268729545042822,10590.403808754469,7.40357668610407
12,13,28.974999858273346,3.2014697202420894,25.0466668446858,33.6766660690307,58.23381938669413,1.9382409021992952,55.0100000381469,60.9416667302449,485.38194444444406,32.38806611662218,443.083333333333,525.25,2.1223086355460965,0.03663898472148282,2.0690098841985,2.17285423676172,13072.9999999999,544.7083333333292,769.0000000000009,254173.55340000003,10590.564725000002,23630.9835,206772.51479999998,17502.8196,29898.219,CASE_07,170717.99999999875,3304373.8586999997,227763.36239999998,2687869.4228,7049.935969868169,27744.940792493908,1687.324908476178,123371253.57564574,7364678.673741833,28.43817640452757,56.48342430640072,501.53933050945136,2.0473297527036296,10588.569389070322,28.185023488819205,53.74446565395133,540.5788421542001,1.24103996268907,10590.422264317867,9.10723080557587
13,14,29.066506821711773,3.076153058848069,25.3033330281575,33.889999961853,59.631632050937924,1.5955352135256808,56.7599997202555,62.1333333333333,499.515972222222,31.764341861112165,455.6,546.5,2.1694372365872017,0.033144445126562234,2.11905874808629,2.21652640104293,13072.9999999999,544.7083333333292,769.0000000000009,254242.38559999998,10593.432733333333,23630.98349999989,206781.79709999997,17532.606,29927.9825,CASE_07,183790.99999999866,3558616.2443,245295.96839999998,2894651.2199,7549.451942090391,28361.05299390427,1733.2832397983937,126998132.42308104,7389938.035410674,28.752360789412695,58.05762426020947,500.52758961407307,2.108387221297552,10591.001209628375,28.282750455824985,54.397155154441265,536.0263457140953,1.3439681138734751,10590.756024464166,10.8057009922821
14,15,28.71097210619186,2.848181812897831,25.4516664822896,32.821666653951,60.962986116673584,0.714668649009795,58.8483331044515,62.1916667302449,547.7388888888887,30.88777613403351,490.75,594.766666666666,2.2299815995825614,0.032604740082524786,2.18613758484522,2.29651004076004,13072.9999999999,544.7083333333292,769.0000000000009,254144.23759999996,10589.343233333331,23634.204800000007,206710.6328,17525.9868,29907.618000000002,CASE_07,196863.99999999857,3812760.4819,262821.95519999997,3101361.8526999997,8097.19083097928,29152.549451342602,1750.306593905977,139204682.32053772,7296728.116682996,28.73166581624182,59.5103495220982,524.133959660723,2.1691862658796497,10590.172196181373,28.328926918384557,55.10516897704984,537.2893454034498,1.4395096833272154,10590.603678834977,12.3734568331836
15,16,27.733395688533705,3.2214730480460085,23.4233330408732,32.691666094462,59.959236047002946,2.411206533571089,56.0366666793823,63.6949993133544,532.8347222222219,26.084951545767954,484.2,583.566666666666,2.3119670372870176,0.03902439237101595,2.25257299343744,2.36718401114145,13072.9999999999,544.7083333333292,769.0000000000009,254179.3113,10590.8046375,23637.42610000001,206732.2915,17542.5348,29904.485,CASE_07,209936.9999999985,4066939.7932,280364.49,3308094.1441999995,8630.025553201502,30224.34507845295,1662.8732184737262,135435562.73117116,7049255.416121886,28.232523136074892,59.73479620933523,528.4844073240356,2.2405777409307923,10590.488421665905,28.266150745327778,55.61684618076074,536.8197744024503,1.53147720927973,10590.624862301604,14.4706933261056
16,17,28.346270627313015,3.0174896465261387,24.6016665140787,32.6783332824707,61.746597242355286,1.2703119316542655,58.0900001525878,63.1350001653035,537.0749999999997,41.42044499868258,480.55,603.666666666666,2.3635951548814735,0.038179579553748635,2.31355890830357,2.4503844499588,13072.9999999999,544.7083333333292,769.0000000000009,254079.3226,10586.638441666668,23630.9835,206695.1623,17509.4388,29874.7215,CASE_07,223009.9999999984,4321019.1158,297873.9288,3514789.3064999995,9167.1005532015,30899.27945976527,1750.2857557475024,136459652.18539494,7202201.239223968,28.28939731560951,60.74070440031571,532.779736432778,2.3020869171839053,10588.563416979665,28.274440776318944,56.25109357366282,536.8461826804082,1.6175767314759302,10590.212386024947,15.8782050678144
17,18,28.49472203652059,3.9437937434451076,23.3583327929178,33.996667098999,62.17409707970085,3.717936575114413,55.164999961853,67.3583324432373,556.1701388888886,29.38472375671564,497.916666666666,647.816666666666,2.434256517721543,0.0497402874601255,2.36355099280675,2.49628942410151,13072.9999999999,544.7083333333292,769.0000000000009,254228.01170000003,10592.833820833335,23630.983499999973,206775.60889999996,17525.9868,29926.416,CASE_07,236082.9999999983,4575247.1274999995,315399.9156,3721564.9153999994,9723.27069209039,31823.035456173486,1771.6336141577221,141394028.576635,7244156.527288805,28.39206006769237,61.45740347399827,544.4749822746555,2.3681719695471926,10590.69862705168,28.29688896151955,56.854688629936135,538.8154275784048,1.7008020547487734,10590.479528377484,19.0685252182978
18,19,28.857430493831583,3.3872151649578264,24.3083326657613,33.4633338928222,63.33361106713608,1.9260823602751707,59.5366664250691,66.7383336385091,508.7388888888886,42.674819280429084,440.816666666666,568.65,2.509057870672803,0.03960781729547855,2.45617459217707,2.57684071858723,13072.9999999999,544.7083333333292,769.0000000000009,254159.21719999998,10589.967383333333,23637.426099999982,206723.00919999997,17516.058,29920.15,CASE_07,249155.99999999822,4829406.344699999,332915.9736,3928287.9245999996,10232.009580979278,32800.9135433053,1827.6452792932423,129300677.7591977,7334381.944715644,28.624745724574648,62.39550905986159,526.6069015011127,2.438615054469519,10590.333004495138,28.353304185034375,57.506754242134846,535.78840004358,1.782148270656159,10590.427983977163,22.041523476527
19,20,27.724055433538194,2.0026750526186943,24.7516665458679,30.8433328310648,63.61687492529547,1.4136387461694593,61.3900001525878,65.8566670735677,507.4562499999997,40.362348611974234,447.866666666666,575.283333333333,2.6279910504817927,0.044650259239087706,2.58959419329961,2.73294785817464,13072.9999999999,544.7083333333292,769.0000000000009,252944.9919,10539.3746625,23637.426099999982,205711.2385,17479.6524,29754.101,CASE_07,262228.99999999814,5082351.336599999,350395.62600000005,4133999.1630999995,10739.465830979278,34355.72700294821,1763.7177669373575,128358517.0458543,7012660.97707147,28.174400149573415,63.00619257497171,517.0315666188053,2.533303142777254,10564.853809198714,28.290617418371884,58.115454233408926,532.965905958998,1.866412480709827,10585.34197046792,24.9226367599211
20,21,26.604319398668085,2.317205062246059,23.6816666285196,30.2150000572204,65.79911099857729,3.0450532515995534,60.4950003306071,69.1300001780192,534.3694444444442,56.8427148225264,434.8,637.116666666666,2.7595523286196872,0.037039986205528404,2.72999604145685,2.86222355365753,13072.9999999999,544.7083333333292,769.0000000000009,254102.1385,10587.589104166667,23630.98350000003,206682.7859,17552.4636,29866.889000000003,CASE_07,275301.999999998,5336453.475099999,367948.08960000006,4340681.948999999,11273.835275423722,36075.6275920449,1750.5405651545643,135784418.58239022,6760214.452538595,27.389359399784148,64.40265245265846,525.7005096652988,2.646427789640506,10576.221462103209,28.124024874425064,58.87453709561167,533.104564158252,1.9546474413306747,10585.563969020423,28.6000723739128
21,22,24.080496550059934,2.595661575715953,20.0666668256123,27.5721088513355,67.58256217263005,1.1395333887629016,65.6066666920979,69.3716673533121,522.8381944444442,46.15103538001485,470.716666666666,654.383333333333,2.940325250393809,0.043891386334414396,2.87439045508702,3.0399397333463,13072.9999999999,544.7083333333292,769.0000000000009,254043.56660000002,10585.148608333335,23630.98350000003,206713.72689999998,17489.5812,29840.2585,CASE_07,288374.9999999979,5590497.0417,385437.6708000001,4547395.675899999,11796.673469868167,38438.87199839797,1627.4216552422288,132823679.67137092,6117495.229076222,25.734927580474757,65.99260769171913,524.2693517136569,2.793376555052473,10580.685036282472,27.72728402556944,59.72894665671071,532.0972537332505,2.0513596736426027,10585.523214872472,33.1178951731524
22,23,24.18158965010046,3.689184215130384,19.5433334668477,29.479999923706,68.85687642645702,1.1587202176884452,66.5666671752929,70.5666659037272,535.9743055555552,31.59517184281499,463.9,594.95,3.0408795666363453,0.03931312839459256,2.973144809405,3.11330068906148,13072.9999999999,544.7083333333292,769.0000000000009,253780.1359,10574.172329166666,23634.204799999978,206416.6933,17502.8196,29860.623,CASE_07,301447.9999999978,5844277.1776,402940.49040000007,4753812.3692,12332.647775423722,39753.418574636635,1665.0687303322593,136019632.10279694,6136807.1076805275,24.958258522701442,67.42474222981181,530.1218293322758,2.91712807559674,10577.42868233638,27.381335532930667,60.61954613042836,532.475532313347,2.1479057600130576,10584.415724664854,37.871143531964
23,24,24.811534702553313,3.511807962218864,20.1633335113525,30.176666355133,70.59002318463408,2.617938623308538,66.5216663360595,74.3000002543131,519.0474340866286,32.837001059188815,449.566666666666,559.35,3.1978038192679272,0.08881007742432484,3.06266517241795,3.37109512488047,13841.9999999999,576.7499999999958,769.0000000000009,253659.29370000004,10569.137237500001,23404.77470000001,206364.09359999996,17486.2716,29808.9285,CASE_07,315289.9999999977,6097936.4713,420426.76200000005,4960176.4628,12851.695209510352,44264.00046630633,1751.4468098995915,131661205.52721155,6293676.368262714,24.88489660825467,69.00738280155568,524.5846313794094,3.057465955797123,10573.282959671087,27.131752875470905,61.58789283259859,531.171376598072,2.24987333064856,10582.931856583136,41.6912702257211
24,25,23.716666542159135,4.561552460965069,17.3783328692118,32.1616662979125,72.7546596569497,1.4702935853165198,69.2333329518636,74.7416669209798,492.14062499999955,50.82378834068927,409.783333333333,554.666666666666,3.3896573526653104,0.06513888687977452,3.26814007759094,3.50551762580871,13072.9999999999,544.7083333333292,769.0000000000009,254013.98400000005,10583.916000000003,23630.983499999973,206664.22129999998,17481.3072,29868.455500000004,CASE_07,328362.99999999756,6351950.4553000005,437908.0692,5166840.6841,13343.835834510352,44312.99057139327,1725.498002472154,125010600.84449992,6024364.955573347,24.300781557798917,70.88102128509146,508.3626277062511,3.223561659181254,10578.59947999399,26.801320428896286,62.6683522183853,527.3948903006699,2.3601550588988753,10583.027079041743,47.4629359496571
25,26,21.33006933397712,4.1768256807306345,17.1383337020874,27.3849999745686,72.17159785701708,1.506129821658986,68.0832941090848,74.0016657511393,482.7277777777774,63.10567905026508,400.916666666666,573.933333333333,3.5222148775232682,0.02579699453606561,3.47344464063644,3.5757374882698,13072.9999999999,544.7083333333292,769.0000000000009,253999.85280000002,10583.327200000002,23630.9835,206605.4334,17496.2004,29898.219,CASE_07,341435.99999999744,6605950.308100001,455404.2696,5373446.117500001,13826.56361228813,46045.91509386133,1539.4251862340889,122612784.49802658,5417834.4710439835,22.815425423754487,71.52630958066982,495.54520255101977,3.372888270577401,10580.96334003222,26.27356879401455,63.585026181151896,523.0863434527115,2.4722462348419634,10583.056028421626,51.1003487157655
26,27,21.221840173006324,3.9859028381190105,17.0783336321512,27.1949999491373,73.09836673824726,1.3411924474378054,69.8166666412353,74.8333333333333,494.4305555555552,75.31391690947233,393.816666666666,581.616666666666,3.5960321870115024,0.017707262656372708,3.56381653547286,3.63358227014541,13072.9999999999,544.7083333333292,769.0000000000009,253930.3946,10580.433108333333,23634.20480000004,206524.9868,17525.9868,29879.421000000002,CASE_07,354508.9999999973,6859880.702700001,472930.2564,5579971.104300001,14320.994167843684,47010.92878080101,1551.281855826885,125550946.07451935,5388870.249269628,22.01863279244384,72.3123381653149,494.9878790491351,3.4844602296257277,10580.6982241808,25.787511772964347,64.50036156797142,520.3291987313551,2.5803724017817418,10582.803661594306,56.665814132515
27,28,23.53837247149242,4.746434262476525,17.0283334414164,29.8316660245259,74.5959888341418,0.7962214261578461,72.8108696315599,76.5934258965598,654.8562499999789,133.42196696500127,426.416666666666,897.066666666666,3.602895687063809,0.05269761237134445,3.50578251679738,3.66228699684143,13072.9999999999,544.7083333333292,769.0000000000009,254033.7341999999,10584.738924999996,23627.762200000023,206639.46849999996,17522.6772,29871.5884999999,CASE_07,367581.9999999972,7113914.436900001,490452.9336,5786610.572800001,14975.850417843663,47100.65531698482,1755.8681700573193,166355578.5517033,5979540.6559237,22.778502634798866,73.45416350398199,574.922064822335,3.5436779585653713,10582.718574597926,25.5715552691545,65.46971743078645,533.246136175295,2.6785524271848624,10582.98948055126,63.7521118486819
0,1,29.749652650833337,1.6403701232356565,27.68000005,32.84333356,71.37200209875,1.7072534492117923,67.54305042,73.63499997,526.1215277791666,74.23326886056954,455.6666667,686.3,0.0,0.0,0.0,0.0,2221.2,92.55,123.40000000000008,182257.9605,7594.081687499999,18255.19,182257.9605,0.0,0.0,CASE_08,2221.2,182257.9605,0.0,182257.9605,526.1215277791666,0.0,2123.2922714323604,95889836.62817499,5422111.017724303,29.749652650833337,71.37200209875,526.1215277791666,0.0,7594.081687499999,29.749652650833337,71.37200209875,526.1215277791666,0.0,7594.081687499999,1.91811906184545
1,2,30.908750030000004,2.3635086076130145,26.78500001,34.06500022,67.74375981333334,3.060556669711208,63.40500018,72.42500076,548.1466269958333,81.82276765389514,443.1166667,698.6666667,1.253851931125,1.0133476091980718,0.0,2.129227805,2221.2,92.55,123.40000000000008,182353.8776,7598.078233333334,18564.599999999977,182353.8776,0.0,0.0,CASE_08,4442.4,364611.8381,0.0,364611.8381,1074.2681547749999,2785.05590941485,2093.87493816268,99956662.92605105,5636330.419739617,30.522384236944447,68.95317390847224,540.8049272569444,0.8359012874166667,7596.746051388888,30.80347324715108,68.07330043871178,546.1461638517219,1.1399689219401679,7597.715240977899,2.0717806948503
2,3,30.41409704,1.620329544789178,28.29333274,32.65499973,69.63865280916666,1.9307738452557917,66.88833364,72.70166664,505.3986111083334,59.050467059173904,441.8666667,621.1,2.110684643125,0.010126189765975247,2.098546859,2.127611216,2221.2,92.55,123.40000000000008,183204.75509999998,7633.531462499999,18564.60000000001,183204.75509999998,0.0,0.0,CASE_08,6663.599999999999,547816.5932,0.0,547816.5932,1579.6667658833333,4688.25272930925,2117.9967442728635,92591428.77598235,5572007.199800835,30.460505838690477,69.34487613744048,520.5727466005953,1.56434891925,7617.766286309524,30.61698448685228,68.82301400013556,526.6304347014402,1.6048858021235377,7614.869146706022,2.21076764457266
3,4,29.371027650000002,1.3640814746776946,27.22833322,31.21666698,70.71050686875,1.9832483123821198,67.79500071,73.20999972,517.2833333333333,88.5727661756522,428.4833333,698.65,2.143313981791667,0.012396915654726734,2.125722365,2.177571821,2221.2,92.55,123.40000000000008,182759.2047,7614.9668625,18564.60000000001,182759.2047,0.0,0.0,CASE_08,8884.8,730575.7979,0.0,730575.7979,2096.950099216667,4760.729016355651,2076.8402523875716,94538290.604565,5367825.654535711,29.879450804722225,70.07321252747222,518.8183928580555,1.873130285938889,7616.273260277778,30.20783427783293,69.44283330596893,523.5610117765276,1.7816961022376834,7614.901234846115,2.40926574014178
4,5,30.795972108750004,3.356718928072839,26.70333341,36.10333296,71.66400700999999,0.8345935705250533,70.21666616,72.76333338,428.27013889166665,13.176146358422134,410.2666667,449.9166667,2.1798307565833333,0.02408941179920883,2.1408331,2.212710981,2221.2,92.55,123.40000000000008,182189.89029999997,7591.245429166665,18255.19,182189.89029999997,0.0,0.0,CASE_08,11106.0,912765.6882,0.0,912765.6882,2525.2202381083334,4841.8400765229,2206.9627610812245,78026489.62343849,5610714.780175022,30.35249405841398,70.89426774426074,472.08381016572577,2.031427303045699,7603.355670026881,30.356532781298306,70.00441120210776,499.4686826539583,1.8823562267302534,7608.9203529543365,2.80847919939534
5,6,33.573402648333335,4.030984652208953,28.60666679,40.36333281,70.95145834291667,1.3690186816374563,68.59833336,72.99499906,431.4347222208333,15.99422270899196,396.1666667,452.65,2.1786807324583335,0.026327590783220958,2.130521043,2.21294922,2221.2,92.55,123.40000000000008,182149.66699999996,7589.569458333332,18255.19,182149.66699999996,0.0,0.0,CASE_08,13327.2,1094915.3551999999,0.0,1094915.3551999999,2956.654960329167,4839.28564293645,2382.081879433191,78585690.98476227,6115384.112450833,31.988511119960318,70.92331693722883,451.4366543841931,2.1062226957632277,7596.353149801586,31.026051435873388,70.20151762970409,485.3089536200377,1.9440294658083233,7604.89290221278,3.20107129968366
6,7,30.282013833333334,2.6259727446794683,25.8699995,34.79000003,69.72374988958333,1.8225964542406925,66.69499944,72.21283328,488.3118055541667,67.08333324689167,407.5833333,613.4333333,2.233124530458333,0.03761023410227967,2.19329505,2.321413036,2221.2,92.55,123.40000000000008,182245.58409999998,7593.566004166666,18255.190000000017,182245.58409999998,0.0,0.0,CASE_08,15548.400000000001,1277160.9392999997,0.0,1277160.9392999997,3444.9667658833337,4960.216207054049,2111.375558668236,88992670.22614473,5518763.2987801125,31.128543983392387,70.31881070849408,470.0194077296916,2.170173226633202,7594.948603969815,30.89281827206009,70.11596481978304,485.8466676579856,1.9957970780561962,7602.864619693561,3.54108136431135
7,8,28.127499965,2.3417823858688895,25.54833352,31.75666641,70.9357918,1.3571209544915352,69.09333293,72.72833392,491.8701388833333,51.65181192712462,437.4,609.75,2.3242001109583335,0.024510378959462606,2.286580038,2.361946336,2221.2,92.55,123.40000000000008,182140.38469999997,7589.182695833332,18255.19000000001,182140.38469999997,0.0,0.0,CASE_08,17769.600000000002,1459301.3239999998,0.0,1459301.3239999998,3936.836904766667,5162.513286460649,1995.2464813717472,89589416.31865273,5123153.664274335,29.622137574160128,70.62851102109313,480.98761787740193,2.2474886822944447,7592.054344199346,30.453118695101036,70.24632145014299,486.80443000413163,2.048014818874849,7600.68912469974,4.15159946525146
8,9,26.876530602083335,1.482460651333854,24.28833335,29.4749999,71.74084433625,1.9517705014075648,69.06362235,74.38000094,484.46875,43.7250479983092,443.65,584.5166667,2.3999514955833336,0.04040628921606132,2.352570208,2.458362389,2221.2,92.55,123.40000000000008,182545.7118,7606.071325,18564.6,182545.7118,0.0,0.0,CASE_08,19990.800000000003,1641847.0357999997,0.0,1641847.0357999997,4421.305654766667,5330.7722619897,1928.1449982225201,88437692.81360625,4906195.409471785,28.24664758423516,71.18576606743396,482.73159013451567,2.32386926977381,7599.0765498450755,29.936045265088918,70.46238716832272,486.46675676926714,2.0988949034246973,7601.467238560741,4.91521844372795
9,10,26.798888720416667,2.1707543982552044,23.78999993,30.51333332,72.04601028375,1.55784997849438,69.96666743,74.54333318,480.56805555833336,51.7869996301138,431.4833333,587.95,2.442778740791667,0.030419487104472325,2.384918737,2.492872047,2221.2,92.55,123.40000000000008,182245.58409999998,7593.566004166666,18255.19000000001,182245.58409999998,0.0,0.0,CASE_08,22212.000000000004,1824092.6198999998,0.0,1824092.6198999998,4901.8737103250005,5425.90013904645,1930.753012344211,87581405.9850297,4883979.1280832365,27.522060547798144,71.6163086273106,481.64876540039506,2.3833821233037638,7596.318583679537,29.516049151145484,70.67439939817461,485.6770506928799,2.1449333695596957,7600.409437429808,5.92759491308111
10,11,27.400694326666667,2.204392432815037,24.56500025,30.5549997,71.82763878583334,1.3011488378223564,69.64333293,73.63333346,450.43750001250004,18.349640632128885,417.2166667,488.3666667,2.464028887833333,0.03153131739917029,2.406904217,2.504868539,2221.2,92.55,123.40000000000008,182517.8649,7604.911037499999,18564.60000000001,182517.8649,0.0,0.0,CASE_08,24433.200000000004,2006610.4847999997,0.0,2006610.4847999997,5352.311210337501,5473.100965655399,1968.1271745768463,82212890.77317522,5001116.225280743,27.461347792332276,71.72202532605377,466.03550904611836,2.423725204338585,7600.616909381615,29.24997799247545,70.81945484539675,481.24458954166374,2.18506947972476,7600.9756525785315,7.14192566412633
11,12,26.991388877499997,2.5078119539345654,23.2983332,30.60499964,71.77813199666667,0.9753540913916741,70.10833282,73.24666608,434.09305555833333,23.07039694598138,401.0833333,472.9333333,2.5057109592916667,0.03706607524235401,2.452474658,2.585578279,2221.2,92.55,123.40000000000008,182230.11359999998,7592.921399999999,18255.19,182230.11359999998,0.0,0.0,CASE_08,26654.400000000005,2188840.5983999996,0.0,2188840.5983999996,5786.404265895834,5565.6851827786495,1937.3914736225554,79104826.82736619,4918643.8613686,27.226310952875252,71.75008551199156,450.06038212475477,2.464728092285816,7596.768215068172,28.979967119531096,70.9340632320085,475.607695798092,2.2234016780099584,7600.012779006165,8.66691126488149
12,13,27.62743037541667,3.276433325604729,22.40333335,32.82999967,72.15572912625,0.8528108047564867,70.79999962,73.43333384,417.14166666666665,24.689892401301066,373.0666667,464.0666667,2.5370768206666665,0.05019479291143454,2.461595559,2.598936303,2221.2,92.55,123.40000000000008,182561.1823,7606.715929166666,18564.60000000001,182561.1823,0.0,0.0,CASE_08,28875.600000000006,2371401.7806999995,0.0,2371401.7806999995,6203.545932562501,5635.355034064799,1993.4773826228964,76153875.85325916,5043696.353247,27.426895149521528,71.95293208066481,433.5990149514757,2.5009068728312887,7601.742679351829,28.824844014667175,71.07417669468946,468.90219814163504,2.259377234503546,7600.781566597179,10.6371237814303
13,14,28.160486027083333,1.7986612093999086,25.08833348,30.60833375,72.24983560125001,1.2158934415085925,70.06666679,73.92188581,455.21805555833333,28.25166945385966,415.4,529.95,2.5635169494166665,0.028213288166440136,2.52780691,2.649271381,2344.5999999999995,97.69166666666665,246.79999999999995,182474.54749999996,7603.1061458333315,18564.60000000001,182474.54749999996,0.0,0.0,CASE_08,31220.200000000004,2553876.3281999994,0.0,2553876.3281999994,6658.763988120834,6010.421839602315,2034.590485908069,83065708.70183672,5138571.945172103,27.793712977085853,72.10139290228685,444.40919505593627,2.532213821948509,7602.424454204815,28.75118897354509,71.20451787629123,467.385085224307,2.2930961385092834,7601.039284548088,12.9337704308261
14,15,27.693611019166667,2.2916317138751454,24.66166706,30.67499978,72.56879352291666,1.3244236686149036,70.62833366,74.33833415,471.0534722208333,33.008773374823974,425.0,557.6166667,2.6380396392916667,0.03723238743319511,2.591414968,2.694382159,2221.2,92.55,123.40000000000008,181911.42129999996,7579.642554166665,18255.19,181911.42129999996,0.0,0.0,CASE_08,33441.4,2735787.7494999995,0.0,2735787.7494999995,7129.817460341667,5859.61364679465,2009.6919399538756,85690006.63999183,5037784.141425949,27.743660470644983,72.3351003447869,457.73174021019736,2.5851283454431924,7591.033156550923,28.63714707778306,71.35163193104154,467.7806587191408,2.3302924611039004,7598.732009055341,14.9009981015862
15,16,27.493749942500003,2.0939336562832045,24.55500011,30.26166658,72.91609081916667,1.2105340183159583,70.55500031,75.20999947,484.6128472333333,59.3476527733972,388.5666667,640.2666667,2.6968730970833334,0.04376152619366404,2.617553337,2.778495232,2282.9,95.12083333333334,185.0999999999999,182437.41829999996,7601.559095833331,18255.19,182437.41829999996,0.0,0.0,CASE_08,35724.3,2918225.1677999995,0.0,2918225.1677999995,7614.430307575,6156.691593331542,2004.7367677667885,88411516.72426161,5015888.758895473,27.618703299877385,72.62560001464998,471.1724988114657,2.641001573821069,7596.296206499896,28.51661923165292,71.51654476344792,469.55497436561984,2.3689344806824084,7599.030018093198,16.9574021071997
16,17,24.309444314583335,0.9858165052470271,22.6233332,26.48333321,73.90008332541667,1.2465622124336297,71.98500036,75.8683328,408.0541666666666,37.010802743432095,354.9666667,454.7333333,2.8576889324583328,0.04214384328186861,2.772522418,2.908740067,2221.2,92.55,123.40000000000008,182205.36079999997,7591.890033333332,18255.19,182205.36079999997,0.0,0.0,CASE_08,37945.5,3100430.5285999994,0.0,3100430.5285999994,8022.484474241667,6347.498656776448,1796.4699604422851,74349656.66344331,4429311.072186165,25.964061183312847,73.2628465318384,439.6130919599001,2.749346079742682,7594.093103108268,28.081301435575853,71.76317029580959,463.1914652194121,2.419506067308559,7598.291241481586,21.4893451423836
17,18,26.33138881625,2.7494130467096527,22.37166634,30.44333315,74.9802552275,0.8722623966469697,73.53666725,76.15999972,409.6902777875,38.41482849977711,359.7833333,456.2833333,2.8728754851250002,0.04102876019651151,2.809567559,2.928870714,2221.2,92.55,123.40000000000008,181920.7036,7580.029316666667,18255.19,181920.7036,0.0,0.0,CASE_08,40166.7,3282351.2321999995,0.0,3282351.2321999995,8432.174752029166,6381.23102755965,1974.3342539369642,74531143.59318146,4790224.780217372,26.147725700405953,74.12155415537883,424.6516278002436,2.8111110180483823,7587.061183062821,27.902973226777966,72.09101351899866,457.73932388508166,2.465707549205463,7596.430224933971,24.9690976437953
18,19,28.135138752083332,2.6469107923721507,24.59833304,32.35000032,75.39195037249999,0.5635314854320148,74.43342931,76.288333,423.58263889166665,49.38154369410214,359.4583333,487.7166667,2.907982666166667,0.04110293947984553,2.857230798,3.004339083,2221.2,92.55,123.40000000000008,183130.4967,7630.4373625,18564.60000000001,183130.4967,0.0,0.0,CASE_08,42387.899999999994,3465481.7288999995,0.0,3465481.7288999995,8855.757390920833,6459.2110980893995,2121.162984520468,77570899.05372764,5152401.934392438,27.141434121593043,74.75675347548597,424.11713232648594,2.8595469344917035,7608.749314148238,27.92633932767778,72.42323348783933,454.3016535121461,2.510219950410593,7599.852844233871,26.3495793651595
19,20,27.19180546833333,2.9669031970827078,23.77000004,32.34833342,75.27498347250001,0.616345335648354,73.58816661,76.16833293,417.23472222500004,41.28372671719937,361.625,461.8833333,2.9959131321666668,0.0514598286203129,2.9273392,3.094135706,2221.2,92.55,123.40000000000008,182165.13749999998,7590.214062499999,18255.190000000017,182165.13749999998,0.0,0.0,CASE_08,44609.09999999999,3647646.8663999997,0.0,3647646.8663999997,9272.992113145832,6654.5222491686,2046.862707216227,76005620.54389143,4953398.982012193,27.166619818982138,75.01586872110454,420.675923993951,2.9277300983537176,7599.481679485814,27.85316389024236,72.70732938066888,450.60898655497374,2.558605481699948,7598.892613387127,33.046749641138
20,21,26.545694338749996,2.321279624660926,23.26999989,30.24333312,74.98643762208333,0.5057607589230539,74.15833257,75.84666761,443.7420138875,52.248788158570996,360.6666667,582.6333333,3.0670941854583336,0.03515910537398282,3.018564963,3.122247112,2221.2,92.55,123.40000000000008,182189.89029999997,7591.245429166665,18255.19,182189.89029999997,0.0,0.0,CASE_08,46830.29999999999,3829836.7567,0.0,3829836.7567,9716.734127033333,6812.62960474005,1990.5670526675672,80845308.83166468,4836357.139514192,26.856156930825826,75.001153164577,432.2089744401125,2.9974121751330287,7595.3635523625635,27.723996521146844,72.93248675820888,449.93058544643856,2.6088400343931957,7598.137133716019,37.8085827017123
21,22,28.622291605416667,2.6037967823871524,24.15833359,31.95333322,75.48109014833334,0.38153238556501007,74.87333298,76.65833346,465.61944445,42.64420236346133,369.7416667,562.3833333,3.0814618348750002,0.046595836862198196,3.011383947,3.153489347,2221.2,92.55,123.40000000000008,182072.3145,7586.3464375,18255.19000000001,182072.3145,0.0,0.0,CASE_08,49051.499999999985,4011909.0711999997,0.0,4011909.0711999997,10182.353571483332,6844.54302762435,2160.44177292034,84776409.92721568,5211326.878892133,27.739224478660955,75.24112171366814,448.9142134278956,3.039437015023517,7590.854993856358,27.812134979855923,73.18254932517583,451.46993690866094,2.655212499050103,7596.980260201085,41.0493728534421
22,23,28.412013773750004,2.224344204973701,24.63499975,31.34166609,75.52299138666667,0.5726629969205205,74.08999939,76.57333336,454.9142361166667,57.64952827373533,381.25,563.45,3.1997553721250003,0.07058850856830096,3.12641619,3.345878804,2221.2,92.55,123.40000000000008,182230.1136,7592.9214,18255.190000000017,182230.1136,0.0,0.0,CASE_08,51272.69999999998,4194139.1847999995,0.0,4194139.1847999995,10637.2678076,7107.29663256405,2145.7602715127764,82899072.9257974,5177524.497595228,28.07561916630685,75.38205656696816,451.91422512991045,3.1195962031299787,7591.888197051347,27.870664323487286,73.41090301772273,451.8059924151508,2.7083427934772786,7596.584242829111,46.8124639213584
23,24,28.130208302500005,2.3976119505235767,25.42999992,31.52166675,76.00165400125,0.5968854291231676,75.08166695,77.34741454,444.1854166625,64.22525069487004,368.6333333,596.9166667,3.3924695448333337,0.09036112094839051,3.275957831,3.544819617,2221.2,92.55,123.40000000000008,182202.26669999998,7591.761112499999,18255.19,182202.26669999998,0.0,0.0,CASE_08,53493.89999999998,4376341.4514999995,0.0,4376341.4514999995,11081.4532242625,7535.3533529838005,2137.9423583896955,80931589.75099145,5125387.715458659,28.10291373603031,75.69185530257452,448.0498206658688,3.2560328821139164,7591.824654771885,27.89587159840289,73.66252038341183,451.06587142007714,2.774786142169669,7596.115813653361,57.9814922310906
24,25,28.86034710375,2.3074834408091602,26.00666647,32.05999934,76.3922010375,0.591815822868121,75.60500005,77.99499969,441.07152777500005,47.63369075625,369.0,498.7,3.631589910375,0.12896530082531846,3.48968612,3.85074389,2221.2,92.55,123.40000000000008,182134.19649999996,7588.924854166665,18255.19,182134.19649999996,0.0,0.0,CASE_08,55715.09999999998,4558475.647999999,0.0,4558475.647999999,11522.5247520375,8066.487508924949,2204.705437961701,80334208.31032705,5256456.130452608,28.481630431176793,76.04202818047322,444.5606741164498,3.443811401840694,7590.374754426064,27.98919105501062,73.92663524577992,450.09885181933174,2.857687637982775,7595.420040222034,74.4886320645569
25,26,31.218194294166665,3.0937132642001806,27.1816672,35.13833294,77.00957189083333,1.0397574820744842,75.39000079,78.57028537,421.76171322083337,51.910052442914,362.75,499.45,3.9617435188333334,0.1859193071001368,3.775088052,4.292595959,2221.2,92.55,123.40000000000008,181382.33019999997,7557.597091666666,18255.19,181382.33019999997,0.0,0.0,CASE_08,57936.299999999974,4739857.978199999,0.0,4739857.978199999,11944.286465258334,8799.824704032599,2404.0997777986304,76500122.33313888,5662428.825712292,29.84991238306072,76.52580004286203,433.1611934987761,3.702777464195909,7573.985922802151,28.30065761155114,74.22401235869924,447.365478599244,2.9641838097012996,7591.771674868325,76.7946814347605
26,27,28.76538124041667,2.1150413158296457,26.09666691,32.76999982,76.04686260125,0.5350871682145102,75.39166679,77.71833331,422.4648187458333,46.41174076734296,366.4666667,472.4333333,4.603782987125,0.2728135426329927,4.314441544,5.00824519,2221.2,92.55,123.40000000000008,181756.71629999997,7573.196512499999,18255.19,181756.71629999997,0.0,0.0,CASE_08,60157.49999999997,4921614.694499999,0.0,4921614.694499999,12366.751284004167,10225.92277100205,2187.5169948625407,76785818.20751734,5228301.237375754,29.3076468076985,76.28633132027184,427.8130060824576,4.153280229016962,7573.591217648134,28.345371451031486,74.39939968157131,444.96963720344917,3.12193945171674,7589.984447413405,90.184491265087
27,28,28.2925693225,1.9843604952977079,26.08333327,31.87166624,76.27208320708333,0.6883905024085647,75.03666674,78.27333285,463.98749999583333,71.39804571076228,361.8166667,648.1333333,4.978993085958333,0.10985569625624676,4.776519913,5.146290472,2221.2,92.55,123.40000000000008,182028.99709999998,7584.541545833333,18255.190000000017,182028.99709999998,0.0,0.0,CASE_08,62378.69999999997,5103643.6916,0.0,5103643.6916,12830.738784000001,11059.339442530649,2157.933201507893,84459179.29117778,5150068.019156901,28.80010806320852,76.27920726365106,445.9002531065257,4.566136659025657,7579.06638176113,28.34030152803298,74.579209881254,446.79568290719493,3.300248909906244,7589.461834165287,96.2573532513576
0,1,23.088578353750005,1.9983545912509324,19.77352931,26.17999998,19.445509574583337,2.0400603583026236,15.3481482,25.12424226,510.88773115416666,19.170897155973503,480.3142857,535.8484848,2.2823415082916667,0.010704205396554839,2.266450005,2.314327679,10269.52,427.8966666666667,1222.9300000000003,206045.4013,8585.225054166667,18255.190000000017,206045.4013,0.0,0.0,CASE_09,10269.52,206045.4013,0.0,206045.4013,510.88773115416666,23438.551766231438,448.9691714413633,105266067.58490679,4757295.392344913,23.088578353750005,19.445509574583337,510.88773115416666,2.2823415082916667,8585.225054166667,23.088578353750005,19.445509574583337,510.88773115416666,2.2823415082916667,8585.225054166667,1.33234423682161
1,2,23.348995742916667,2.288277624892925,19.85666663,27.93666643,22.023090013750004,2.1675680022589923,18.36000004,26.76857142,465.9934313041667,31.176855241056277,437.6666667,534.7179487,2.29107234175,0.013494696835221082,2.263020778,2.315488879,13107.61,546.1504166666667,2265.82,206045.4013,8585.225054166667,18255.190000000017,206045.4013,0.0,0.0,CASE_09,23377.13,412090.8026,0.0,412090.8026,976.8811624583334,30030.48273744572,514.2170349769194,96015803.556231,4810953.197801257,23.26218994652778,21.16389653402778,480.9581979208333,2.2881620639305553,8585.225054166667,23.32534293736111,21.788977348975557,470.0710243877271,2.290279350518544,8585.225054166667,1.60453187733495
2,3,23.357659102500005,2.2187361105620873,20.16333326,26.87419338,20.086487806666668,1.5086179454481365,18.09411764,22.82666674,454.73670329166663,9.02861681557807,444.2580645,474.5925926,2.314463491875,0.014175129819787526,2.292923979,2.342372012,15093.11,628.8795833333334,1287.2300000000005,206045.4013,8585.225054166667,18255.190000000017,206045.4013,0.0,0.0,CASE_09,38470.240000000005,618136.2039,0.0,618136.2039,1431.61786575,34932.45207385348,469.17333475464307,93696406.51557048,4812738.243203212,23.31674374994048,20.548234404107145,465.9744867041666,2.3031914513273812,8585.225054166667,23.340820517818475,20.97358298656742,462.72676842470554,2.301862160298974,8585.225054166667,2.0737166734172
3,4,22.87239736625,2.2194099608378877,20.31372542,25.77666664,20.957351728333332,1.9576845030302708,17.77547156,24.60166651,456.19802489166665,8.102924266103674,447.5087719,484.5333333,2.3374628600833334,0.010493529173624993,2.318806446,2.359302449,21133.200000000004,880.5500000000002,1338.67,206045.4013,8585.225054166667,18255.190000000017,206045.4013,0.0,0.0,CASE_09,59603.44000000001,824181.6052,0.0,824181.6052,1887.8158906416666,49398.07011471311,479.34487647470615,93997505.11107084,4712752.294022044,23.07975901197222,20.76643031036111,460.76037373749995,2.321469535997222,8585.225054166667,23.186998631935225,20.968252928171573,460.5828444121169,2.313552801039631,8585.225054166667,3.04135138114588
4,5,22.94059784208333,2.1074115588219535,20.38666658,25.3583333,24.01134298958333,1.6306967341207153,20.93333333,27.63166653,488.34907015,19.874690819514328,459.6833333,528.7166667,2.3595263445000003,0.011001046301884122,2.344535669,2.378973512,23921.22,996.7175000000001,1895.48,206045.4013,8585.225054166667,18255.190000000017,206045.4013,0.0,0.0,CASE_09,83524.66,1030227.0065,0.0,1030227.0065,2376.1649607916665,56442.748782580304,550.8345631723581,100622080.1335386,4726804.688433974,23.00793389202957,22.44122395125,474.9997009181451,2.341111759740591,8585.225054166667,23.124701281250385,21.737635399856323,467.6029611212683,2.3251762619907788,8585.225054166667,3.44306988484341
5,6,22.877643595,2.207457394438792,20.20499989,25.44666669,24.455201145,1.783796477931267,20.98333337,28.26666663,468.47753831666677,7.825203238307503,456.2,487.1666667,2.3773299142083335,0.012024040340227603,2.351589252,2.403602894,18261.73,760.9054166666666,1499.42,291600.3604,12150.015016666666,18255.190000000017,291600.3604,0.0,0.0,CASE_09,101786.39,1321827.3669,0.0,1321827.3669,2844.642499108333,43414.15701419575,559.4773758393459,136608219.01244485,6671129.1174047515,22.941754693538357,23.464196494107146,471.6868564221561,2.3595082826448412,10395.912019246032,23.07328181557792,22.303235202339135,467.7849845699585,2.3360308642927543,9327.155402047216,3.79080204193731
6,7,22.920416574166666,2.212335572273354,20.27999996,25.6399999,26.309791692916665,2.162342263776203,22.84333334,31.1316666,488.64305556249997,15.137877062543073,470.1666667,527.0166667,2.3975905451666666,0.013247207391515275,2.370156733,2.421561066,19125.81,796.90875,1338.67,291479.6905,12144.987104166668,18255.190000000017,291479.6905,0.0,0.0,CASE_09,120912.2,1613307.0574,0.0,1613307.0574,3333.2855546708333,45855.86122465409,603.0313855811996,142429526.6003318,6680835.929169171,22.93100162550853,24.89819722421588,480.231712681857,2.3786993440731625,11277.335684087926,23.04590857572986,23.020680389805463,471.51999309626353,2.3470542198572693,9831.738277274377,4.16468946384048
7,8,23.044860995833336,2.152521613804912,20.5133331,25.59166654,29.824513871666667,2.588727676171266,25.78833332,35.70166632,498.4375000041666,16.474674910659374,473.8333333,530.4666667,2.416653806833333,0.011712332013898007,2.403206225,2.440546954,20783.38,865.9741666666667,1274.369999999999,291680.8069999999,12153.36695833333,18255.19,291680.8069999999,0.0,0.0,CASE_09,141695.58,1904987.8643999998,0.0,1904987.8643999998,3831.7230546749997,50226.234395863765,687.3017764408614,145384652.24027777,6721743.652467489,22.988154564338238,27.37101499234804,489.37030396521243,2.3977509959684635,11717.069029591503,23.04574200523555,24.102524275927472,475.80001264048025,2.3581209056965697,10200.888962861418,5.12192244055596
8,9,22.947638782500004,2.2142484100786275,20.19833326,25.52333314,36.05355345458333,4.363230360524231,29.74500011,44.0266667,462.4375000041667,16.130330904688034,443.7,491.4333333,2.4425385370833332,0.012642519985751942,2.418027111,2.466799057,20663.809999999998,860.9920833333332,1325.81,291779.8182,12157.492424999999,18255.190000000017,291779.8182,0.0,0.0,CASE_09,162359.38999999998,2196767.6826,0.0,2196767.6826,4294.160554679166,50472.15224796795,827.3439215013334,134929929.68007824,6695657.8720771205,22.96785702979697,31.72077985796885,475.8775489475457,2.420188589951647,11937.711669952705,23.03155905529671,25.830304911792798,473.86817143798686,2.3703253063933865,10483.758456644238,6.15304140270279
9,10,22.935694349166663,2.236749961401212,20.30166655,25.50666666,43.6988472025,2.266524774386332,40.69166648,49.41166674,458.79583332916667,12.456876765133563,436.7166667,481.3333333,2.4627129328333335,0.014617472438933656,2.438617698,2.491608735,20998.17,874.9237499999999,1338.6699999999985,291974.74649999995,12165.614437499999,18255.19,291974.74649999995,0.0,0.0,CASE_09,183357.56,2488742.4291,0.0,2488742.4291,4752.956388008332,51712.46482483291,1002.2634028474766,133956797.13153967,6696643.543399418,22.951759969696564,37.71566791310076,467.32834230374306,2.441471545528796,12051.774443153306,23.018724884140244,28.222508876454988,471.85031758096574,2.3826939732191246,10708.921901985068,6.71028628984582
10,11,22.917569345833332,2.072710968879946,20.27666655,25.35166642,48.905054830833336,2.417864633956864,45.44333331,54.94933367,447.89583333750005,16.145435126614572,422.2166667,470.8,2.4877479935,0.016513760714801633,2.466077828,2.524748377,23085.32,961.8883333333333,1402.9700000000012,291631.3014,12151.304225,18564.60000000001,291631.3014,0.0,0.0,CASE_09,206442.88,2780373.7304999996,0.0,2780373.7304999996,5200.852221345833,57430.45850930543,1120.7849854474043,130620444.76785265,6683480.573250121,22.934656306366836,43.313094490413,457.6073412380699,2.4646210729946056,12101.56364521047,23.006001453077165,30.823977387858758,468.8373018427799,2.3959077587153543,10890.345997597167,9.24447303547018
11,12,22.93416658125,2.1067278706822803,20.37999992,25.35333328,50.804402530000004,1.7611909116828512,47.01499996,54.67166653,452.8645833416667,23.24227038126486,416.3166667,486.1,2.5206126984583332,0.01924043065197259,2.482593576,2.559961565,22325.35,930.2229166666666,1499.4199999999985,291659.1483,12152.4645125,18255.190000000017,291659.1483,0.0,0.0,CASE_09,228768.23,3072032.8787999996,0.0,3072032.8787999996,5653.7168046874995,56273.56070752675,1165.156630683899,132082098.67266487,6688959.492057698,22.934411384012925,47.059663199832826,455.23538319855004,2.4926237223107752,12127.020293857346,22.997413704061067,33.21260664258157,466.9277877850063,2.410816043457017,11041.230334951219,12.7587918914225
12,13,22.584236028333333,2.128194059920981,19.92666655,25.0483332,52.15431942958333,2.760320532026083,47.12166672,57.17999992,444.64166667500007,22.401132566958612,417.3666667,482.7333333,2.5756163474166667,0.024071862963157983,2.549702311,2.62086788,18018.62,750.7758333333333,1222.9300000000003,291835.51199999993,12159.812999999996,18255.19,291835.51199999993,0.0,0.0,CASE_09,246786.85,3363868.3907999997,0.0,3363868.3907999997,6098.3584713625,46409.0522298889,1177.865459894801,129762228.45063195,6590882.084457503,22.759302330556253,49.60730230580989,449.93787826869277,2.534125100949981,12143.418648680969,22.95002615307715,35.38504100471359,464.37178158628296,2.4297170714283327,11169.52113134133,18.7786063747184
13,14,22.438541594166665,2.2140975350594063,19.85499992,24.98999983,54.70659713958333,2.5783918106447294,50.05999985,59.61333319,429.57569443333335,27.97542157573956,395.05,475.3333333,2.6365707256666666,0.029181813422289225,2.598239835,2.688679787,20944.13,872.6720833333334,1441.55,291547.7606999999,12147.823362499998,18255.19,291547.7606999999,0.0,0.0,CASE_09,267730.98,3655416.1514999997,0.0,3655416.1514999997,6527.934165795833,55220.68003255701,1227.5362553918596,125241831.76318577,6541906.555153098,22.59891217292313,52.15710535032384,439.75616490854725,2.5853510398915107,12145.621140019886,22.893319653081758,37.5271542000891,460.5140613841688,2.4526502109313104,11277.982070191296,18.8766284328191
14,15,22.381944340833332,2.1800185116497284,19.86166662,24.93333321,57.221319425416674,3.3604144553175077,51.05999997,61.78333352,421.20416666250003,34.81902824420343,385.2166667,477.1,2.7172374886666666,0.036543039405201226,2.674652219,2.782094713,21805.75,908.5729166666666,1454.41,291566.3253,12148.596887500002,18255.19,291566.3253,0.0,0.0,CASE_09,289536.73,3946982.4768,0.0,3946982.4768,6949.138332458333,59251.40136849316,1280.7243864887212,122808951.07483391,6525821.264525906,22.49042494611081,54.68928966400287,430.47988269585653,2.651296276768007,12147.109059167631,22.838176474450556,39.65083683591625,456.2751540793169,2.4811814739200417,11371.863153692848,22.2369565388863
15,16,22.339722157083333,2.140208674595101,19.875,24.90333322,60.835333276250005,4.149517852431354,53.78666674,67.65,420.4305555583333,40.191733665481784,369.0833333,485.3666667,2.8236988118333333,0.04414881017166672,2.769239116,2.897037705,22519.480000000003,938.3116666666668,1377.25,291937.6172999999,12164.067387499997,18255.19,291937.6172999999,0.0,0.0,CASE_09,312056.20999999996,4238920.094099999,0.0,4238920.094099999,7369.568888016666,63588.22891910452,1359.0444427249913,122739494.62981507,6521805.257682923,22.41507240180849,57.76235836143346,425.4551424556435,2.737498859647699,12155.588352717565,22.7856333786069,41.883938221702856,452.49670115004295,2.5172869317063236,11455.37103301976,25.6270372295357
16,17,22.320591964583333,2.1668486924549923,19.84499998,24.85254236,64.71803208708333,4.17455203264124,57.45666669,71.23666636,422.7523305125,41.76575193375929,369.1333333,488.6333333,2.9483095234166665,0.05444271084099968,2.880323708,3.038557518,23779.76,990.8233333333333,1972.64,291541.57249999995,12147.565520833332,18255.19,291541.57249999995,0.0,0.0,CASE_09,335835.97,4530461.666599999,0.0,4530461.666599999,7792.321218529166,70110.0928725627,1444.5447869665984,123249879.21565396,6507380.480485488,22.3678318227789,61.24022175825038,424.10372617358377,2.842904995717181,12151.57690617054,22.737515387929605,44.24658955254362,449.4190411699218,2.5618849834587007,11526.992628230633,29.4753965928032
17,18,22.291805460833334,2.0947914966804917,19.91833321,24.71499983,70.43118053041665,1.5533209544105708,67.85666656,73.94666608,414.50361111666666,54.13870857981532,359.8366667,508.0833333,3.1016651051249995,0.06695767540708053,3.022853124,3.212207202,17181.49,715.8954166666667,1203.6400000000012,291294.0445,12137.251854166667,18255.19,291294.0445,0.0,0.0,CASE_09,353017.45999999996,4821755.711099999,0.0,4821755.711099999,8206.824829645833,53291.22798705413,1570.0381747608803,120742433.342029,6493470.171893328,22.329818496796783,65.83571867476304,419.30365033428905,2.9722855439687135,12144.414352845632,22.692094461156053,46.914980622829354,445.86091716301934,2.616892314212473,11589.182267565586,34.7598040086566
18,19,22.236527643333332,2.1586006918988176,19.76999982,24.78833319,71.84593921875,1.5754438241379065,68.42833328,74.3450002,417.3597551416667,57.767582574030826,359.2833333,511.8166667,3.2920035257083335,0.08180758940120568,3.188562301,3.448692425,17243.190000000002,718.4662500000001,1312.9499999999998,291303.3268,12137.638616666665,18564.60000000001,291303.3268,0.0,0.0,CASE_09,370260.64999999997,5113059.037899999,0.0,5113059.037899999,8624.1845847875,56764.64227445869,1597.604213498981,121578285.14520091,6477574.478983163,22.2831729810958,68.84083467856041,418.3317008841314,3.132144839745933,12141.026478294292,22.646244328075994,49.42413564623406,442.99244206674086,2.6848383051844706,11644.381188143407,40.7551494156717
19,20,22.217986030833334,2.161909432108947,19.79166667,24.77666658,72.50537277041667,1.4685485769220976,69.51166649,74.82499975,417.15517177916666,63.84006596546068,357.5333333,529.7166667,2.8850439787916664,0.4629617915438328,2.071575145,3.459113999,20061.99,835.9162500000001,1345.0999999999983,291977.84059999994,12165.743358333331,18255.19,291977.84059999994,0.0,0.0,CASE_09,390322.63999999996,5405036.878499999,0.0,5405036.878499999,9041.339756566666,57879.72345207863,1610.9233593734812,121800066.25120312,6487159.58376368,22.25057947488098,70.67310547187815,417.7434357706357,3.008594291441815,12153.38493009975,22.603580551808353,51.723525390663376,440.4184918922482,2.704783114476631,11696.320121087867,44.1818208480361
20,21,22.202928306249998,2.1545477244240128,19.81694894,24.74833323,72.55074588791666,1.5252464959799592,69.70833333,75.35333366,416.01149952500003,58.364791522789574,361.1333333,518.0666667,1.0890703168333333,0.6146183768520118,0.316270924,2.363792014,22250.79,927.11625,1876.1900000000005,291730.31259999995,12155.429691666664,18255.190000000017,291730.31259999995,0.0,0.0,CASE_09,412573.42999999993,5696767.191099999,0.0,5696767.191099999,9457.351256091666,24232.674915091964,1610.8390095143754,121363164.80162299,6477267.215417699,22.22675387920456,71.61192612756199,416.87746723489187,2.0488318464871775,12154.407311370716,22.56399936506338,53.78108556415406,438.0072793420107,2.545163816996754,11741.676416605836,57.874706392036
21,22,22.06222211875,2.1419097650828474,19.63666662,24.56833321,71.55688894875,1.4517167673054305,68.98068913,74.23833364,409.0020833291666,56.82989019788101,358.1833333,503.3,0.122370048625,0.11408996513082684,0.039421084,0.354038101,16254.34,677.2641666666667,1216.5,291816.94739999995,12159.039474999998,18255.190000000017,291816.94739999995,0.0,0.0,CASE_09,428827.76999999996,5988584.1384999985,0.0,5988584.1384999985,9866.353339420833,1989.0443761672825,1578.7039781140497,119353739.43735781,6438130.311554384,22.14448797936356,71.58440753159503,412.9397743432101,1.0856007179038918,12156.723393737555,22.5147662412494,55.52520277025836,435.16136231998354,2.3074453743005843,11782.627032203238,67.4812221477971
22,23,22.070416568750005,2.133802384386942,19.59333324,24.53833329,70.60290954083332,1.5757508075748905,67.75333316,73.05833346,417.2951388833333,58.381106929883394,364.7333333,527.4,0.044259660625,0.002345748368459445,0.039946539,0.04665805,19254.41,802.2670833333333,1300.09,292014.96979999996,12167.290408333332,18255.190000000017,292014.96979999996,0.0,0.0,CASE_09,448082.17999999993,6280599.108299999,0.0,6280599.108299999,10283.648478304167,852.1936521346063,1558.2356245319656,121856427.37870337,6444892.027796951,22.107452269641783,71.09365847771232,415.11745687287174,0.5649301271956747,12162.006901665285,22.47141165872553,56.996313750893826,433.4181796278094,2.0866294766799345,11820.158105401826,67.8401876476031
23,24,22.108055469583334,2.126835413066486,19.64833323,24.51999992,63.593361082083334,4.417345851573025,57.9,71.07500013,436.49687500416667,45.513473330286914,382.7,523.3666667,0.04497121608333333,0.0015072104804952288,0.042143904,0.046765529,22705.95,946.0812500000001,1486.5600000000013,291355.92649999994,12139.83027083333,18255.19,291355.92649999994,0.0,0.0,CASE_09,470788.12999999995,6571955.034799999,0.0,6571955.034799999,10720.145353308333,1021.1141838273624,1405.9255542999404,127175951.43119365,6441312.984453844,22.107753869630535,67.34350955637154,425.8071665756755,0.30495065614352,12150.918585588392,22.436121996500134,57.63702823150372,433.7171868366395,1.888340765632414,11851.205114034241,70.7530091461534
24,25,22.271388787916667,2.1825564046098145,19.72333333,24.89499992,50.4790277875,6.719991666903598,41.72833316,62.31833344,479.9826388958333,40.72679170426422,429.5333333,551.0166667,0.044050672166666666,0.0024601554734577018,0.039683812,0.046634166,23535.42,980.6424999999999,1831.1800000000003,291612.73679999996,12150.530699999998,18564.6,291612.73679999996,0.0,0.0,CASE_09,494323.54999999993,6863567.771599999,0.0,6863567.771599999,11200.127992204167,1036.75107072481,1124.2380534914614,139969050.94490007,6494620.636781213,22.18957133121195,58.9112684206354,452.8949035430319,0.1745006602673805,12150.724642788415,22.420182956654095,56.94444380802278,438.1936787972322,1.7098933624634747,11880.166866692813,77.4340208071317
25,26,22.377499889583333,2.1867644721665536,19.80999997,24.88166656,31.142569479166667,6.761754837005624,24.39333331,45.06333332,512.9138888958333,31.47241504249173,477.8666667,570.0,0.04295547424999999,0.002591337358846027,0.038525419,0.045953462,14473.370000000003,603.0570833333335,1332.2400000000016,291730.31259999995,12155.429691666664,18255.19,291730.31259999995,0.0,0.0,CASE_09,508796.9199999999,7155298.0841999985,0.0,7155298.0841999985,11713.0418811,621.7104723457226,696.8928450813934,149632529.1444631,6528195.03799461,22.28353561179782,45.0269187430081,482.90439666660893,0.10872806627860222,12153.077167262594,22.416065788928183,54.45561974862032,445.4011186229904,1.5491021319955618,11906.718454872895,78.2083794243349
26,27,20.557708263333335,3.4561692115451197,14.96166668,24.95833324,28.676666662083335,5.858743557494661,20.81499996,40.01999989,524.6667361125,26.725889017850022,488.8,567.25,0.04197969745833333,0.004888562888188766,0.026750419,0.045511602,10805.81,450.2420833333333,1203.6399999999994,291615.83089999994,12150.65962083333,18255.19,291615.83089999994,0.0,0.0,CASE_09,519602.7299999999,7446913.915099999,0.0,7446913.915099999,12237.7086172125,453.6246345922329,589.5265472039662,153001126.1970377,5994953.176611746,21.420621931136367,36.85179264163628,503.7855665451313,0.07535388161981073,12151.868394038956,22.237262098013254,51.97527250848406,453.0277377070865,1.4040928696526267,11930.189493270555,80.2176865700456
27,28,18.961736050416665,4.514229806221898,15.02666658,25.8049998,32.64347223208333,8.638146594856783,20.64166654,44.6850001,526.7125000041666,23.5926857496247,502.4833333,604.9666667,0.04191550862500001,0.0041372159408487475,0.033032011,0.045822098,10805.81,450.2420833333333,1203.6399999999994,291269.2917,12136.2204875,18255.19,291269.2917,0.0,0.0,CASE_09,530408.5399999999,7738183.206799999,0.0,7738183.206799999,12764.421117216667,452.9310222551113,618.9769042338698,153415176.80574986,5522971.428807218,20.191178986196483,34.7476324290212,515.2490333173537,0.05863469506012155,12144.044440740332,21.92275460934232,50.11908334434047,460.10275686633685,1.2733001436245284,11949.972053275236,85.121656280574
0,1,20.723040799583334,4.491576815615042,16.20666676,27.14833326,54.8127073775,10.642923128009473,39.36500003,66.9983326,454.6370751375,25.564900921640245,420.0333333,493.25,1.1893155555416668,0.027182534185320455,1.16322726,1.242456575,22408.94,933.7058333333333,2152.6800000000003,254132.6485,10588.860354166667,23627.7622,206719.91509999998,17545.8444,29866.889,CASE_10,22408.94,254132.6485,17545.8444,206719.91509999998,454.6370751375,26651.300925199877,1135.8859713195548,115538124.01098639,5266401.24337167,20.723040799583334,54.8127073775,454.6370751375,1.1893155555416668,10588.860354166667,20.723040799583334,54.8127073775,454.6370751375,1.1893155555416668,10588.860354166667,1.24835000505552
1,2,20.529027719166667,4.426127615129415,16.03666665,26.9666667,55.03034727041668,10.169036045687687,34.93499997,66.41999982,447.2229166708333,24.57334251434205,417.0333333,492.4666667,1.2231776069583333,0.020523132665602566,1.179852615,1.247279505,18155.02,756.4591666666666,1824.75,253782.19140000004,10574.257975000002,23634.204800000007,206432.16379999998,17486.2716,29863.756,CASE_10,40563.96,507914.8399,35032.116,413152.07889999996,901.8599918083332,22206.81391788068,1129.7195245097516,113497211.83702368,5209901.641881461,20.593698745972222,54.95780063944445,449.6943028263889,1.2118902564861112,10579.125434722224,20.546649252356193,55.01057979603733,447.89631889305554,1.220102034622578,10575.58425830306,1.51744851600827
2,3,20.583790653333335,4.564397270102733,15.92333328,27.14833326,52.90411875708333,10.634345006946612,39.36500003,66.84499995,447.23505746666666,23.778934279542096,418.2666667,489.4166667,1.2190595997083333,0.025850893672108792,1.168618743,1.24687956,22408.94,933.7058333333333,2152.6800000000003,254132.6485,10588.860354166667,23627.7622,206719.91509999998,17545.8444,29866.889,CASE_10,62972.899999999994,762047.4884,52577.9604,619871.994,1349.0950492749998,27317.833426288056,1088.9673051948887,113657029.6560537,5231013.234901146,20.58803697875,53.784268135238094,448.2890197636904,1.2159870240416666,10584.688245833333,20.56443784266238,54.00170637090832,447.57961278370453,1.219602768382681,10581.942743012043,1.9326328964061
3,4,20.559999942083333,4.591221937012632,16.03666665,27.2583333,49.67263880833334,11.337588746139692,34.93499997,66.41999982,448.82013888333336,25.152873330977933,418.9333333,492.4666667,1.22286735425,0.026660420328990467,1.167983524,1.247455923,19533.5,813.8958333333334,1460.8399999999997,254080.9891,10586.707879166666,23627.7622,206741.57379999998,17492.8908,29846.5245,CASE_10,82506.4,1016128.4775,70070.8512,826613.5678,1797.9151881583332,23886.879464242375,1021.2694510224597,114036664.81547672,5223905.121180477,20.57308389252778,51.591399160888884,448.57228329416665,1.2196565334861111,10585.765383611111,20.56298051453044,52.58011707848853,447.9869796345815,1.2206748006958945,10583.507529524708,2.42516327620966
4,5,21.003852872083332,4.76780710178877,15.71499998,27.48666662,51.85925999,10.200221426797386,35.65166658,65.77166634,448.0066092,27.85706329609317,414.8833333,494.1166667,1.217125677125,0.036741643127243984,1.151609123,1.254360982,18155.02,756.4591666666666,1824.75,253782.19140000004,10574.257975000002,23634.204800000007,206432.16379999998,17486.2716,29863.756,CASE_10,100661.42,1269910.6689000002,87557.12280000001,1033045.7315999999,2245.921797358333,22096.94101071792,1089.2442668850776,113696099.04445942,5330403.809720493,20.795416269072582,51.72964991139785,448.280322471371,1.2183502850416668,10579.826075940862,20.674445984597458,52.397863251858276,447.9919425647791,1.2197774781026807,10581.168970698454,3.34409571673682
5,6,22.347638812499998,5.249019612308181,16.00499994,29.92333349,58.31377974166667,8.08344928208403,45.32833296,68.32633343,445.92013888749995,26.414144632729922,410.15,487.9,1.2024610802916667,0.04874685395366316,1.129882395,1.257278258,18314.4,763.1,1357.96,253851.8004,10577.15835,23637.42610000001,206456.9166,17534.2608,29860.623,CASE_10,118975.82,1523762.4693000002,105091.38360000002,1239502.6482,2691.841936245833,22022.353208893703,1303.1752874584463,113197630.09120992,5672988.347242042,21.58384676732143,55.07396982518518,447.08149906369044,1.2102795778670636,10578.47104054233,21.022683201919058,53.62912737274288,447.5607435210223,1.2161734618248314,10580.334250773487,3.98644668278073
6,7,23.183261804166666,5.005574399529722,16.21500009,30.54166683,57.00731847958334,8.16399021399122,43.88666662,68.23499947,449.62205378749996,29.07005809632039,408.7166667,501.0166667,1.1982191360416667,0.04489118514993629,1.1398341,1.257242936,21194.9,883.1208333333334,1631.8500000000022,253489.3306,10562.055441666666,23640.647400000016,206162.97709999996,17482.962,29843.3915,CASE_10,140170.72,1777251.7999000002,122574.34560000002,1445665.6253,3141.463990033333,25396.134766489526,1321.615589065689,113974393.43759055,5876709.515862756,22.38985119533793,56.04825576125984,448.36177860954723,1.2042018748999344,10570.198612762468,21.40957322180789,54.23405256414954,447.92985778012167,1.2129584205150115,10577.06110495434,4.98185978405549
7,8,22.606505284583335,4.231772222062198,17.03333305,28.6983333,55.633764777083336,5.478250794730761,47.65333316,65.77666601,438.5233326625,18.773595768109818,408.4166667,464.95,1.2137420817916666,0.03993769517691447,1.153303007,1.258983918,21067.67,877.8195833333333,1818.32,254058.90010000003,10585.787504166668,23627.762200000023,206673.50359999997,17532.606,29852.7905,CASE_10,161238.39,2031310.7000000002,140106.95160000003,1652339.1289,3579.9873226958334,25570.71764429984,1257.6849974344007,111410755.56442118,5743383.86770608,22.49860305190033,55.840197541751635,443.4232645655392,1.2089906846338234,10578.023624918304,21.599891464849723,54.456613875200105,446.43417277911715,1.2130830266158517,10578.448646501452,6.0170572211904
8,9,22.217496077916667,4.249424690407794,17.01166671,27.66333338,65.10941262208333,4.084339025250706,57.40999997,71.18833351,448.4233949208333,31.90791460830082,407.4166667,503.4833333,1.2239655356666665,0.038177696858085336,1.162207762,1.264371475,19955.28,831.4699999999999,1618.9899999999998,253803.46180000002,10575.144241666667,23627.7622,206432.16379999998,17532.606,29838.692,CASE_10,181193.67,2285114.1618000004,157639.55760000003,1858771.2926999999,4028.4107176166667,24424.574974578318,1446.5681195665943,113811409.98301603,5638877.417103173,22.35777450916096,60.48387476399217,445.9282222386415,1.216492762646363,10576.581115892044,21.689179615278135,55.99670712721117,446.7217580109422,1.214656329477601,10577.970923068495,7.24066845037098
9,10,22.150476410833335,4.347545887692668,16.65000016,27.72166675,69.98323055125,2.7514290372827763,66.1583329,73.61896573,440.34185822499995,39.80740137867422,397.7333333,512.1833333,1.0871457070416666,0.3228313137755127,0.0,1.273405639,20530.15,855.4229166666668,1422.2600000000002,254155.4902,10589.812091666667,23630.983499999973,206763.23249999998,17514.4032,29877.8545,CASE_10,201723.82,2539269.6520000002,175153.96080000003,2065534.5251999998,4468.752575841667,22319.264437421472,1550.161897479374,111915300.83275376,5629665.190358883,22.254024141278514,65.2381955490127,443.13230984862736,1.1517560153642472,10583.203070531934,21.750937088566094,57.86919433083868,445.86763005166176,1.1975854676487419,10579.556194547607,8.85576421411256
10,11,23.322258065,4.221628516924773,17.67500025,29.25499986,71.41861162,2.573425699655956,67.64033412,74.925,425.01247604166673,23.675521430677346,386.3666667,455.2,1.2223611979583333,0.03935872622651586,1.165677921,1.271605893,23132.93,963.8720833333333,1921.2000000000007,254265.17979999998,10594.382491666665,23630.98350000003,206809.64399999997,17525.9868,29929.549,CASE_10,224856.75,2793534.8318000003,192679.9476,2272344.1692,4893.765051883333,28276.796027086268,1665.6432908456475,108065873.63797757,5930038.140239225,22.788402029842658,68.3299132122716,434.06796699648874,1.1870758526756024,10588.795511783504,21.948579199480186,59.57345175172748,443.24445074979286,1.2007017804271398,10581.421059017437,10.7331138951617
11,12,23.6028638925,3.987039050206361,18.72166656,30.08666636,71.09883554083332,2.636027953943354,66.36333338,74.50999985,433.12674993750005,37.702542411683275,381.5,501.4833333,1.2290390834583333,0.03522236486296521,1.180170232,1.277628654,8338.06,347.4191666666666,1538.0,251853.20419999998,10493.883508333332,23634.204800000007,204835.60819999996,17391.948,29625.648,CASE_10,233194.81,3045388.0360000003,210071.89560000002,2477179.7774,5326.891801820833,10247.80162022059,1678.1361381855304,109084359.79649153,5944456.899622609,23.195732407064206,69.71471246230688,433.5972435442766,1.20806259178257,10541.32792129121,22.146346403394837,60.95129374931853,442.0348950982565,1.20408946164707,10570.956078769854,11.9991423314985
12,13,22.645094390833336,5.014885383926987,16.22166662,30.34499944,71.25594503875,2.160589678194383,68.11283347,73.58116689,428.21128835416675,32.350036392906986,383.9333333,479.7833333,1.240596329375,0.04643755426223644,1.176335416,1.29662624,19842.14,826.7558333333333,1734.7299999999996,251195.48969999998,10466.4787375,23634.204800000007,204009.48349999997,17406.841199999995,29779.165,CASE_10,253036.95,3296583.5257,227478.7368,2681189.2609,5755.103090175,24616.08605094486,1613.597601310526,107564744.27319281,5688345.574808102,22.92037978656834,70.48542283138404,430.9039371764717,1.2243314465229673,10503.898760406239,22.20354805554422,62.13313927736977,440.4494588371773,1.208276452274464,10558.973521078737,14.2408819864995
13,14,22.646442547499998,4.199826515941171,17.0066666,28.55666688,72.07859717083333,2.1614039876399214,68.92166723,75.78666662,425.7833398750001,27.764532640316947,383.3166667,474.4666667,1.2463907686666664,0.042944982525315624,1.180617229,1.298202566,23337.32,972.3883333333333,1998.36,253426.29640000002,10559.429016666667,23630.98350000003,206150.60069999998,17473.0332,29802.6625,CASE_10,276374.27,3550009.8221,244951.77000000002,2887339.8616,6180.88643005,29087.420213419966,1632.323809733673,107904694.89334372,5739204.061448306,22.783402806622796,71.28205862389875,428.34348224796923,1.2353617808329949,10531.665583288826,22.252650215264442,63.23575732940088,438.82347764112194,1.2125020529200097,10559.024020277793,17.376455770642
14,15,22.167024225000002,3.997296847208589,16.75576907,27.48999999,72.6317804175,2.4024646195345016,69.21666654,76.38269175,413.2072788875,23.515695791387156,386.3,453.4,1.259612738375,0.039678987386774535,1.195709459,1.309036489,19393.41,808.05875,1525.1399999999994,238864.6172,9952.692383333333,23627.7622,192876.9117,16821.042,29166.663500000002,CASE_10,295767.68,3788874.4393,261772.81200000003,3080216.7733,6594.0937089375,24428.186276529108,1610.0304360196033,98700598.49571633,5294917.755967752,22.475204110333607,71.95694011644804,420.7751496005518,1.2474876296555362,10242.170148611534,22.243416900390745,64.24895950627534,436.06120384751114,1.217582143572139,10493.64140800664,21.1581551486328
15,16,22.034861038749995,4.486713184729697,16.20166686,27.48666662,74.09071571125001,1.7799204526783061,71.64783293,77.07166684,407.2805555625,33.86145576948044,368.9,455.3,1.2551463363333333,0.04491145268296288,1.197226934,1.311212677,19843.37,826.8070833333333,1447.9799999999996,253703.43230000001,10570.976345833335,23321.738699999987,206410.5051,17473.0332,29819.894,CASE_10,315611.05,4042577.8716,279245.84520000004,3286627.2784,7001.3742645,24906.333156006775,1632.578624958925,103328474.85525712,5590319.875784418,22.255029214939515,73.0238441935133,414.0277496243729,1.2513170414266213,10406.575755852915,22.2214325976269,65.28639929068575,433.0273764563285,1.2215418624706853,10501.793443025123,24.8656723791344
16,17,23.305524542916668,4.988241585878107,16.62666648,30.36666638,73.88318601333333,1.9958576252705467,70.9953334,76.9649999,406.80306562916667,41.010912102579596,355.2166667,462.6666667,1.245241479,0.04836895217527165,1.182581705,1.304217854,22759.99,948.3329166666667,1831.18,254223.2356,10592.634816666667,23630.9835,206822.02039999998,17506.129200000003,29895.086,CASE_10,338371.04,4296801.1072,296751.97440000006,3493449.2988,7408.177330129167,28341.683609625212,1721.8864049426174,103418791.5962459,5924805.856655487,22.78028088628032,73.45351838157721,410.41538006657726,1.2482792370367024,10499.605996024198,22.333603953862585,66.17591168872367,430.3139382423377,1.223994069721103,10511.192830344582,29.3748998423485
17,18,23.59820481041667,4.693079448976388,16.5254235,30.55333354,74.61310206958332,1.154773222323018,72.17733246,76.5783329,406.3861906541667,42.478110987518065,355.6666667,475.3559322,0.4152912255,0.5774687917900186,0.0,1.314774968,19040.99,793.3745833333334,1473.7,253734.66660000003,10572.277775,23630.983499999973,206432.1638,17476.3428,29826.16,CASE_10,357412.02999999997,4550535.773800001,314228.31720000005,3699881.4626,7814.563520783334,7907.556071833246,1760.7352641785512,103114264.59647903,5987682.629929591,23.189244408420524,74.03331243731905,408.4007776752738,0.8317836424637455,10535.942024123047,22.46247553470783,67.03571979073342,427.87553513532407,1.14158165205692,10517.417809034727,32.7600565738221
18,19,23.0442933775,3.041730726749497,19.25166658,27.40666656,76.72040360625,1.143987999156291,74.71166674,78.42833316,398.7616517083334,32.68757085751407,357.95,437.5166667,0.0,0.0,0.0,0.0,21036.75,876.53125,1946.92,254172.52289999998,10590.5217875,23634.204799999978,206710.6328,17527.641600000003,29934.2485,CASE_10,378448.77999999997,4804708.296700001,331755.9588,3906592.0954,8213.325172491666,0.0,1767.967488742634,101354255.05047818,5857226.186206937,23.116768754723925,75.37686058439924,403.58120549919914,0.4158910279796631,10563.231957862941,22.521032094309486,68.01042651740401,424.9453932167696,1.0266881422119372,10524.775296477148,37.5559379048875
19,20,22.163302144583337,4.588294706308253,16.21333323,28.35999991,76.5848429025,1.523293692426046,73.79899979,79.20383371,411.54698275416666,47.62408032949691,355.3,486.0833333,0.9897377290000001,0.49531273210113563,0.0,1.31875295,19447.31,810.3045833333334,1435.119999999999,253426.8126,10559.450525,23634.204799999978,206116.56559999997,17474.688,29835.559,CASE_10,397896.08999999997,5058135.109300001,349230.64680000005,4112708.661,8624.872155245834,19247.736434558992,1697.3730129435562,104297040.07453562,5616775.0191925,22.64003499500489,75.98085231946102,407.56409792506514,0.7028146521215227,10561.341239628342,22.48539446478166,68.86462358640338,423.6106221452015,1.0230070829717053,10528.229698181103,43.2617190124849
20,21,23.222871058333336,4.823692401477939,17.17333339,30.49833323,75.015269445,2.689668959048737,71.44083299,79.60000038,410.5481764583333,49.099662572783046,356.9166667,482.7333333,1.2424697580833333,0.04939581172070068,1.178593957,1.29930828,22596.64,941.5266666666666,1856.9,253376.16220000002,10557.340091666667,23630.983499999973,206094.9069,17459.7948,29821.4605,CASE_10,420492.73,5311511.271500001,366690.4416,4318803.5679,9035.420331704167,28075.64183429617,1742.0699297273675,104023121.34922089,5884121.944025953,22.931453165628128,75.4980606520175,409.0561379031593,0.9726423337662928,10559.340664693556,22.558251160564645,69.4722574260491,422.320158637734,1.0446882122389045,10531.105568548848,48.7490813338554
21,22,22.912516225416663,4.665113560414187,16.20689658,29.27666639,76.87617960916667,1.428467599735668,74.7070825,79.0733331,407.5822796958334,46.6657441016841,357.6833333,478.25,0.5528308907916667,0.6254701349018192,0.0,1.309589364,20496.629999999997,854.0262499999999,1959.78,254267.88059999997,10594.495024999998,23634.204800000007,206775.6089,17539.2252,29953.046500000004,CASE_10,440989.36,5565779.1521000005,384229.6668,4525579.1768000005,9443.0026114,11331.170221127199,1761.426712643077,103635082.42837596,5825916.939849806,22.921984693264935,76.1871202948767,408.3192086237987,0.7627365622335439,10576.917849037505,22.59301075942843,70.19871168484356,420.87411495194897,0.9964284065511404,10537.325182891447,63.4362372661009
22,23,24.6351082175,3.9674804016921037,20.00333331,31.11166687,78.22896481083333,1.6222663051107602,75.00666669,80.52833341,401.40644473750007,40.732822390552165,354.4333333,458.2,0.171755998875,0.4179174509469889,0.0,1.268735643,21966.5,915.2708333333334,1734.7299999999975,253729.9647,10572.081862500001,23634.204800000007,206351.7172,17516.058,29862.1895,CASE_10,462955.86,5819509.116800001,401745.7248,4731930.894,9844.4090561375,3772.878149287688,1927.1790138578785,101848843.0535984,6250665.138406956,23.778546557492604,77.20804267455844,404.8628262686165,0.4672462453290812,10574.499855480508,22.792255381956814,70.98221236771798,418.97468131421857,0.9159662611586423,10540.716344014329,74.6731212348915
23,24,25.497498381249997,4.028620124138112,20.41499968,31.29666646,77.7214751,2.8398504790417967,73.01349974,81.95333328,401.51631169999996,41.278239217353914,354.0677966,451.8333333,0.4478785622083333,0.5320447590487387,0.0,1.18934695,22765.05,948.5437499999999,1831.18,253710.38249999995,10571.265937499998,23637.42610000001,206357.9054,17502.8196,29849.6575,CASE_10,485720.91,6073219.499300001,419248.5444,4938288.7994,10245.925367837499,10195.977862600817,1981.703185550612,101868857.02139619,6468980.067100067,24.63802252060006,77.46475890258071,403.18956888457427,0.45756240319150526,10572.882896393874,23.0549923726437,71.63673900735468,417.27909999455983,0.87050492795054,10543.68336333985,85.3235008823819
24,25,23.131405714583337,2.7687902549868086,18.79333293,27.22307686,77.5356172475,2.250948108786243,73.44133307,80.91166662,402.85966336666667,41.47836364276226,357.45,454.3166667,0.0,0.0,0.0,0.0,23507.1,979.4625,1901.91,254185.2482,10591.052008333334,23627.7622,206772.5148,17545.8444,29866.888999999996,CASE_10,509228.00999999995,6327404.747500001,436794.3888,5145061.3142,10648.785031204166,0.0,1793.507819882568,102400983.52262461,5879662.102776264,23.88471409514136,77.50018807609622,403.02461612070454,0.2287811947775413,10581.967452634346,23.062385874612236,72.20749493522804,415.8839230478728,0.786277753283767,10548.266596596193,89.6608194919622
25,26,22.449419780416665,3.7728190826070933,17.85999947,27.46333313,80.32329063875,1.6181971396069634,76.94833349,82.68000005,417.18601190416666,49.85650431253591,359.8333333,482.2166667,0.576280469875,0.5694876412206064,0.0,1.280110703,20994.34,874.7641666666667,1447.98,254153.45190000001,10589.727162500001,23630.9835,206784.89119999998,17481.3072,29887.2535,CASE_10,530222.35,6581558.199400001,454275.696,5351846.2054,11065.971043108333,12098.62811991551,1803.2112696937108,106029265.00983846,5705597.530345036,23.167066927085234,78.91173937845687,410.1053141179462,0.40253083491534203,10585.847307624988,23.003259752866665,72.99033680751523,416.00952129053223,0.7660216166676614,10552.265843031651,94.8758956551127
26,27,21.847454352916667,3.3907701229717886,18.20499999,26.99333324,81.20645830125,1.2771339179038164,78.62166659,82.80333265,423.71582854166667,54.6017154564329,365.1666667,500.2833333,0.0,0.0,0.0,0.0,18162.68,756.7783333333333,1441.5499999999993,253453.1696,10560.548733333333,23634.204799999978,206098.001,17494.5456,29860.623,CASE_10,548385.03,6835011.369000001,471770.2416,5557944.2064000005,11489.68687165,0.0,1774.15439089859,107392119.75357556,5537306.553438046,22.507260635085014,80.05909884840193,416.9105713805095,0.2012654159581268,10573.198020384916,22.89205280337275,73.78085899060001,416.75099119653765,0.6923180959541448,10553.06278944104,102.20905563130634
27,28,22.514767584583335,3.819828800378083,17.58500032,27.46666654,80.93352489125,1.9093410304554042,77.19000028,83.37666664,416.59832374999996,49.82139947872216,361.2166667,480.7,4.916666666666667e-07,2.3579504989620866e-06,0.0,1.18e-05,19991.26,832.9691666666666,1618.9900000000016,253855.962,10577.33175,23634.204799999978,206531.17499999996,17482.962,29841.825,CASE_10,568376.29,7088867.331000001,489253.2036,5764475.3814,11906.2851954,0.009829036166666666,1822.199502727584,105755968.2431437,5715507.984390819,22.51101410984816,80.49631187145471,416.7544475646731,0.1006329534375116,10575.264885200157,22.855826858303196,74.46763936023446,416.7363324655385,0.6258435608952958,10555.393031889778,109.5422156075
0,1,25.02258764777335,1.910504699393358,20.1866665522257,26.4899998982747,47.89759637923182,5.081557529114006,38.7349998474121,55.243333307902,406.7496955971163,12.548634827595912,390.566666666666,423.016666666666,2.9472575044559535,0.013995877823621406,2.92112403845373,2.97860757112503,25315.160000000003,1054.7983333333334,2178.4,190774.744,7948.947666666667,9554.932000000104,0.0,116961.264,73813.48,CASE_11,25315.160000000003,190774.744,116961.264,0.0,406.7496955971163,74610.29528650318,1198.5218035169996,77597569.04961778,4773677.752721523,25.02258764777335,47.89759637923182,406.7496955971163,2.9472575044559535,7948.947666666667,25.02258764777335,47.89759637923182,406.7496955971163,2.9472575044559535,7948.947666666667,11.7641629206507
1,2,24.998120666801068,2.0874925774579376,20.1118641546217,26.5948273888949,52.4230824060808,6.749520804073723,39.8000001740037,61.7239998881394,407.3263370442712,14.454308275898153,387.25,426.883333333333,2.9682540445933348,0.020621708122438926,2.92533279657363,3.00260141293207,28166.11,1173.5879166666666,1876.1899999999905,190612.79599999991,7942.1998333333295,9554.932000000104,0.0,116861.976,73750.8199999999,CASE_11,53481.270000000004,381387.5399999999,233823.24,0.0,814.0760326413874,83604.16992796077,1310.478539712864,77641611.98844688,4764961.675044334,25.006276327125164,50.9145870637978,407.1341232285529,2.9612551978808743,7944.449111111108,25.000342917570574,52.01204825287017,407.2739627075632,2.966347001892392,7942.812715561608,12.5232646566145
2,3,25.071507246048157,2.1420968376725904,20.0847456334,26.759322085623,56.19794872799276,5.982230004617183,43.8983332951863,65.0877191643965,411.01694146236395,12.31602395817433,391.050847457627,428.067796610169,2.992483524389206,0.023200151887539208,2.94326670695159,3.03370246804993,26619.0799999999,1109.1283333333292,1525.1399999999994,190288.9,7928.704166666666,9554.932000000088,0.0,116663.4,73625.5,CASE_11,80100.3499999999,571676.44,350486.64,0.0,1225.0929741037514,79657.15833439791,1408.9672787469133,78211961.67223762,4770829.535192532,25.0435511379383,53.93365087190921,409.35287650501635,2.979099955885635,7935.451999999998,25.03442652913067,54.01685331286933,409.0666337927194,2.978864889707405,7936.055533831673,13.7609128649562
3,4,24.976815602843573,2.1164918407062348,20.1483333269755,26.4362067189709,59.0415291496937,5.586643134468155,45.0966669082641,66.1073333358702,398.134872118552,12.848561447389173,378.0,422.683333333333,3.012119605562969,0.04636360758251118,2.93080157658149,3.08297904332478,27031.83,1126.32625,2011.2200000000007,187697.7319999999,7820.738833333329,9554.932000000095,0.0,115074.79200000002,72622.9399999999,CASE_11,107132.1799999999,759374.1719999998,465561.43200000003,0.0,1623.2278462223035,81423.10511724523,1474.6693864818133,74729012.5267622,4688091.641235949,25.007958852554445,56.657852620060936,403.36994083223533,2.9967104357135463,7874.271644444441,25.015508118929787,55.66686807107312,405.47683642442934,2.989785150779656,7898.187567047593,15.8139043767443
4,5,24.92448949645586,2.4484180584954967,19.0898303985595,26.7931034153905,61.800677425666116,6.297869186551926,52.7220341310662,77.769642829895,400.94113275468976,12.86164359901138,382.508771929824,425.542372881355,3.083550202661872,0.0213931161386889,3.02806952081877,3.11226000388463,29252.64,1218.86,1966.2099999999991,190612.79599999991,7942.1998333333295,9554.932000000104,0.0,116861.976,73750.8199999999,CASE_11,136384.8199999999,949986.9679999996,582423.408,0.0,2024.1689789769932,90201.98400039478,1540.3503353698718,76424510.34577857,4750926.6317920815,24.96487789456808,59.31221381005071,402.11636246963116,3.041530960590101,7909.331354838706,24.99249594008686,57.21767508198703,404.3300774295165,3.0134917075751915,7909.3151595722975,17.5964697535799
5,6,25.076294860856674,2.149104447924232,20.2728813623977,26.9666664441426,62.15785953915364,6.918022729471628,50.5183333714803,75.5083330790201,417.1790440502189,17.84514869243707,383.4,458.8,2.865721919370714,0.23547202985619808,2.59094705581665,3.13010608355204,28682.9699999999,1195.1237499999959,1976.47,144818.93199999988,6034.1221666666615,9554.932000000095,0.0,117060.552,27758.379999999903,CASE_11,165067.7899999998,1094805.8999999994,699483.9600000001,0.0,2441.348023027212,82197.41584165231,1558.6888137235294,60415423.61213361,3631522.240266349,25.02147063934959,60.75762116451568,409.76724835183444,2.9522311301294604,6956.844148148143,25.009936788802435,58.24586266427287,407.00429901762874,2.9827367706722905,7519.036179827317,19.9662753476084
6,7,24.770545135209066,2.049442167607481,19.9766666094462,26.4866665204366,59.50300844618274,6.613452368812674,45.3933331807454,72.951667022705,407.80788300932016,19.814832959063143,375.266666666666,434.85,2.670482482041741,0.026041702539093506,2.61300873359044,2.70418889522552,25689.3299999999,1070.3887499999958,2152.6800000000003,176485.39199999988,7353.5579999999945,9554.932000000088,0.0,140393.232,36092.1599999999,CASE_11,190757.1199999997,1271291.2919999994,839877.192,0.0,2849.155906036532,68602.90574038909,1473.921956396896,71972134.09358996,4371639.368241061,24.89501999159374,60.125375385198296,408.7798516437958,2.810247559439586,7156.76293963254,24.967069456170513,58.47097697210703,407.14819502132167,2.9268220875346476,7489.404369062386,22.5874871211339
7,8,25.91380323172386,2.9297981370706503,20.1316666920979,29.9599998474121,66.06103505253661,2.69350187950442,59.1966102729409,69.2120000966514,378.1700782112457,14.627623805314835,365.833333333333,416.166666666666,2.6270517386679395,0.06875791388943214,2.53909504810969,2.73209976355234,28231.64,1176.3183333333334,1863.33,190288.9,7928.704166666666,9554.932000000104,0.0,116663.4,73625.5,CASE_11,218988.75999999972,1461580.1919999993,956540.5920000001,0.0,3227.325984247778,74165.97894744735,1711.8926636354465,71961568.19573191,4931109.111781178,25.406409225855132,63.10484376723478,393.4149457639275,2.7182904415620537,7544.24716339869,25.117604907926957,59.677834540199285,402.54052809562637,2.879157088085926,7559.2552555486345,23.9870997517786
8,9,26.596046300914633,3.238544666540521,20.5149999300638,31.5949156163102,67.21788060040738,2.343439078012258,61.5683334350585,71.3476354361257,376.9199152542371,19.08321813564555,356.4,421.916666666666,2.6456094899055156,0.05160695532672532,2.57274963061014,2.73592896064122,26689.8099999999,1112.0754166666625,1869.7600000000093,190612.79599999991,7942.1998333333295,9554.932000000104,0.0,116861.97599999998,73750.8199999999,CASE_11,245678.56999999963,1652192.9879999992,1073402.568,0.0,3604.2458995020147,70610.81461977486,1787.7298646977863,71845758.91469315,5069546.747962793,26.002391791834057,65.1653866817009,385.15129055750725,2.681878849342731,7743.6128845401145,25.331345697266503,60.767911836607105,398.8365124761671,2.8453927141850035,7614.618205150305,28.7505807566479
9,10,25.344172492406738,2.0885185322207165,20.4516666094462,27.0109413269274,69.24617043694103,2.6377205679800966,63.9708333206673,76.3032142227249,400.8818344535328,25.880476444810622,368.05,473.416666666666,2.7256257514629127,0.0446280277859532,2.67215025822321,2.81272329886754,27422.83,1142.6179166666668,1863.33,190774.744,7948.947666666667,9554.932000000115,0.0,116961.264,73813.48,CASE_11,273101.3999999996,1842967.7319999991,1190363.832,0.0,4005.1277339555477,74744.37162598972,1754.9868879924295,76478129.3421231,4835028.0191307375,25.67296043180787,67.20777307728541,393.0242509433969,2.7037736820754126,7846.38063473444,25.33306292241499,61.902963790324556,399.1103360071336,2.8293585577105644,7659.377550950928,34.5824651579793
10,11,25.052110917296357,2.2052999127615585,20.0249998410542,26.5999999364217,71.98343041930589,2.7190213444829925,68.9593223959712,79.5135589858233,390.1353931261767,26.587235890266466,356.355932203389,448.8,2.795827195351402,0.061761767650558574,2.70949351390202,2.88273757298787,26526.46,1105.2691666666667,1844.0400000000009,190774.744,7948.947666666667,9554.932000000104,0.0,116961.264,73813.48,CASE_11,299627.85999999964,2033742.475999999,1307325.096,0.0,4395.263127081725,74163.39826440114,1803.3368830719357,74427979.74898572,4779310.046906818,25.362384025916423,69.59676824984474,391.57911640268685,2.7498229236946665,7897.68920371275,25.297724536311843,63.17089359806663,397.9814599322075,2.825140953963219,7695.799930455834,44.1286075355256
11,12,24.832901756300796,2.1961499424964193,19.7362068768205,26.5849999109903,71.24777818698483,2.3780485781076726,67.0416667302449,75.8866675694783,390.4340119488275,19.880450548681896,365.6,444.383333333333,2.906740638704077,0.014967015025217656,2.86908950408299,2.92794995307922,28218.78,1175.7825,2195.0899999999,190999.3519999999,7958.306333333329,9554.932000000104,0.0,117060.552,73938.7999999999,CASE_11,327846.63999999966,2224741.827999999,1424385.6479999998,0.0,4785.6971390305525,82024.67460064983,1769.2890760721052,74572643.28098626,4743068.143733111,25.097578241258837,70.42247480692971,391.0064243583635,2.828300940871534,7928.005169881968,25.242155684162935,64.13647279264639,397.0791740737561,2.8348960714225107,7727.182169272302,53.2839511847254
12,13,24.897605405525564,2.3853735718918454,19.2866667111714,26.4916665077209,70.896227229918,3.565142223223063,66.3327584759942,79.8433331807454,391.64331653029905,27.242069689149854,363.965517241379,453.966666666666,2.951352833251285,0.02221780038200075,2.90961329411652,2.99018292427062,27063.98,1127.6658333333332,1805.4599999999991,190126.952,7921.956333333333,9554.932000000104,0.0,116564.112,73562.84,CASE_11,354910.61999999965,2414868.779999999,1540949.7599999998,0.0,5177.340455560851,79875.35405205611,1765.146290310975,74461950.04307696,4733705.827851299,24.997579616528828,70.65937993750717,391.32490932189035,2.889834398469808,7924.9803823708935,25.20263904312783,64.91175235602255,396.4557328967172,2.8482525547534725,7749.520914010956,66.1978360135162
13,14,24.93490488833338,2.4116056842406564,18.9699997584025,26.5983331044515,70.4970582588043,3.554183184714305,65.3383335113525,81.7796606290138,385.76601248884873,27.414999824373897,359.966666666666,452.847457627118,3.0068344688187145,0.04186116931654994,2.92949573198954,3.09242904186248,27359.76,1139.99,1773.3099999999977,189254.5519999999,7885.6063333333295,9554.932000000104,0.0,116067.67199999999,73186.8799999999,CASE_11,382270.37999999966,2604123.3319999985,1657017.4319999998,0.0,5563.1064680497,82266.26942660751,1757.8374425905827,73007973.87040344,4719044.253804142,24.96624033963344,70.57821414418886,388.5452912509462,2.9483380044209917,7905.2921561781495,25.172956295949778,65.53097564171667,395.27060106878724,2.865833975643998,7764.608227392645,74.4114716455442
14,15,24.721549604493834,2.199259461318286,19.4583331743876,26.1116665204366,69.01055969214529,3.69520689667954,59.5049999872843,74.8017239406191,382.77621118168946,28.022525847622493,362.716666666666,451.482758620689,3.121047774035675,0.049202619993784474,3.04907853205998,3.24246965249379,29023.76,1209.3233333333333,1959.7800000000009,190612.79599999991,7942.1998333333295,9554.932000000104,0.0,116861.976,73750.8199999999,CASE_11,411294.13999999966,2794736.1279999986,1773879.4079999998,0.0,5945.882679231389,90584.54154214566,1706.0479746632525,72962043.85562827,4712243.691565262,24.843891238265375,69.79436299692844,385.6606631844554,3.034695524650704,7923.7465579393875,25.124279718833,65.90618993200266,393.9232924347376,2.8933544674174123,7783.75847851981,88.2183960847072
15,16,24.827239793572684,2.3728806077359565,19.0199999809265,26.4916666030883,70.80640768290908,4.18007291021662,61.3433334350586,79.9,384.34253766478304,32.54982554295677,362.683333333333,464.983333333333,3.2666646905678305,0.06800667213705798,3.17073400815327,3.40745813449223,26259.0,1094.125,2075.5200000000004,190612.79599999991,7942.1998333333295,9554.932000000104,0.0,116861.976,73750.8199999999,CASE_11,437553.13999999966,2985348.9239999987,1890741.3839999998,0.0,6330.225216896172,85779.34810962067,1757.927662465051,73260605.72601958,4732389.59401535,24.83556538887665,70.30039306132478,385.0015903679661,3.1506818774205585,7932.9733364258245,25.092968128746307,66.42273197401086,392.9133653489593,2.932705866634923,7800.460107940008,100.348686633551
16,17,24.86548719050484,2.159425993891168,19.8499999868458,26.4849998792012,72.46212387683617,3.309790732902391,62.7583333333333,76.5216667811075,388.1060332651571,38.70590050508736,360.95,492.101694915254,3.4833909421692737,0.07406724879417094,3.40759865840276,3.66629662116368,25760.06,1073.3358333333333,1512.2799999999988,191260.5879999999,7969.191166666663,9554.932000000104,0.0,117259.128,74001.4599999999,CASE_11,463313.19999999966,3176609.5119999987,2008000.5119999999,0.0,6718.331250161329,89732.35967373702,1801.8060130562449,74229388.12864147,4755787.7009624215,24.85052640383423,71.38126671549202,386.55382365916176,3.317037678988959,7951.082389707356,25.069430599968257,67.04762987452763,392.41594909007244,2.989685435618739,7817.91876703132,107.197092872452
17,18,24.444147804349456,2.289233188701021,19.2100000381469,25.9766666094462,73.74250882239973,3.583665045943088,66.5166669845581,81.3566665649414,393.1493359747592,33.88678507423425,357.383333333333,480.316666666666,3.7239991168627617,0.035174574098065445,3.68430074453353,3.79988926966992,24753.1499999999,1031.3812499999958,1901.91,183163.1879999999,7631.799499999996,9554.932000000104,0.0,112294.728,70868.4599999999,CASE_11,488066.34999999957,3359772.699999999,2120295.2399999998,0.0,7111.480586136088,92180.7087395711,1802.5727851182826,72010485.73721994,4477268.039787844,24.647336328983222,72.56189227267495,389.85159239694985,3.5205191741461634,7791.44033586757,25.005709954889536,67.72988438124274,392.4906862901233,3.0645170826540507,7798.951925403961,108.12025351127
18,19,24.87029309793046,2.418493272170772,19.2033331553141,26.6466663360595,73.75822634619028,3.968574410022725,62.3749997456868,80.9633330027262,394.42703249796585,38.97632282730454,362.15,494.5,3.012312257502785,0.7684315381585474,1.49845789733005,3.88863492012023,28083.7499999999,1170.156249999996,1908.339999999902,183487.084,7645.295166666667,9554.932000000104,0.0,112493.304,70993.78,CASE_11,516150.09999999945,3543259.7839999986,2232788.5439999998,0.0,7505.907618634054,84597.02436164355,1834.388707613249,72372266.04382499,4563377.558764586,24.75881492608539,73.16006045034788,392.13931681094584,3.266415231159666,7718.367611891958,24.992081041039903,68.33660170685029,392.68556819952784,3.0592629726377716,7783.487272226571,118.670513538443
19,20,24.843484076320845,2.431139903381394,18.9216663360595,26.5266665458679,73.49585681099971,4.070398718202181,62.5233336130778,79.5348277112533,389.0247844827583,38.29827005876674,360.033333333333,481.466666666666,0.6204324921994887,0.6752481699789429,0.0,1.96355884472529,25941.3299999999,1080.8887499999958,1447.9799999999996,191098.6399999999,7962.443333333329,9554.932000000115,0.0,117159.84,73938.7999999999,CASE_11,542091.4299999994,3734358.4239999987,2349948.3839999996,0.0,7894.932403116813,16094.8440228693,1825.8931483596282,74342107.24094819,4747556.019846567,24.801149541576553,73.32795879079413,390.58204916172593,1.9434225999754842,7840.405588997129,24.977277573838816,68.85057494890613,392.3208750728282,2.816302780991632,7801.315161147708,128.598181425359
20,21,24.981884487531385,2.17131409488207,19.9783331871032,26.5749998410542,72.73757129399642,3.2986999753208646,64.3649998346964,77.4233337402343,381.3595778818512,31.825159757078584,362.122807017543,465.5,1.524210006228721,1.335064136710711,0.0,2.8243337949117,30191.42,1257.9758333333332,1869.76,190936.69199999998,7955.695499999999,9716.880000000092,0.0,117060.552,73876.14,CASE_11,572282.8499999994,3925295.1159999985,2467008.9359999998,0.0,8276.291980998663,46018.06446625393,1817.1216039701974,72815536.26327702,4769958.383975358,24.891517057644556,73.03276490163586,385.970811322979,1.733816203153984,7898.050571985834,24.977732699482576,69.23457860773408,391.2379879658845,2.68865451250771,7816.566684356691,137.372643471174
21,22,24.809972547478367,2.0730638367152365,19.8599999109903,26.1436363220214,73.28266480872438,2.7755643228363667,66.9017242563181,77.7449999491373,388.5873461750759,38.163394810727446,360.633333333333,494.15,2.8330405097599645,0.029977083763400768,2.78159803946812,2.87334026892979,26158.72,1089.9466666666667,1914.7700000000004,190450.8479999999,7935.451999999997,9554.932000000104,0.0,116762.688,73688.15999999989,CASE_11,598441.5699999994,4115745.9639999983,2583771.624,0.0,8664.87932717374,74108.71344346818,1818.1409021105108,74006789.60111272,4725080.310523973,24.850744792840597,73.15771488497052,387.27907906094276,2.283428487494754,7916.751290451513,24.961272494490505,69.63176666400268,390.9779136471859,2.702821304110863,7828.231413093864,145.274517466308
22,23,24.997311398069353,2.5726127457332932,19.158333492279,27.2849998156229,75.25152076871625,2.6626430702776935,69.6508474834894,80.7716663360595,384.75679452869434,38.20534153228588,357.508474576271,479.483333333333,2.878131249852584,0.05762331321326071,2.79680934349695,2.98716171185175,29131.839999999997,1213.8266666666666,2004.789999999899,191098.6399999999,7962.443333333329,9554.932000000115,0.0,117159.84,73938.7999999999,CASE_11,627573.4099999993,4306844.603999998,2700931.4639999997,0.0,9049.636121702433,83845.2590697055,1881.0856978338834,73526500.16519289,4776952.211827549,24.924028104191024,74.20461795164395,386.0179366444787,2.5807799041207202,7939.597314615879,24.96478876043145,70.1800782937294,390.3709276654108,2.7199260528713682,7841.326284389661,149.634797475652
23,24,24.960123125453254,2.1963265711730826,19.9783332188924,26.5666665077209,77.43597820513378,1.3627745654861323,73.6783336639404,80.0559322551145,395.33607518088974,41.86579671832008,363.1,499.216666666666,3.00676824748427,0.05420314726046619,2.93473008871078,3.11308554808298,28530.019999999997,1188.7508333333333,1972.6399999999007,191098.6399999999,7962.443333333329,9554.932000000115,0.0,117159.84,73938.7999999999,CASE_11,656103.4299999994,4497943.243999998,2818091.3039999995,0.0,9444.972196883324,85783.15823609117,1932.8115503400538,75548186.31000574,4769845.583506663,24.942075615897856,75.82029817469092,390.67700619038635,2.7937740884979383,7951.020324655468,24.964335627424862,70.8847814601162,390.8531497492954,2.747784568736415,7853.0893418926835,152.2444216243
24,25,24.918346277809132,2.08360381990893,20.2586206896551,26.5466665585835,79.15455784186325,1.41784355917854,75.6466665903727,81.9684209990919,391.02779602058894,30.386090151844126,367.283333333333,462.224137931034,3.1627773510088715,0.05145292644353227,3.09532729784647,3.28474869728088,27465.239999999903,1144.384999999996,2062.6599999999903,190774.744,7948.947666666667,9554.932000000104,0.0,116961.264,73813.48,CASE_11,683568.6699999992,4688717.987999998,2935052.5679999995,0.0,9835.999992903913,86866.43901202259,1972.4006817704208,74598227.68271208,4753791.13205239,24.9302109464999,77.48742805796142,390.8524011107148,2.9782757252519825,7949.983995630183,24.95988585022255,71.68493764234535,390.87004794426804,2.7879378963461794,7862.364276019721,153.284016738578
25,26,24.764815599982825,2.0698467230385016,19.7916665712992,26.3549998919169,76.71846622478904,2.8820898067546348,68.8150001525878,80.4813555701304,385.9699226880759,28.279810761713883,362.3,449.084745762711,3.087376191014222,0.21296907722505742,2.8405989964803,3.37972286542256,25470.71,1061.2795833333332,1741.16,190388.188,7932.841166666666,9716.879999999916,0.0,116762.688,73625.5,CASE_11,709039.3799999992,4879106.175999998,3051815.2559999996,0.0,10221.96991559199,78637.66362222786,1899.918669170411,73484114.20308286,4714928.368234863,24.84751327200907,77.10294713564602,388.41116186301804,3.032825958945964,7941.412581020701,24.941069560914165,72.17046698335393,390.39738656020506,2.8168214271539704,7869.162409319589,158.894610733963
26,27,24.482397651937845,2.257759674442091,19.1366665840148,25.91666653951,77.61605091146835,1.836169889490959,73.7883336385091,81.1666664123535,392.7054654523017,38.020652383760265,362.4,480.133333333333,3.008528728062404,0.021750415407676475,2.97548097769419,3.06632738113403,27092.2999999999,1128.8458333333292,1824.75,191260.5879999999,7969.191166666663,9554.932000000104,0.0,117259.128,74001.4599999999,CASE_11,736131.6799999991,5070366.763999998,3169074.3839999996,0.0,10614.675381044291,81507.96285928476,1900.227022587621,75109078.23322088,4682517.770559449,24.664955460613296,77.35949902546865,390.5583136736574,3.0206773434136696,7955.301873947165,24.89693799359495,72.69441917884022,390.6194606332216,2.835266733025237,7878.786774257421,162.479376875913
27,28,24.514160002978915,2.137372003154795,19.0779659141928,25.9107142516544,78.31772722422842,1.7609146889554503,74.8916669845581,81.9338987964694,394.065151067852,36.04341771128307,365.116666666666,483.483333333333,3.125518738477537,0.03557533398332948,3.07268592516581,3.2154194911321,26220.42,1092.5175,1934.0600000000004,191098.6399999999,7962.443333333329,9554.932000000115,0.0,117159.84,73938.7999999999,CASE_11,762352.0999999992,5261465.403999997,3286234.2239999995,0.0,11008.740532112144,81952.41404075117,1919.8932962443932,75305314.44046102,4684622.637311664,24.589557731515228,77.83861312663338,392.3117323772867,3.0730980411408857,7958.872603653549,24.86018464686596,73.23435458636837,390.9503068635937,2.863135975397309,7886.819259398279,164.150299846821
0,1,25.752777663333333,3.344425945935787,21.59500033,30.45333316,52.42180564375,5.451325913575157,46.27000052,60.85166677,478.5416666583333,88.7164133101748,391.2666667,713.0333333,0.7826197902500001,0.006239853089714104,0.77394275,0.799096376,13073.0,544.7083333333334,769.0,254180.6604,10590.86085,23634.204800000007,206747.762,17512.7484,29920.15,CASE_12,13073.0,254180.6604,17512.7484,206747.762,478.5416666583333,10231.188517938252,1350.0071054539662,121636036.86013183,6545858.033600436,25.752777663333333,52.42180564375,478.5416666583333,0.7826197902500001,10590.86085,25.752777663333333,52.42180564375,478.5416666583333,0.7826197902500001,10590.86085,0.554853169797396
1,2,25.817375918333337,3.9165475609091502,19.82333314,31.24499985,54.71005905708333,3.31408329038316,48.26499964,59.70833346,494.19933711666664,103.7247634946753,407.6166667,806.7833333,0.8004928325416666,0.005855279915522647,0.791885601,0.812742979,13842.0,576.75,1538.0,301846.9316,12576.955483333333,23637.42610000001,199786.037,73046.1816,29014.713,CASE_12,26915.0,556027.592,90558.93,406533.799,972.741003775,11080.42178804175,1412.4701611909377,149172553.50741982,7792895.70291265,25.795843166666668,53.94730791930555,488.98011363055554,0.7945351517777777,11914.92393888889,25.81150868354678,54.5022249595962,492.7772053765819,0.7988694862844762,12396.565416727217,3.22885515816
2,3,26.4354393325,0.32295663103882355,25.79354312,27.47160004,50.850202637916674,2.499163064255026,47.04048879,55.45384541,390.58402778333334,18.365032242111745,368.9333333,422.2166667,0.8160514671250002,0.0033333846039437943,0.81120436,0.823825915,9997.0,416.5416666666667,769.0,187428.64,7809.526666666668,9763.320000000009,0.0,86546.04,100882.60000000002,CASE_12,36912.0,743456.232,177104.96999999997,406533.799,1363.3250315583332,8158.066516848627,1344.2474468799776,73206633.1331524,4954758.441892983,26.161326690000003,52.17753347279762,432.7537788607143,0.8068301891190478,9568.98264047619,26.110335502183297,52.75311676334398,443.8325635357276,0.8070986647693952,10199.638243903246,3.38077828808951
3,4,26.855822414583333,0.5348557446265068,26.19754843,28.30682095,48.16053545875,3.0103947917763736,41.34705858,52.71020454,389.35471339583336,13.954685613290101,369.2,409.0833333,0.7751127982916667,0.023124776945904483,0.738843143,0.8230742,9997.0,416.5416666666667,769.0,183318.13,7638.255416666667,9763.320000000009,0.0,82905.48,100412.65,CASE_12,46909.0,926774.362,260010.44999999995,406533.799,1752.6797449541666,7748.802644521792,1293.3907876714336,71375777.96641012,4923159.144653501,26.53172440977778,50.03513453197222,409.6076106127778,0.7899142473444445,8539.261454444444,26.35514023137459,51.244994214363764,425.9430001797659,0.7965950714121084,9358.525383372693,3.55765921370225
4,5,26.305115790000002,0.4821793665008765,24.66166649,27.04772912,53.42085235625,6.168849197129659,46.04485748,65.46806959,424.69444443750007,31.203388818328083,383.6833333,501.2833333,0.6665182955416666,0.05822361205417899,0.567190553,0.760844248,9997.0,416.5416666666667,769.0,187759.60000000003,7823.316666666668,9763.320000000009,0.0,86877.0,100882.6,CASE_12,56906.0,1114533.962,346887.44999999995,406533.799,2177.3741893916667,6663.183400530042,1405.2417068316508,79740459.00980726,4939038.018684085,26.41476512215054,51.78260179611559,417.39436355456996,0.7262260141559139,8169.741563978496,26.342492584550897,51.795115006537486,425.6273286473318,0.7637078451689406,8970.379566727594,3.84642716313491
5,6,26.283567861250003,0.7319698740456307,24.02000008,28.26889032,54.488509796666676,8.628668213166165,41.48546554,68.02707417,416.93541667499994,9.683320560008424,401.2166667,440.1833333,0.5164970175,0.07976582348540656,0.400134104,0.659813959,9997.0,416.5416666666667,769.0,187594.12,7816.421666666666,9763.320000000009,0.0,86711.52,100882.6,CASE_12,66903.0,1302128.082,433598.97,406533.799,2594.3096060666667,5163.4206839475,1432.1524448990742,78214632.58797994,4930642.783391477,26.348125243597888,53.15703125671297,417.1612476792328,0.6196969999814814,7990.277489153439,26.330228737054327,52.355684171801514,423.81830389658415,0.712256506576294,8730.20934765772,3.90247528355758
6,7,26.04759102458333,1.5150377456719706,21.12166637,29.46559329,55.67572846791666,5.905844265312577,44.4271055,66.1766655,442.2757283416667,51.90424179604975,370.2166667,576.55,0.3639721155416667,0.07473589495113303,0.256284285,0.483474898,9997.0,416.5416666666667,769.0,187124.16999999998,7796.840416666666,9763.320000000009,0.0,86711.52,100412.65,CASE_12,76900.0,1489252.2519999999,520310.49,406533.799,3036.5853344083334,3638.629239070042,1450.2186051280446,82760478.57707985,4874133.8509746045,26.19667492850394,54.42629599306758,429.8173639185696,0.4908277668779528,7892.797389632546,26.279617428543965,52.95019714273419,427.1234339683279,0.6498899928867752,8563.073042642438,3.91555623559894
7,8,26.774744453333337,0.732011280842159,25.39499989,28.71999968,54.32682328625,3.7495350459746426,45.42564606,62.2159821,451.1972222291667,58.46985941461166,396.75,648.0,0.571381367,0.25162763492048845,0.217620295,0.786445557,9997.0,416.5416666666667,769.0,187925.08000000002,7830.211666666667,9763.320000000009,0.0,87042.48,100882.6,CASE_12,86897.0,1677177.332,607352.97,406533.799,3487.7825566375,5712.099525899,1454.5868104507424,84791274.08319394,5031645.993372224,26.48684316057517,54.37636459513562,440.5492143646732,0.5312625151745098,7861.381811045751,26.358345126105963,53.169087652151966,430.9512878855669,0.6374067248659044,8446.54438257337,3.92256537097722
8,9,26.604862785416667,0.8157042660603946,24.84666611,29.31499993,58.1364474925,2.3748217957396935,51.8341944,62.12193519,439.3736111041666,29.819332886182476,397.6666667,547.6333333,0.7970759492083332,0.005507762741810801,0.788536416,0.805608197,9997.0,416.5416666666667,769.0,187925.08000000002,7830.211666666667,9763.320000000009,0.0,87042.48,100882.6,CASE_12,96894.0,1865102.412,694395.45,406533.799,3927.1561677416666,7968.368264235707,1546.7122083695433,82569321.01663941,4999720.96733845,26.54596845208089,56.260085185596054,439.96026243768756,0.6644293236141552,7845.766239693412,26.393984603826976,53.88722732156692,432.1689174929052,0.6604903764776991,8357.440112482913,4.16872834720565
9,10,26.83061702083333,1.195196788107724,25.14500039,31.7457692,53.653516967083334,2.199035097009037,49.98740703,57.99494217,398.6777777791667,22.80373013497023,372.3,428.4333333,0.8060055417499999,0.00442702240090653,0.79669654,0.813618888,9997.0,416.5416666666667,769.0,187428.64,7809.526666666668,9763.320000000009,0.0,86546.04,100882.60000000002,CASE_12,106891.0,2052531.0520000001,780941.49,406533.799,4325.833945520833,8057.63740087475,1439.5569655645959,74723633.68737145,5028826.058575643,26.688431860879763,54.9555270938282,419.29884294094984,0.7352866292696317,7827.628740778756,26.452440060465197,53.85593865640988,427.6851920775462,0.6799716497466388,8284.086578879054,5.21263324969509
10,11,26.51131222291667,0.6132842730692499,24.33666633,27.22307714,57.030414513749996,1.9708134801428305,53.25555446,60.61050396,419.28541666666666,30.478119920986856,380.35,513.3333333,0.8152486397500001,0.002581212046652313,0.808819172,0.81933817,9997.0,416.5416666666667,769.0,186976.35,7790.681250000001,9763.320000000009,0.0,86877.0,100099.35,CASE_12,116888.0,2239507.4020000002,867818.49,406533.799,4745.1193621875,8150.040651580751,1511.9511253763844,78396456.8165625,4956988.393151345,26.599828778674482,55.99347761556729,419.29212652430795,0.775287166021902,7809.145970599252,26.459845051956744,54.25522697426485,426.62866106427214,0.6969869065040752,8222.025630035087,6.30509123388874
11,12,26.507865995000003,0.3204738292478743,25.40666663,27.05545797,58.04304858333333,4.364954696188378,48.62730287,62.18318398,566.8486111041666,176.29228714629062,394.3333333,934.1166667,0.8275280722083332,0.005690975073322305,0.819943749,0.837407249,9997.0,416.5416666666667,769.0,187925.08000000002,7830.211666666667,9763.320000000009,0.0,87042.48,100882.6,CASE_12,126885.0,2427432.4820000003,954860.97,406533.799,5311.967973291667,8272.798137866708,1538.5973537882746,106525070.58963941,4981492.837739656,26.553836158170128,57.01851335231573,493.08838547902116,0.8014139977361416,7819.681390757022,26.46558588222319,54.70805525207809,443.39174154821274,0.7125929031297003,8175.184870208772,10.3396561276676
12,13,26.454159415833335,0.6262740339610887,25.37833341,28.20883098,58.408711732083326,3.924650061845277,49.3509697,63.47533333,485.9638888875,117.92614141367828,376.5333333,798.2333333,0.8411747275833333,0.004445868978061125,0.835325266,0.855342767,9997.0,416.5416666666667,769.0,187768.43,7823.684583333333,9763.320000000009,0.0,87042.48,100725.95,CASE_12,136882.0,2615200.9120000005,1041903.45,406533.799,5797.931862179166,8409.223751650583,1545.153371433987,91248676.45310032,4967255.980480743,26.50399170247345,57.71369740353391,489.5257022854098,0.821296789758373,7821.683231410492,26.464275375169144,55.13248536513137,448.27436207939724,0.7273400158607299,8134.871129308241,10.8236939040659
13,14,26.80389208708333,0.5914995604948451,26.06900001,28.39295863,56.32549507791666,4.181471594943782,48.50200001,62.25554451,468.64999999583324,81.59478342408327,392.4333333,697.5,0.8582408285833333,0.006060194339548413,0.849414891,0.872199477,9997.0,416.5416666666667,769.0,187455.13,7810.630416666667,9763.320000000009,0.0,87042.48,100412.65000000001,CASE_12,146879.0,2802656.0420000004,1128945.93,406533.799,6266.5818621749995,8579.833563347584,1509.7424918200215,87850846.67371891,5024527.075690177,26.653951047570448,57.01955387356647,479.08721402585957,0.8397699366822621,7816.156486712854,26.501927489464872,55.264750169794624,450.533337626725,0.741852530083765,8098.9236981500435,12.5631976342994
14,15,26.62442556625,0.635145103697457,25.59000006,28.63555162,59.217260868333334,2.0158185114475566,55.76762931,63.06953601,455.2923611125,38.5449458067941,408.0333333,541.7666667,1.211238797,0.4312562653184709,0.87021066,1.815515366,9997.0,416.5416666666667,769.0,187768.43,7823.684583333333,9763.320000000009,0.0,87042.48,100725.95000000001,CASE_12,156876.0,2990424.4720000005,1215988.41,406533.799,6721.874223287499,12108.754253609,1576.6255542261497,85489531.83708717,4999226.588226623,26.639187856373383,58.11844090632078,467.1894244774577,1.025510035179098,7819.920649896237,26.515136835259142,55.69096160055955,451.04651782119373,0.7924679003287435,8069.243814684612,14.9917842571601
15,16,26.405221879166664,0.7603634456277681,25.63166663,29.70754699,63.43582424791666,2.891639442820575,57.98613307,67.21799988,405.5648069625,22.919136516638844,377.0666667,442.1333333,1.7491128692083333,0.010368197288099687,1.728389988,1.764506493,10766.0,448.5833333333333,769.0,187925.08000000002,7830.211666666667,9763.320000000009,0.0,87042.48,100882.6,CASE_12,167642.0,3178349.5520000006,1303030.89,406533.799,7127.43903025,18830.949149896915,1675.0370143540604,76215798.79361238,4962203.434060146,26.52220308272404,60.77717314615314,436.37664555428483,1.38731697292946,7825.066236796877,26.503550473437414,56.50736351784145,446.2521970388917,0.8933098161008579,8044.046943827198,18.6911797956369
16,17,26.175485987499997,0.3262151508334832,25.66166665,26.68499994,66.76486164250001,1.5979758462335272,64.1073327,69.8676878,392.7895833333334,19.729200729909582,370.45,430.2833333,1.7654698331249998,0.007941361030446693,1.749736098,1.778722435,9997.0,416.5416666666667,769.0,187428.64,7809.526666666668,9763.320000000009,0.0,86546.04,100882.60000000002,CASE_12,177639.0,3365778.1920000007,1389576.93,406533.799,7520.228613583333,17649.401921750625,1747.602700380635,73620017.41033335,4906035.739976182,26.348843212481174,63.771040235719774,414.5829481710935,1.5763948455769177,7817.296392452565,26.46960553133149,57.56871028019599,440.7204025141626,0.9835525048222331,8019.781052296353,23.9888473782488
17,18,26.329305468749997,0.21435999507570036,25.69999994,26.70999978,68.08788775041667,0.8637895862569761,66.52916629,69.62207847,380.46111110833334,11.629614444684812,359.0,402.5,1.7851003962083334,0.008112869826373435,1.771947132,1.803916387,9997.0,416.5416666666667,769.0,187289.65,7803.735416666666,9763.320000000009,0.0,86877.0,100412.65,CASE_12,187636.0,3553067.8420000006,1476453.93,406533.799,7900.689724691666,17845.64866089471,1792.7067953026815,71256428.33809087,4931206.4059852725,26.339074303350156,65.92947222683283,397.52196455722583,1.6807480189683905,7810.515878694008,26.45530798379793,58.64068727811844,434.5795636053196,1.0652357832659727,7997.764506558608,34.1587023658076
18,19,26.301401372083333,0.17313383849236053,25.80166642,26.51333323,70.18616398833333,1.182201119532215,68.33299989,72.44376929,392.92872474166666,23.8810850828906,356.6,473.4333333,1.8348656734166664,0.026476965637105675,1.808351968,1.886229223,9997.0,416.5416666666667,769.0,121733.08,5072.211666666667,9763.32,0.0,20850.48,100882.6,CASE_12,197633.0,3674800.9220000007,1497304.41,406533.799,8293.618449433332,18343.152137146415,1845.9944698240163,47832423.883275285,3201750.59733993,26.32023780178897,68.05782216708843,395.2253402689831,1.7578069931708578,6441.361161224959,26.43981818438115,59.80267191555544,430.3876505201623,1.142694525881269,7703.324740987304,38.7539393714966
19,20,26.119919234999998,0.3599767595025725,25.07666696,26.5466665,72.67422458333333,2.7448184782170957,68.57933331,77.0744562,397.4685483916666,39.18896988317118,356.6,524.4,1.887940470625,0.019951474437842655,1.859671319,1.914783114,9997.0,416.5416666666667,769.0,66192.0,2758.0,9763.32,0.0,66192.0,0.0,CASE_12,207630.0,3740992.9220000007,1563496.41,406533.799,8691.086997825,18873.740884838124,1898.2448765829179,26309238.155141197,1728929.6940031198,26.220078422875055,70.3660255764852,396.3469453999709,1.8228737939504658,4599.678824247336,26.407949339591628,61.08495657126661,427.10819693529453,1.2169371183905713,7210.663583740021,48.266501087329
20,21,26.129015059583335,0.3553579851320379,25.01833344,26.55,73.129112335,2.5276237087050752,69.3804996,77.0744562,398.84548612083336,32.600415913765175,365.675,484.3166667,1.9085252782916668,0.009004708203812281,1.892183946,1.931294457,9997.0,416.5416666666667,769.0,187428.64,7809.526666666668,9928.8,0.0,86546.04,100882.6,CASE_12,217627.0,3928421.562000001,1650042.45,406533.799,9089.932483945833,19079.527207081792,1910.7916774951764,74755067.03376667,4897325.757157223,26.174546719517984,71.74756961451413,397.5962163561009,1.8656995565419812,6204.603510744728,26.38039289894022,62.27482130746817,424.31607072842075,1.2852604097514067,7269.826390844609,57.6813911062616
21,22,26.181319330833333,0.35983957177954545,24.90333296,26.55999991,72.77332246208333,2.0230965594091916,68.64093537,77.79524308,407.75048612083333,56.19149523008061,355.8333333,544.15,1.953268483875,0.010662021966617568,1.937249206,1.982502935,9997.0,416.5416666666667,769.0,187455.13,7810.630416666667,9763.320000000009,0.0,87042.48,100412.65000000001,CASE_12,227624.0,4115876.6920000007,1737084.93,406533.799,9497.682970066666,19526.825033298377,1905.3015941455099,76434920.38334401,4907822.618732875,26.177933025983016,72.26044616057801,402.6733524489507,1.9094840306475227,7007.6171551590705,26.36086030016515,63.30490788673005,422.6906971507457,1.3508036851065552,7322.888724296389,62.4717539187394
22,23,26.288105757083333,0.36897404543485673,25.62620676,27.18166653,73.90947064708332,2.1705870890008048,70.24878879,78.17073421,418.80778007083336,59.652414920604144,367.9833333,616.3333333,1.9982279250416664,0.009604650410492977,1.98727118,2.023653857,9997.0,416.5416666666667,769.0,187768.43,7823.684583333333,9763.320000000009,0.0,87042.48,100725.95,CASE_12,237621.0,4303645.122,1824127.41,406533.799,9916.490750137498,19976.284566641538,1942.9399808205728,78638879.33568567,4936076.345681499,26.233019398099984,73.0849585021202,410.740567221579,1.9538559831341435,7415.650917887616,26.353761740095813,64.33958039754177,422.31184630558243,1.4139719721007578,7371.750683113879,71.5745413326372
23,24,26.282152710416668,0.24273205751175586,25.6766668,26.58166653,73.02433226041667,2.7693040235208404,68.79247934,77.34713886,382.87986699166663,25.644504341017477,358.6666667,466.0333333,2.057160270125,0.0174278445865826,2.029885761,2.102617788,9997.0,416.5416666666667,769.0,187759.60000000003,7823.316666666668,9763.320000000009,0.0,86877.0,100882.6,CASE_12,247618.0,4491404.722,1911004.41,406533.799,10299.370617129165,20565.431220439623,1919.2366520444773,71889370.67440854,4934726.48004675,26.257586055722612,73.05464537946163,396.8102162763092,2.0055081297082795,7619.48380442653,26.346806970794564,65.18305566756752,418.4821572223937,1.476439320842465,7415.607404172291,81.2614860218752
24,25,25.957194350833333,0.7908269552298632,22.88333327,26.44333337,73.1215894775,4.033609337443192,65.90518825,77.82869898,379.4027172125,19.48845724677806,357.7666667,433.6,1.8884360689583335,0.25614051496224716,1.338239336,2.140009546,9997.0,416.5416666666667,769.0,187377.34120000002,7807.389216666667,9763.320000000009,0.0,86494.7412,100882.6,CASE_12,257615.0,4678782.0632,1997499.1512,406533.799,10678.773334341666,18878.69538137646,1898.031309309317,71091472.39533374,4863790.0624708105,26.107390198801788,73.08811742947836,388.1064664850126,1.9469720975887965,7713.436513346607,26.30910934365865,65.95116191526157,414.7009599954666,1.5163027621068312,7453.514915195714,90.7797965098621
25,26,25.728412138333336,0.9167107904019665,22.20833349,26.34499979,71.66152811416667,3.4409049493499864,60.9951273,76.60483276,401.7209328041667,69.47502757761875,350.1929825,571.4333333,0.3042605647083334,0.3932776761780237,0.0,1.25951011,9997.0,416.5416666666667,769.0,187271.99,7802.999583333333,9763.320000000022,0.0,86546.04,100725.95000000001,CASE_12,267612.0,4866054.0532,2084045.1912,406533.799,11080.494267145832,3041.692865389209,1843.7373297840413,75231078.51089257,4818210.940685839,25.91790116574396,72.3748227611936,394.9136997460253,1.12561631890941,7758.218049007267,26.253095847994693,66.50197836381466,413.4489190176033,1.3993903338293718,7487.225871204845,107.265379278905
26,27,25.283785372083333,1.3836136288515823,20.52833325,26.54684217,72.34046935833334,4.4897619266386775,64.00678513,81.25766685,394.30764271666663,47.28473024340102,351.8338983,536.6666667,1.4723340761666666,1.2458900484318565,0.0,2.557983029,9997.0,416.5416666666667,769.0,187289.65,7803.735416666666,9763.320000000009,0.0,86877.0,100412.65,CASE_12,277609.0,5053343.7032,2170922.1912000002,406533.799,11474.801909862499,14718.923759438165,1829.040900971871,73849740.39672954,4735391.313012607,25.60084326655138,72.3576460596355,394.6106712290882,1.2989751988296627,7780.9767330065315,26.159832690422267,67.0637344978284,411.6072223557436,1.406408687498901,7517.679147368841,121.692210349564
27,28,25.534898123749997,1.0868562238551376,21.99499982,26.84350885,74.57022829458333,4.618848385673033,64.6415687,82.49137817,401.3888141166667,50.20434608221732,356.9833333,533.7333333,2.6009898868333337,0.019125070873242427,2.56448108,2.646793938,9997.0,416.5416666666667,769.0,187768.43,7823.684583333333,9763.320000000009,0.0,87042.48,100725.95,CASE_12,287606.0,5241112.1332,2257964.6712,406533.799,11876.190723979165,26002.095898672836,1904.143182566965,75368147.44624834,4794647.730906483,25.567870695027857,73.46393718123066,397.9997426855027,1.9499825452566895,7802.3306582494815,26.09982809931484,67.78448850144062,410.6260773833675,1.5211092661408747,7547.06099315067,133.654588963286
0,1,24.705941006666666,1.9414034981133064,19.88431343,26.36842105,51.629050487916665,4.63892798036237,42.95500011,61.29880002,428.26326513333333,15.714784195246983,403.8166667,449.9019608,2.5110119255,0.02924040719227772,2.458554724,2.55992787,22518.25,938.2604166666666,2030.51,177725.52,7405.23,9928.799999999988,0.0,177725.52,0.0,CASE_13,22518.25,177725.52,177725.52,0.0,428.26326513333333,56543.59429139038,1275.544275584684,76113311.49271953,4390876.212499157,24.705941006666666,51.629050487916665,428.26326513333333,2.5110119255,7405.23,24.705941006666666,51.629050487916665,428.26326513333333,2.5110119255,7405.23,2.23280757361962
1,2,25.963614191666665,3.188434455346883,20.0755101,31.11489385,42.56970249416667,9.13173149498423,29.05272723,64.92154805,425.8356811833333,18.855178012982634,399.5777778,461.5918367,2.486160178875,0.0828504399887421,2.338306371,2.568666358,21903.57,912.64875,1531.5699999999997,163659.72,6819.155,9266.880000000005,0.0,163659.72,0.0,CASE_13,44421.82,341385.24,341385.24,0.0,854.0989463166666,54455.78350920109,1105.2633318125736,69692148.3484736,4249197.828796193,25.544389796666664,45.58948515875,426.6448758333333,2.4944440944166666,7014.513333333333,25.849384111285193,43.392531558085835,426.0561701887829,2.4884173765702773,6872.386153496821,4.89987893870983
2,3,24.887377085,2.5840520149850073,19.03555548,28.41249967,34.840170784166666,4.623082164033441,27.90377376,45.89777798,447.19984477500003,15.43322841673006,429.2982456,504.6382979,2.542799249375,0.053661197979303875,2.443617071,2.594757882,23210.089999999997,967.0870833333332,1525.1400000000012,175905.24,7329.384999999999,9928.800000000016,0.0,175905.24,0.0,CASE_13,67631.91,517290.48,517290.48,0.0,1301.2987910916665,59018.59942992618,867.080468011356,78664796.02310912,4377820.039107425,25.16895396142857,39.44701980184524,438.3905723714285,2.522075611535714,7194.4400000000005,25.388638194005637,39.29644368968297,436.1827716331668,2.5144631591728714,7091.262260401039,6.9996308505819
3,4,24.806300530833337,2.3815891598889554,19.02105258,28.3458335,37.73648525833333,6.437062721839663,24.60392137,50.1690911,441.1392060666667,15.599291789108914,421.7254902,472.0175439,2.5716446053750004,0.03814576765351162,2.472235888,2.614514776,22468.04,936.1683333333334,1525.1399999999994,172595.64,7191.485000000001,9763.32,0.0,172595.64,0.0,CASE_13,90099.95000000001,689886.12,689886.12,0.0,1742.4379971583332,57779.81385934973,936.1025942955785,76138703.60016823,4281459.31615152,24.975538798444447,38.53473471197222,439.85651034222224,2.54851240825,7192.8640000000005,25.197408795394427,38.78418090547556,437.8103771203524,2.5332405357028125,7124.173637137816,9.69163005396939
4,5,25.04118666291667,2.0446602443685964,20.12199989,27.99583316,46.15411393708333,7.678787450479203,27.70208315,58.07400017,430.825564925,12.14313733282663,412.625,461.06,2.6050816334166664,0.04166770513708432,2.49184268,2.640890602,20724.28,863.5116666666667,1709.0100000000002,141319.92,5888.330000000001,9763.320000000009,0.0,141319.92,0.0,CASE_13,110824.23000000001,831206.04,831206.04,0.0,2173.2635620833335,53988.44119378435,1155.7537823600273,60884234.36915581,3538818.495908451,25.009421567204303,42.46731753783602,435.1953772236559,2.5777094276908605,6519.5561290322585,25.157911255725214,40.64751625788997,436.0444116173068,2.5514040734924195,6811.716097936413,14.1719841393021
5,6,24.7789769625,2.042512824209401,20.00166664,28.53709269,53.66566356333334,5.98109374006449,44.87299784,70.30534933,442.08441500416666,26.623152608236087,408.5254237,506.3333333,2.6399736070833333,0.05399409380436534,2.390150829,2.66851527,23318.029999999995,971.5845833333332,2004.7899999999968,153896.4,6412.349999999999,9763.320000000009,0.0,153896.4,0.0,CASE_13,134142.26,985102.4400000001,985102.4400000001,0.0,2615.3479770875,61558.983769177365,1329.7802411131124,68035199.96524723,3813395.350211685,24.89237033941799,48.155366312691804,438.6945710169312,2.6093356775410053,6465.102222222222,25.079044659108316,43.35694897642081,437.30150161732183,2.569837817292192,6728.597083607203,19.2583953374553
6,7,25.627274197083334,1.9864780411503016,19.89999962,28.05555577,58.21279437041667,10.64791324417464,41.41166674,73.08150012,425.6289801,34.614241206645914,373.55,520.8888889,2.689893583958334,0.20027833560558986,1.994994938,2.943817492,15842.819999999998,660.1175,2036.9400000000005,137513.88,5729.745,9763.320000000009,0.0,137513.88,0.0,CASE_13,149985.08000000002,1122616.32,1122616.32,0.0,3040.9769571875,42615.499869806765,1491.835243109097,58529892.49399379,3524105.908664814,25.262715590524934,53.22367651500984,432.110336224147,2.649931787861549,6094.528503937008,25.17721490694385,46.01715227287547,435.2113290694258,2.5913359372425204,6549.73485564161,26.2370316087979
7,8,25.2160576425,2.2402502601688465,19.23999993,26.64237281,53.092740160000005,7.313907776144872,41.05333309,62.73166656,423.54678433333333,24.9184841203299,393.6440678,472.45,2.6846006561249998,0.053889696185771135,2.589562461,2.759036725,26995.85,1124.8270833333333,1940.489999999998,198079.56,8253.315,9763.320000000009,0.0,198079.56,0.0,CASE_13,176980.93000000002,1320695.8800000001,1320695.8800000001,0.0,3464.523741520833,72473.07662265206,1338.7895962728348,83895960.68016157,4994785.602761038,25.239295130339872,53.157951599553925,427.8117690005229,2.66733420016634,7178.154666666666,25.18339109807106,47.14220648191979,433.35660754504096,2.606165498574803,6820.612702462284,26.3831720765937
8,9,25.313755377083336,2.1930621404574118,19.28666658,26.69660995,58.09452254375,7.550824098758588,42.4933335,65.83833364,418.5141807083333,30.28653613434785,383.5,479.65,2.7172749150833333,0.0745687643843611,2.588624632,2.81563849,25955.56,1081.4816666666668,2171.970000000001,198079.56,8253.315,9763.320000000009,0.0,198079.56,0.0,CASE_13,202936.49000000002,1518775.4400000002,1518775.4400000002,0.0,3883.0379222291663,70528.39209494037,1470.5905324209407,82899104.76846714,5014137.527040301,25.27659811109589,55.631067375902646,423.1538774099152,2.69235342329501,7716.786849315069,25.202238083842648,48.72560146210302,431.2108126269337,2.622228776091403,7027.740912898453,36.9041344982761
9,10,25.270853598333332,2.0978904293523994,19.82203387,26.56379302,64.42282350666666,4.310335636701314,54.28333346,68.50932178,418.1671836625,38.28901930620764,369.2758621,507.3050847,2.8058119707916673,0.030464463129174217,2.704234764,2.847239947,28682.97,1195.12375,2951.23,198576.0,8274.0,9763.320000000009,0.0,198576.0,0.0,CASE_13,231619.46000000002,1717351.4400000002,1717351.4400000002,0.0,4301.205105891666,80479.02058385828,1628.0197412282403,83037966.6629646,5018185.02414264,25.273723047034863,60.03124248729187,420.658093246986,2.7491381508788697,7995.665767350929,25.211424188849506,50.82711350479029,429.4645582087136,2.646806519427283,7194.587535340121,47.2301186694953
10,11,26.186317841666664,2.658715855005702,19.87166659,30.05344848,66.34963817875,4.209297171948866,55.36333332,70.18666636,393.7612879041667,40.75206386382332,362.826087,498.4482759,2.7972924202916665,0.06616418387399783,2.692421317,2.889086533,27754.59,1156.44125,2863.8099999999995,194769.96,8115.415,9763.320000000009,0.0,194769.96,0.0,CASE_13,259374.05000000002,1912121.4000000001,1912121.4000000001,0.0,4694.966393795832,77637.70423530288,1737.4527140283287,76692870.29464303,5100308.078568703,25.73024335465722,63.19198366367347,407.20312076479405,2.773227047741939,8055.569633610161,25.334047155353026,52.77955007840495,424.97377000225714,2.6657347661418056,7310.410009953858,60.4468711621402
11,12,25.811189511249996,1.0438866036045706,22.63499982,27.08833313,64.58190966208333,9.263199860526385,44.13448261,73.08150012,401.66203508333336,35.633342730810156,366.0666667,490.0833333,2.9697650825416666,0.07132278572876645,2.833268457,3.073368029,27154.0,1131.4166666666667,1940.4900000000016,199072.44,8294.685,9763.320000000009,0.0,199072.44,0.0,CASE_13,286528.05000000005,2111193.8400000003,2111193.8400000003,0.0,5096.628428879166,80641.00105133641,1666.9359092864602,79959841.37940478,5138296.475306944,25.77072631648921,63.88711637301252,404.43190135682545,2.871520062459849,8175.156512820512,25.391088793949546,54.19050410845074,422.1868877607856,2.7020811252862695,7428.07857902537,70.0869858282984
12,13,25.357032397083334,1.9834527169525542,20.33833326,28.11500001,63.386258141666666,8.964113358711327,45.63666687,72.34237296,394.9568383125,36.234553131327694,359.1,486.6833333,2.7976388618749994,0.27642273092163366,2.473928006,3.115937366,27214.47,1133.93625,2574.459999999999,198410.52,8267.105,9763.320000000009,0.0,198410.52,0.0,CASE_13,313742.52,2309604.3600000003,2309604.3600000003,0.0,5491.5852671916655,76136.25887733132,1607.2874012281288,78363591.66713904,5031101.98356215,25.563854103830625,63.63665668364704,399.69379145210604,2.8345749522662778,8221.136369185691,25.387182849031337,55.245169664417844,419.0638599876793,2.713040689126524,7524.3069321927105,82.5202529097908
13,14,25.84451554541667,2.4355980520783587,20.07999986,29.22666651,66.52621990583334,5.810271562804952,54.82456154,72.64416707,398.7254384916667,39.50161560826833,364.8833333,503.6166667,2.5731735799583335,0.0619331992795756,2.464558891,2.637137278,27902.48,1162.6033333333332,2146.25,198079.56,8253.315,9928.799999999988,0.0,198079.56,0.0,CASE_13,341645.0,2507683.9200000004,2507683.9200000004,0.0,5890.310705683332,71797.9243513158,1719.3379245341177,78979359.4172364,5119270.267649294,25.704193390253923,65.08152648259413,399.2095854182954,2.7038662882885767,8237.226666666667,25.437885721862354,56.49586015803802,416.80901049441866,2.697534113048653,7605.129501073016,102.048533009749
14,15,32.18570952125,4.816697151220183,25.11833353,38.56166662,70.59476498708334,1.4758137892330097,67.8166666,73.15666656,383.31885739166665,44.8356101598002,357.95,504.4166667,2.545438689625,0.0552433222423942,2.4966006,2.711940229,28351.209999999995,1181.3004166666665,1934.0600000000013,197748.60000000003,8239.525000000001,9763.320000000009,0.0,197748.60000000003,0.0,CASE_13,369996.21,2705432.5200000005,2705432.5200000005,0.0,6273.629563074999,72166.26683168318,2272.142599595174,75800767.40280175,6364678.997833858,28.945050358857692,67.83822986274951,391.2639789243141,2.624650071469703,8238.375868404188,26.165524393947393,58.01618859171628,413.19766389496795,2.6811331939937957,7673.538326220148,112.520310288723
15,16,33.322696100416664,4.210798363167429,27.78666652,39.84237289,69.5807653725,2.12203928398777,65.92166653,73.82666728,381.9843902166667,42.42138593660208,354.45,498.9333333,2.9052588138749997,0.12303839803348271,2.748620942,3.206519449,28938.94,1205.7891666666667,2204.1200000000026,198576.0,8274.0,9928.800000000005,0.0,198576.0,0.0,CASE_13,398935.15,2904008.5200000005,2904008.5200000005,0.0,6655.613953291666,84075.11049919979,2318.6186989422126,75852932.27166481,6617087.700836339,31.13390662893329,68.70951091231849,386.62411377176676,2.7649565835798238,8256.188205996796,26.9199765991742,59.235234440077114,409.9074084526322,2.704758737029791,7736.8342275226005,125.34295708764
16,17,27.983864280416668,0.955854857284841,26.48133326,30.14500004,71.99377977625001,1.0034457347949035,69.8779657,74.32000008,391.0136468041667,38.76765778239824,366.6833333,493.0666667,3.419462329291667,0.08804670737772746,3.24783623,3.596918201,28846.32,1201.93,2683.7700000000004,198245.04,8260.210000000001,9763.320000000009,0.0,198245.04,0.0,CASE_13,427781.47000000003,3102253.5600000005,3102253.5600000005,0.0,7046.627600095832,98638.9045786928,2014.6641622927866,77516516.0512379,5547662.293625774,29.558873438125367,70.35165787287129,388.8188970328341,3.0922119531960726,8258.199118340443,27.030057413450063,60.55536539407146,407.95246461441775,2.7787093568078034,7790.988093783452,126.995970804411
17,18,26.168115753333336,1.532848802186574,21.99152536,28.11500015,73.4189737325,1.5889782679263889,71.72172399,78.62416693,400.0675874041667,46.99035926626316,366.35,531.5254237,3.718148199208333,0.07331806965014363,3.630178556,3.90429728,26574.07,1107.2529166666666,1901.91,199072.44,8294.685,9763.320000000009,0.0,199072.44,0.0,CASE_13,454355.54000000004,3301326.0000000005,3301326.0000000005,0.0,7446.6951874999995,98806.3305161362,1921.2362031229998,79642430.78946073,5209350.653218505,27.863488128347647,71.88532165314868,394.4432636737565,3.4051812700854,8276.442128761782,26.94221959192723,61.866256125605965,407.1489410476027,2.8744446776405588,7842.318295115013,132.381327026783
18,19,25.49458873125,1.5163328364787718,20.99333312,26.53166656,74.71821310833333,1.5740589104565705,72.10833295,79.09000015,400.8215143708333,43.087085079516,370.8333333,522.4363636,4.045658257083333,0.06847194216188947,3.921723076,4.196659849,28585.29,1191.05375,1927.63,199072.44,8294.685,9763.320000000009,0.0,199072.44,0.0,CASE_13,482940.83,3500398.4400000004,3500398.4400000004,0.0,7847.516701870833,115646.31451962162,1904.9101139308511,79792516.87029685,5075269.985526442,26.679036170636003,73.30177008240197,397.63239510508043,3.7254203743919843,8285.563581778682,26.796524021011706,63.15973035363136,406.51212259675344,2.992320467495647,7887.846355563075,139.193548468184
19,20,25.54585797791667,1.8737809117636965,20.6749999,26.70333328,73.85652432958334,1.8356360226244501,71.56666673,77.83508729,400.98617831250004,43.90617835584862,373.4666667,519.9534884,4.103437133333333,0.1893325285502458,3.542163279,4.260976669,26307.84,1096.16,2049.8,197583.12,8232.63,9763.320000000009,0.0,197583.12,0.0,CASE_13,509248.67000000004,3697981.5600000005,3697981.5600000005,0.0,8248.502880183332,107952.567553792,1886.728281266083,79228100.18786009,5047430.322353667,26.112446533934353,73.57914747052034,399.30928830800025,3.9144289341152674,8259.09676564862,26.671930670242578,64.22536207147405,405.9616191923156,3.1030116861918433,7922.194253459527,148.734949018538
20,21,25.723312795833333,2.3367523330843047,20.39649087,30.16000001,73.40781077416666,2.9934917916643053,67.93333329,78.9233331,410.1024937416667,49.559596752286716,366.8333333,543.9824561,1.4105093688333332,1.327571840902302,0.0,3.728693707,24344.23,1014.3429166666666,1467.2700000000004,178441.06,7435.044166666667,9763.320000000009,0.0,123613.56,54827.5,CASE_13,533592.9,3876422.6200000006,3821595.1200000006,0.0,8658.605373924998,34337.76449203349,1888.2920782012334,73179123.69190638,4590095.202000064,25.917879572107086,73.49347908149363,404.70589359813545,2.6624685544930706,7847.0702696881,26.578214931337175,65.13251340010541,406.3707039550803,2.9358062080438194,7874.067782755973,150.269004589046
21,22,25.049506228333332,2.077040582976521,19.64489785,26.48833323,75.20220884583334,2.3851017477612038,70.28666662,78.48833332,421.5388079208333,41.51520552501125,380.9482759,517.1020408,0.0,0.0,0.0,0.0,31836.13,1326.5054166666666,3144.1299999999974,187823.34999999998,7825.972916666666,9242.350000000006,0.0,0.0,187823.34999999998,CASE_13,565429.03,4064245.9700000007,3821595.1200000006,0.0,9080.144181845832,0.0,1883.7781988681263,79174831.05869743,4704882.175651431,25.483692796702016,74.34784416736001,413.1223527661246,1.3312339598554748,7836.521590662382,26.428221870863695,66.1205266396276,407.8589602402265,2.6477522725646363,7869.34883522619,151.196226884498
22,23,25.02757587666667,2.0935437841400164,19.39000015,26.63333317,75.08363597583333,2.70856611905658,71.17166627,83.0166659,409.10688468333336,41.89383536079838,362.3,516.8833333,0.0,0.0,0.0,0.0,30194.019999999997,1258.0841666666665,2043.369999999999,188293.3,7845.554166666666,9242.350000000006,0.0,0.0,188293.3,CASE_13,595623.05,4252539.2700000005,3821595.1200000006,0.0,9489.251066529165,0.0,1879.1613964811881,77032085.36974429,4712524.85281796,25.25563430949765,74.71574011545327,411.1146184853884,0.6656169005800007,7841.037879202907,26.29156277983617,66.99504481177173,407.9807185008952,2.389414748069603,7867.027222348905,153.443267214005
23,24,25.054058375,2.031360758254958,19.82833328,26.58833323,71.63051414375,4.149064475301811,61.9433335,81.16666679,416.2394952833333,43.24791977107082,377.6833333,536.9803922,1.8936526726666667,1.7737497836847236,0.0,3.875561011,27366.19,1140.2579166666667,2433.0,187823.35000000003,7825.972916666668,9242.350000000006,0.0,0.0,187823.35000000003,CASE_13,622989.24,4440362.62,3821595.1200000006,0.0,9905.490561812498,51822.0588342038,1794.635082788776,78179496.40642488,4705737.175088057,25.15484633624139,73.17312703765474,413.67705703709413,1.279634823221654,7833.5053974858165,26.171374618043174,67.44524808852859,408.78282247423124,2.341265640642993,7863.039970655615,159.090535167422
24,25,24.761924895416666,2.0646560776114193,19.02499984,26.16666657,76.70472317250001,2.220928790206549,71.67999967,82.38666725,431.76310844166665,40.357661539904385,385.7413793,528.8,2.798748668,0.9621553033989363,1.094636955,3.987140171,27533.37,1147.2237499999999,2754.5,180617.45,7525.727083333334,9242.350000000006,0.0,0.0,180617.45,CASE_13,650522.61,4620980.07,3821595.1200000006,0.0,10337.253670254164,77058.98261305115,1899.3565943211715,77983951.6508073,4472435.731701675,24.95838560997404,74.93892515770226,422.7200830088836,2.0391917682473877,7679.6162358233205,26.03500092944018,68.34116424038362,411.00631885882785,2.3855301836858462,7830.4026924902455,159.4131541772
25,26,25.236862237083333,2.090540662826213,19.82553166,26.70499989,66.47011516583332,4.9877783515025085,54.0383331,73.51355931,396.37584750416664,48.815766264828795,360.6833333,513.5254237,1.7879886782083334,1.069091918255357,0.115035674,2.875365952,27672.23,1153.0095833333332,2548.74,469.95,19.58125,469.95,0.0,0.0,469.95,CASE_13,678194.84,4621450.0200000005,3821595.1200000006,0.0,10733.62951775833,49477.63394077699,1677.497139323199,186276.8295345831,11860.063408317312,25.0976239256035,70.70452009867024,409.54796506024525,1.9135902213562517,3849.5986858399515,25.958013236416026,68.16068464057967,409.59507761938204,2.3278919029792084,7076.9783450185005,159.735773186978
26,27,25.054058375,2.031360758254958,19.82833328,26.58833323,71.63051414375,4.149064475301811,61.9433335,81.16666679,416.2394952833333,43.24791977107082,377.6833333,536.9803922,3.1900146850833337,0.20410303980584693,2.833738716,3.416107611,27366.19,1140.2579166666667,2433.0,0.0,0.0,0.0,0.0,0.0,0.0,CASE_13,705561.0299999999,4621450.0200000005,3821595.1200000006,0.0,11149.869013041663,87298.54797478067,1794.635082788776,0.0,0.0,25.075841150139453,71.16751712465971,412.8937301967172,2.5518024579748446,1924.7993285791028,25.871038333354818,68.49453768740595,410.2343767778766,2.410841891524993,6396.0599365926,158.969353507157
27,28,25.26728949958333,2.020942832241198,19.82553166,26.70499989,66.5027469675,5.035410313959947,54.0383331,74.19333274,396.58328630000005,49.294865540299654,360.6833333,513.5254237,1.9902751854583336,1.1408969188149172,0.115035674,3.917371925,27787.97,1157.8320833333335,2548.74,187980.0,7832.5,9242.350000000006,0.0,0.0,187980.0,CASE_13,733348.9999999999,4809430.0200000005,3821595.1200000006,0.0,11546.452299341663,55305.70714526061,1680.34416014536,74549726.15867402,4749745.080131674,25.171565325217994,68.83513203739105,404.73850821797805,2.271038820670663,4878.649675293502,25.81306794119848,68.30329112481631,408.92363458824667,2.3704601706589092,6533.983174082977,159.595770335831
0,1,24.693651460416664,1.957334308347172,20.2807692,26.63684263,54.74963593458333,5.620135242366281,45.489655,68.70153839,421.1606827875,12.170518937464923,403.8039216,442.2413793,2.6671726230416666,0.02328943051273889,2.626040216,2.700584072,21102.42,879.2674999999999,1657.5699999999997,183238.99,7634.957916666666,9763.32,0.0,93165.24,90073.75,CASE_14,21102.42,183238.99,93165.24,0.0,421.1606827875,56283.79690392692,1351.9684273533044,77173058.14169188,4524839.753018774,24.693651460416664,54.74963593458333,421.1606827875,2.6671726230416666,7634.957916666666,24.693651460416664,54.74963593458333,421.1606827875,2.6671726230416666,7634.957916666666,3.34299835571874
1,2,26.26182858708333,3.751735175124188,20.21296289,32.28085132,44.17957543333333,8.920862797473745,32.03999988,65.70370321,423.9381169,8.271488090887717,410.5660377,443.6666667,2.6675027140833336,0.05837032617836005,2.562740102,2.728067684,21319.67,888.3195833333333,1525.1399999999994,167924.57,6996.857083333333,8604.960000000006,0.0,85056.72,82867.85,CASE_14,42422.09,351163.56,178221.96000000002,0.0,845.0987996875,56870.27758836102,1160.2364370803177,71189625.98704223,4410006.272899676,25.73910287819444,47.70292893375,423.01230552916667,2.6673926837361113,7209.55736111111,26.119396513816604,45.139617259059946,423.68585222129883,2.6674727330622923,7054.813562291856,4.7026552862392
2,3,24.942592063333336,3.1582982665594215,18.81568621,29.61799995,36.78623987291667,4.929288001614626,30.31960772,51.81555515,444.65454809583343,18.385269006942792,424.8571429,496.875,2.7078428640416665,0.048229455077136864,2.627292716,2.765373192,23060.83,960.8679166666667,1670.4300000000003,182027.65000000002,7584.485416666667,9242.350000000006,0.0,91014.0,91013.65,CASE_14,65482.92,533191.21,269235.96,0.0,1289.7533477833335,62445.10395437799,917.5441746940876,80939422.45169654,4540241.418197219,25.283953841130955,41.464820898988094,435.37930128154767,2.6905070724821427,7423.801964285715,25.55577501087361,41.138830964366186,433.7286489482371,2.6868076989415055,7308.495851228422,5.34442763423997
3,4,24.893197106666666,2.9299981562840753,18.8499999,29.81521747,42.222612615833334,5.292126760684763,33.26666679,55.72833328,437.5723765,7.689506208067969,427.0980392,454.6222222,2.7342607554166665,0.03836019422528712,2.676212565,2.780060836,23521.190000000002,980.0495833333334,1876.19,181050.47,7543.769583333334,9763.320000000003,0.0,99122.52,81927.95,CASE_14,89004.11,714241.6799999999,368358.48000000004,0.0,1727.3257242833336,64313.066737698944,1051.0558182043699,79222684.42434196,4506925.03596464,25.075550249416665,41.86897648130556,436.5489413980556,2.7138423700472223,7487.7846944444445,25.338196134961063,41.49472570815954,434.99086115712095,2.702390444186894,7385.755587537329,6.4699060936307
4,5,25.343285254583332,2.3308015348855182,20.21176465,29.63333305,49.369107425416665,5.002820817458375,42.75116268,61.12745106,426.26713088333327,7.110210524701129,414.7959184,440.2941176,2.757327780208333,0.03769195396290853,2.687928925,2.793053059,18012.19,750.5079166666666,1464.6699999999985,148786.78,6199.449166666666,9242.350000000006,0.0,84560.28,64226.5,CASE_14,107016.3,863028.46,452918.76,0.0,2153.5928551666666,49665.511869390735,1251.1753722465025,63422913.823969714,3770745.807650934,25.213736058534945,45.74001180729839,431.2422004872312,2.7362864527110213,6822.837325268817,25.33948281374962,43.48560049212892,432.78524613262044,2.716280214953764,7085.82251035409,7.88574044918344
5,6,24.93297549875,2.6662877134500693,20.2166666,32.80157932,47.83812390791667,12.581425361759635,28.46882374,70.38166644,436.3831725541667,24.57774085503027,407.7166667,514.3333333,2.8392202732083334,0.02906968873561681,2.79251732,2.887346927,13705.6,571.0666666666667,1441.550000000001,120032.19,5001.34125,9763.320000000009,0.0,106403.64000000001,13628.549999999997,CASE_14,120721.90000000001,983060.6499999999,559322.4,0.0,2589.9760277208334,38913.217376484135,1192.746771302253,52380027.88082453,2992759.6523313047,25.071127520231485,46.805719540945766,433.85348788630955,2.7885702980429894,5897.632969576719,25.254877516717716,44.39147972933619,433.53407308446543,2.741867405545296,6651.984914615237,11.260765022765
6,7,25.445742767499997,2.859251604530917,19.59922203,32.80157932,37.767046943333334,9.145740625165251,28.46882374,58.04500001,435.2357758666667,9.765024712718622,417.3166667,453.65,2.81931879925,0.12096799287556215,2.26775341,2.887346927,13705.6,571.0666666666667,1441.550000000001,131880.34,5495.014166666667,9763.320000000002,0.0,31937.64,99942.69999999998,CASE_14,134427.5,1114940.99,591260.04,0.0,3025.2118035875,38640.4557350008,961.010561608157,57399042.1014598,3355793.2077304404,25.259910007043963,42.2507979169521,434.55007395515094,2.8040656057378603,5694.738454724409,25.289055333990564,43.20525723798007,433.838793228674,2.7557364548914567,6444.808728005331,14.806262705764
7,8,25.012043516250003,2.2655216393474475,19.59922203,27.06166658,35.402156874999996,3.1879587502732902,29.4316666,42.0183335,434.698114325,10.999857998389409,417.05,453.65,2.8734650132916664,0.03633818804925623,2.826521345,2.946451951,27430.489999999998,1142.9370833333332,2561.6000000000004,205379.95,8557.497916666667,9763.320000000009,0.0,105907.20000000001,99472.75,CASE_14,161857.99,1320320.94,697167.24,0.0,3459.9099179125,78820.55331244692,885.4802883266091,89278276.9851628,5136972.24676525,25.13549074891994,38.81304868805066,434.6243844153105,2.8389013867844772,7131.731439542484,25.24500905593201,41.96452487100022,433.9754296229588,2.774455890260763,6780.736979060073,17.4276784354019
8,9,25.077401418333334,2.19142390710935,19.57118639,26.60999997,41.45269140708333,10.301154680581396,28.81000004,61.86166668,433.45715992083325,11.808291537179695,414.4,452.7755102,2.93012941175,0.015595926388040658,2.905127458,2.967242308,26368.31,1098.6795833333333,2471.58,205684.41999999998,8570.184166666666,9763.320000000009,0.0,105741.72,99942.7,CASE_14,188226.3,1526005.3599999999,802908.96,0.0,3893.3670778333335,77262.56066914165,1039.5257822857254,89155384.53316383,5158030.765837069,25.106389244751306,40.135452868231404,434.0396300697407,2.884604663479533,7852.36529109589,25.220777734400027,41.890528235687604,433.9005024897302,2.7969618763080937,7039.44040563794,22.6227351487845
9,10,25.00473817291667,2.2708134332037857,19.74385954,26.40333325,49.796048757499996,8.57119219940451,32.93166663,65.08716692,430.56521769166665,12.442490241922822,415.55,469.9,3.0102086137916664,0.02427233301960424,2.964446263,3.076370005,28141.62,1172.5674999999999,2030.51,206154.37,8589.765416666667,9763.320000000009,0.0,105741.72,100412.65,CASE_14,216367.91999999998,1732159.73,908650.6799999999,0.0,4323.932295525,84712.14693005184,1245.13716122708,88762901.19713838,5154836.045052587,25.05551402600318,44.970472511736304,432.3007257319363,2.9474680286406403,8221.425764499836,25.191854798936337,42.948903184652146,433.4539813696859,2.8255109141960237,7246.994753248413,28.7906385227553
10,11,25.496182603333335,2.5356696632820155,19.80338982,28.84067778,56.09693278,7.859798360353746,40.07166681,66.13166649,411.88492292916663,15.563818656898492,389.1833333,461.5333333,3.0460785198333338,0.0387012798838735,2.998241551,3.103258502,24817.450000000004,1034.060416666667,2587.32,202385.94,8432.7475,9763.320000000009,0.0,105576.24000000002,96809.70000000001,CASE_14,241185.37,1934545.67,1014226.9199999999,0.0,4735.817218454166,75595.90136203778,1430.2576416457955,83359717.29884695,5160068.882587264,25.275955952327593,50.53642039385747,422.087837568753,2.9967973608249676,8327.138249674319,25.230133413282452,44.60267371439012,430.7410065513338,2.8532540983265884,7396.139758886937,35.3280395124058
11,12,25.591592081666665,1.054946304511375,22.63833345,26.79333331,62.19648924416666,3.737671888699072,54.22033885,67.36600016,401.8300467083333,16.72430146101659,385.0,458.025641,3.1650279697916663,0.055973180185490135,3.059108472,3.268205837,25084.91,1045.2045833333334,1979.07,205849.9,8577.079166666666,9763.320000000009,0.0,105907.20000000001,99942.7,CASE_14,266270.27999999997,2140395.57,1120134.1199999999,0.0,5137.6472651625,79394.44176970667,1591.7071816484815,82716674.93190575,5268026.670851875,25.43381255620706,56.36787851484238,411.95646865980564,3.080933206286213,8452.139225986975,25.27334524403848,46.70598744158327,427.2847455372748,2.890526187631084,7537.319258192395,39.5938385880675
12,13,25.169136354999996,2.119361231318358,20.30169487,26.8049998,63.293335310833335,5.181822293661285,50.22666664,70.78785065,393.4630257333333,20.02703600212353,366.65,451.0888889,3.029667314416667,0.22845258284075803,2.784916194,3.290741265,25351.14,1056.2975,2133.3899999999994,206163.2,8590.133333333333,9763.320000000009,0.0,105907.2,100256.0,CASE_14,291621.42,2346558.77,1226041.3199999998,0.0,5531.110290895833,76805.52024120094,1593.0385868011003,81117596.46686634,5188949.692183135,25.301458299077996,59.83102966078047,402.7086183085871,3.055297130947712,8521.144703180318,25.261393475265905,48.608398532544605,423.40571584683914,2.9064843519435635,7658.067022636481,49.9582673433329
13,14,25.42171365458334,2.3954253291536713,19.97166659,28.14000047,67.03636948208334,4.162427714419758,58.02499994,71.95833371,396.39300259166674,22.992244684294107,366.05,475.6,2.8620273116250003,0.02778890713374241,2.820326626,2.902147297,23906.99,996.1245833333334,2204.12,205675.59000000003,8569.816250000002,9763.320000000009,0.0,105576.24000000002,100099.35,CASE_14,315528.41,2552234.36,1331617.5599999998,0.0,5927.5032934875,68422.45831874578,1704.179389416372,81528364.6799126,5228625.954717485,25.361589646956883,63.43391947437463,399.5506177010664,2.958656322799531,8545.481962018555,25.27916761153131,50.65144307095852,420.41091102351686,2.9015555557312402,7759.149463262685,60.6404995401479
14,15,31.73135267458333,4.660962449120289,25.58305116,38.36333389,73.49235498583333,2.648433978607487,68.94666653,76.78499985,383.77405939166664,22.40199491311893,361.8333333,459.5932203,2.831529456625,0.0484137705936905,2.747396163,2.920396654,28112.07,1171.33625,1946.9199999999985,205805.75,8575.239583333334,9763.320000000009,0.0,105079.80000000002,100725.95,CASE_14,343640.48,2758040.11,1436697.3599999999,0.0,6311.277352879167,79600.15429170396,2332.01183494115,78982908.1236465,6530494.835707128,28.546568358606763,68.46329071433371,391.66209780784436,2.895090949851031,8560.361226755069,25.97492664598508,53.1144491169165,416.4602462072252,2.8940044252809187,7847.150980333094,67.9128053973784
15,16,32.796163425416665,4.265432394060426,27.00847461,39.78666617,75.17183117583333,2.06709526243404,70.95593236,77.77500025,383.45634254166663,22.795376943729792,360.75,461.2881356,3.0145869022916663,0.06623546402701477,2.92463251,3.184799626,26671.750000000004,1111.3229166666667,2503.73,206476.5,8603.1875,9763.320000000009,0.0,105907.20000000001,100569.3,CASE_14,370312.23,2964516.61,1542604.5599999998,0.0,6694.733695420833,80404.30821119776,2465.3476602304613,79174723.51080443,6771637.037508044,30.671398314343804,71.81761212796643,387.5591575688558,2.9548398377670257,8581.774690121056,26.693967258908295,55.43956317291129,412.98123677126785,2.906715272445622,7926.846346448053,82.5539651674657
16,17,27.894264670833337,0.8385623785216896,26.44666662,29.12999999,75.45510306541667,1.5320770475969734,72.51499952,77.96833356,392.77846634583335,27.46030471365659,362.7666667,477.6833333,3.3460382787083334,0.06212648231610434,3.220774249,3.476484478,25518.32,1063.2633333333333,2017.6499999999976,205518.94,8563.289166666667,9763.320000000009,0.0,105576.24,99942.7,CASE_14,395830.55,3170035.55,1648180.7999999998,0.0,7087.512161766666,85385.27552832844,2104.76461567174,80723414.05822134,5732799.707229116,29.282820898583626,73.63637147272415,390.16883186757946,3.1504405505526876,8572.53185787665,26.81816243365044,57.5105777813001,410.89084935700345,2.952172170868434,7992.699297962514,90.4238840887724
17,18,26.18982702875,1.551615477951008,22.24499989,28.04999978,75.29445031041666,2.6166844042591544,69.58810349,80.62498052,387.8958965791667,30.338391326214154,360.8333333,494.025,3.540472539333333,0.07469255106507805,3.455805818,3.736800642,28797.48,1199.895,2754.5,204709.2,8529.550000000001,9763.320000000009,0.0,105079.8,99629.4,CASE_14,424628.02999999997,3374744.75,1753260.5999999999,0.0,7475.408058345833,101956.68714200087,1971.9486298546242,79405858.67200395,5361298.5391937895,27.736318064226676,74.46541405411688,389.0323598880765,3.345457288872829,8551.040846956625,26.75413070655577,59.32287749191598,408.54750449796506,3.01212405062795,8047.408100578678,109.836316523013
18,19,25.370591116666663,1.6503101249874104,21.2830506,27.32372874,75.3308812925,2.379226225963604,71.17068942,79.33416672,392.6528376833333,25.500024874681138,369.0666667,483.5111111,3.811703686625,0.04800317082782262,3.72087076,3.911544058,26091.82,1087.1591666666666,1991.9300000000003,205823.40999999997,8575.975416666666,9763.320000000009,0.0,105410.76,100412.65,CASE_14,450719.85,3580568.16,1858671.3599999999,0.0,7868.060896029166,99454.28648475591,1911.1889877301712,80817145.99816015,5221861.5773480395,26.553452334309338,74.89814849868388,390.8426022384682,3.5785809323969775,8563.50815559115,26.61488554682021,60.9339893549588,406.94779933902254,3.0925970598207204,8100.605306424856,123.825265152142
19,20,25.22140005375,2.073698530683637,20.47272734,26.65999991,74.5721509275,3.4355131023067815,66.49166654,78.59660973,388.52488122499994,23.224227764460903,369.4833333,472.2954545,3.998097904833333,0.07723187923575162,3.907814669,4.192726551,28306.2,1179.425,1760.4500000000007,205971.22999999998,8582.134583333333,9763.320000000009,0.0,105245.28,100725.95,CASE_14,479026.05,3786539.39,1963916.64,0.0,8256.585777254166,113170.95891379329,1880.8140514111017,80024947.67151713,5194882.791392953,25.887425558857043,74.73514955764404,389.6837406265575,3.788339618656627,8572.821378344022,26.476064294105832,62.292644815411364,405.11247878207274,3.1828045017092066,8148.576022856072,133.821256657291
20,21,25.426185073333333,2.3143529336575424,20.49322031,29.53500001,74.98766128041666,3.865293021810086,65.99666646,79.763333,390.496682025,29.696599351839826,370.4333333,500.0,4.320774993,0.14917320175096263,4.167262602,4.598501572,22474.47,936.4362500000001,1921.2,189558.3,7898.2625,9763.320000000009,0.0,105907.2,83651.1,CASE_14,501500.52,3976097.69,2069823.8399999999,0.0,8647.082459279165,97107.12795692871,1906.650153932306,74021887.20029955,4819744.417986441,25.656805206126837,74.86140547923387,390.09021151959917,4.054557432770859,8235.541778344565,26.37234475688185,63.54680930095317,403.6685568091358,3.2952267407591247,8123.847080480745,140.942179120207
21,22,24.9605581175,2.3409570149786845,19.49795906,26.51551714,72.73462106875,5.844541845930863,60.11206936,80.5466664,386.419194625,25.34368671918797,363.7413793,479.8979592,4.577383808166666,0.15532668987629758,4.079176002,4.723397789,27035.66,1126.4858333333334,2159.1100000000006,205702.08,8570.92,9928.8,0.0,106072.68,99629.4,CASE_14,528536.18,4181799.77,2175896.52,0.0,9033.501653904164,123752.5923270992,1815.4967363408743,79487232.08628732,5134438.722730634,25.308681578814276,73.79801302045941,388.25470263468014,4.315970682794537,8403.23092915249,26.233823795785497,64.44829432775924,401.9760926921133,3.4210287736580476,8167.71275307209,151.059451092823
22,23,25.073749066666668,2.345604558600117,19.69333331,26.86499964,72.69608396291666,4.942077847993892,61.92999986,80.088333,385.83231229583333,28.006478796843282,361.45,481.3617021,1.6713116480833332,1.3732544103941067,0.00341069,3.797951644,26678.18,1111.5908333333334,2458.720000000001,206328.68,8597.028333333334,9928.800000000005,0.0,106072.68,100256.0,CASE_14,555214.3600000001,4388128.45,2281969.2,0.0,9419.333966199998,44587.552983663816,1822.7633674155034,79608271.69734706,5173433.547576565,25.1912153087374,73.24704842600792,387.043507320871,2.9936410078049542,8500.129642794138,26.12063691011831,65.25301974674208,400.40096638336433,3.2503112954894013,8209.600480024888,156.237593221015
23,24,25.053871105833338,2.1864960023995756,20.10999988,26.57000004,71.66311564083334,5.959094674940169,60.14166692,81.29166654,394.5088747625,27.438802919194824,368.5,488.7457627,1.6921614002916667,1.5675560747236246,0.0,3.334774152,28523.59,1188.4829166666666,2062.6600000000008,205693.25,8570.552083333334,9763.320000000009,0.0,105907.2,99786.05,CASE_14,583737.9500000001,4593821.7,2387876.4000000004,0.0,9813.842840962498,48266.51799574538,1795.4384623078674,81147812.6037416,5153412.172839954,25.122543203192194,72.45508198621576,390.77619126417085,2.342901165261193,8535.340865162487,26.017031120450344,65.87557724182402,399.8287181891275,3.0989815943829564,8244.656605504797,156.999678008753
24,25,24.746537166666666,2.119102345524561,19.63448278,26.2881355,74.46667179583334,3.785319102757568,66.3816665,79.22833347,401.17748360416664,34.089033092979705,369.15,505.4347826,3.4054610105416665,0.07166578355113289,3.339778952,3.590817543,28546.71,1189.44625,2204.119999999999,198774.15999999997,8282.256666666666,9763.320000000009,0.0,105410.76000000001,93363.4,CASE_14,612284.66,4792595.86,2493287.16,0.0,10215.020324566663,97214.70788423989,1842.792261273558,79743717.31433198,4918972.138212946,24.9345401793265,73.46087692099958,395.97683758916,2.874181103734806,8408.79876214333,25.894102331970817,66.70682310654635,399.95922026504854,3.1286355279653253,8248.294662932476,156.36407628302
25,26,25.1759046275,2.3168807577899995,19.7916666,27.63333314,74.13765380208334,4.207485786553826,64.0266667,79.50499992,395.73615167500003,31.17759754344519,369.4333333,494.5,3.5036372996250003,0.2126849890301449,2.908977521,3.685596967,30275.01,1261.45875,2805.9400000000005,202560.25,8440.010416666666,9763.320000000009,0.0,105907.20000000001,96653.05000000002,CASE_14,642559.67,4995156.11,2599194.3600000003,0.0,10610.756476241664,106072.65428251987,1866.4825014278629,80160413.81732592,5099637.535322557,25.05522240521156,73.79926536658382,395.8564946302868,3.188909206369717,8424.404589637543,25.82482566999221,67.42359391089508,399.5518671178524,3.1648078393148675,8266.787380724163,156.394870090933
26,27,25.110332389583334,2.273184912142336,19.78421041,26.64166648,74.09747359333333,4.743468780873936,60.80666688,79.48771949,392.06496505833337,30.587817835001847,363.95,497.3157895,1.0985309287916667,1.0107748605683229,0.0,2.762112802,29264.27,1219.3445833333333,2799.51,205501.28,8562.553333333333,9763.320000000009,0.0,105245.28,100256.0,CASE_14,671823.9400000001,5200657.390000001,2704439.64,0.0,11002.821441299997,32147.70570351011,1860.6121911569737,80569852.16264278,5160205.4472848335,25.082777397602747,73.94836948106949,393.9607298301856,2.143720059793426,8493.478962000083,25.75607999866068,68.0657277863775,398.8315074974225,2.965998980973368,8295.244791768662,158.900840289628
27,28,25.23302139291667,2.1928897638036666,20.22999992,27.27758575,73.28353194958333,5.822658110306164,61.82333323,80.24999936,381.125956075,25.726588547661674,360.0666667,464.1020408,1.545468259333333,1.3637385888549185,0.0,2.852589444,25522.15,1063.4229166666667,2062.66,205179.15000000002,8549.13125,9763.32,0.0,105079.8,100099.35,CASE_14,697346.0900000001,5405836.540000001,2809519.44,0.0,11383.947397374997,39443.67273494423,1849.1649294323286,78199099.71040584,5177289.881330458,25.15789939553956,73.61595071408806,387.5433429286862,1.8445941584490488,8521.305106103702,25.705857272255873,68.56672776619774,397.13146651698634,2.829603317085812,8319.622308914186,161.406810488324
0,1,27.752404031009377,2.5762597764406583,26.4416947542389,39.1588234060019,55.1494329576349,6.343795875700599,32.2458823260248,66.5683329264322,442.9862207602336,31.938173521156365,404.283333333333,516.066666666666,0.3970935366310577,0.013408671181120017,0.351888897387557,0.408435600531339,15164.93,631.8720833333333,1496.8199999999106,191555.512,7981.479666666666,9849.855999999942,618.82,117060.552,73876.14,CASE_15,15164.93,191555.512,117060.552,618.82,442.9862207602336,6021.895686462425,1530.5293455213482,84856452.32667157,5316125.963390864,27.752404031009377,55.1494329576349,442.9862207602336,0.3970935366310577,7981.479666666666,27.752404031009377,55.1494329576349,442.9862207602336,0.3970935366310577,7981.479666666666,0.258002523586275
1,2,26.953743179180346,0.5353646201797944,26.1833279108646,28.219999885559,56.066752212643735,4.3428353558921255,51.2853332138232,66.5683329264322,428.20555555555524,19.627530307903076,404.283333333333,460.916666666666,0.4046029245941718,0.0037179759244416436,0.398913260300954,0.414864800920022,15164.93,631.8720833333333,1496.8199999999106,191555.512,7981.479666666666,9849.855999999942,618.82,117060.552,73876.14,CASE_15,30329.86,383111.024,234121.104,1237.64,871.1917763157888,6135.775029265894,1511.2088400303408,82025134.43568882,5163138.075004399,27.21996346312336,55.76097912764079,433.1324439571147,0.4020997952731338,7981.479666666666,27.0262827660858,55.983435295749196,429.5480319592499,0.4039208730080579,7981.479666666666,1.11824829248232
2,3,26.97884040136063,0.7371125594081178,25.5129545428393,28.235184598852,54.0907865930148,6.645507123673781,45.0105263693094,66.9411770689721,427.20497447172147,15.845884781689971,405.016666666666,447.483333333333,0.41534317261236237,0.005428669836122301,0.406651821206597,0.424534889781041,15922.3,663.4291666666667,1676.8599999999988,186078.25199999998,7753.260499999999,9554.932000000115,0.0,114081.91199999998,71996.34,CASE_15,46252.16,569189.276,348203.01599999995,1237.64,1298.3967507875104,6613.218597285817,1459.3066986770036,79493554.89540255,5020175.462872164,27.082178856401804,54.80658339356879,429.74531853689,0.40966743946697864,7851.068714285714,27.003560607872863,55.07696565592059,428.42584247223675,0.40939149615823334,7872.175839965263,1.12922534524349
3,4,26.3328313348475,0.32735373014261193,25.4516664822896,26.773333009084,59.50613490278209,8.874611440180466,48.2033331553141,69.9716660817464,461.6439677495443,31.437278119011943,416.516666666666,533.683333333333,0.42375756032610923,0.0030303846020132592,0.416616367300351,0.429984279970328,14029.42,584.5591666666667,1297.4899999999998,190436.362,7934.848416666667,9554.932000000104,309.41,116564.112,73562.84,CASE_15,60281.58,759625.6379999999,464767.1279999999,1547.0500000000002,1760.0407185370548,5945.072791990323,1566.9650137836427,87913797.75746854,5014728.600567962,26.682526844906178,57.31301086514921,446.7579314503056,0.4171821705918483,7895.751222222223,26.783304966475985,56.53142657265162,439.33408784514825,0.41410905778093077,7892.756406722248,1.13449945726451
4,5,26.122951329415688,0.6404155856181362,24.4916666348775,26.5666665712992,61.42605722700004,6.329617468761366,53.2816665649414,70.9933334350585,454.7291666666767,8.893062279854076,439.783333333333,470.883333333705,0.4353871393948789,0.0018768925033848015,0.430246639748414,0.438417307039101,14977.09,624.0454166666667,1381.079999999999,190612.79599999991,7942.1998333333295,9554.932000000104,0.0,116861.976,73750.81999999989,CASE_15,75258.67,950238.4339999999,581629.1039999999,1547.0500000000002,2214.7698852037315,6520.832371559647,1604.6299032988247,86677197.8810852,4979368.792671839,26.393713675620766,59.43587350352384,450.8721173684326,0.4265782835224447,7919.72469892473,26.616348187933664,57.76893284253818,443.22641556350504,0.4194887812509796,7905.257155962956,1.79633367436106
5,6,26.029952228552094,0.8905685899539086,23.6383336702982,26.596666653951,62.042917413052415,6.292656865413171,52.6816666920979,71.4633338928242,471.7147128060674,46.30250325230838,406.7,602.666666666666,0.44038739234959684,0.0024468522131262074,0.435442605261075,0.444988816976547,14977.09,624.0454166666667,1336.0699999999997,189803.0559999999,7908.460666666662,9554.932000000104,0.0,116365.536,73437.5199999999,CASE_15,90235.76,1140041.4899999998,697994.6399999999,1547.0500000000002,2686.484598009799,6595.721610085224,1614.9741763817572,89532894.05075388,4940564.4805131955,26.208945956474775,60.760086282966924,461.4588325113582,0.4335924340378236,7914.003285714283,26.494303141039904,58.65846599669178,449.15560985153985,0.423838354147483,7905.923894210046,4.22812679308734
6,7,27.003433284629267,0.8682866204520907,26.0849998156229,28.6525422112416,59.06298535893651,6.331441498246627,50.2600001017252,70.2033322652181,491.8270480225985,53.30709926606187,442.864406779661,667.033333333333,0.44388234208911453,0.007307165316447934,0.432045691708723,0.454996006190776,14947.54,622.8141666666667,1586.84,190774.744,7948.947666666667,9554.932000000115,0.0,116961.264,73813.48,CASE_15,105183.29999999999,1330816.2339999997,814955.9039999999,1547.0500000000002,3178.311646032397,6634.949063670723,1594.9033847310773,93828179.17878693,5151573.071996228,26.60931752341877,59.904854321250816,476.76250017056594,0.4387778995124899,7931.613052493437,26.585471947013627,58.730902381992216,456.7966896740984,0.4274275866268393,7913.628065751927,4.48857471258091
7,8,26.65104185639426,0.4420869073686803,26.0683331807454,27.6550002733866,61.86806752619816,5.231534982289157,54.1,69.7366668701171,483.60380394233397,31.11854489350267,446.516666666666,571.368421052631,0.5046009839976379,0.0597993816203795,0.439754091699918,0.588887433211008,14629.8699999999,609.5779166666625,1323.2099999999991,190126.952,7921.956333333333,9554.932000000104,0.0,116564.112,73562.84,CASE_15,119813.1699999999,1520943.1859999998,931520.0159999998,1547.0500000000002,3661.915449974731,7382.246797757472,1648.8484572149337,91946117.21916154,5067081.355780662,26.630261502324114,60.890310361381246,480.19656637757106,0.4718185066266034,7926.765758169934,26.595897893763517,59.22972748405598,461.05915623107404,0.4396985465701482,7914.9523023589745,4.68114943568299
8,9,27.034614983206595,0.7064052977572264,26.2633332888285,28.3533328692118,59.530407120009556,6.0691475353318465,49.8150001525878,69.5583324432373,437.823328625235,26.45013733222943,404.783333333333,472.133333333333,0.5813687725220636,0.009983704790052898,0.568785587946573,0.594771805405616,15160.96,631.7066666666666,1201.039999999999,190288.90000000002,7928.704166666667,9554.932000000104,0.0,116663.4,73625.5,CASE_15,134974.1299999999,1711232.0859999997,1048183.4159999999,1547.0500000000002,4099.738778599966,8814.108705456105,1609.381636282999,83312919.5984345,5144387.147077902,26.83283389196387,60.20902811130072,458.9684864077119,0.5267008316153271,7927.736859099805,26.659323970332448,59.273197250955,457.6999130733907,0.4601800523400065,7916.940432795499,4.83253012274136
9,10,26.633712311226503,0.4072670437212978,26.0566668828328,27.5254237934694,63.34524713994864,4.191240652205027,57.6883331934611,70.184998957316,456.14571563088475,30.590486633855686,416.4,548.796610169491,0.5803755352101696,0.004193395466146014,0.574370149771372,0.586751068631807,15017.04,625.71,1512.2800000000009,190612.79599999991,7942.1998333333295,9554.932000000104,0.0,116861.976,73750.8199999999,CASE_15,149991.1699999999,1901844.8819999995,1165045.3919999998,1547.0500000000002,4555.8844942308515,8715.522627272527,1687.1190886089355,86947210.2398238,5076726.371502504,26.733175779219458,61.77867047949987,457.55572136593725,0.5535644173832248,7934.975415118929,26.655895133695523,59.818354977325264,457.4918402925593,0.4762715782170796,7920.322109774433,4.91847071909435
10,11,27.102569370799547,0.585063721083919,26.448333231608,28.618333530426,66.32602549346898,2.4800063553751683,60.2203450169863,70.591665649414,595.4828719397713,166.7642817694909,427.783333333333,944.316666666666,0.5848650962942171,0.005976147518652425,0.573995343844095,0.595633857448895,14094.9499999999,587.2895833333292,1599.699999999901,190612.79599999991,7942.1998333333295,9554.932000000104,0.0,116861.976,73750.8199999999,CASE_15,164086.1199999998,2092457.6779999994,1281907.3679999998,1547.0500000000002,5151.3673661706225,8243.644289012118,1797.6057070261622,113506655.19054969,5166096.52655206,26.91796280304848,64.05345872293141,526.5529867238298,0.5692224023391877,7938.589388861747,26.712078205414283,60.636895401104894,474.84847155440593,0.4899305648062246,7923.073908758233,5.84902320523847
11,12,26.660344750488346,0.40552509352898264,26.3149997711181,27.7149996121724,61.30231195016944,5.153511855896085,54.7853336563791,70.7716673533121,525.9114343869315,111.38708015849164,416.0,804.816666666666,0.5952995746228767,0.007790916834791502,0.579867239793141,0.604616592327753,14943.7099999999,622.6545833333292,1233.1899999999096,190450.84799999988,7935.451999999995,9554.932000000104,0.0,116762.688,73688.15999999989,CASE_15,179029.8299999997,2282908.525999999,1398670.0559999999,1547.0500000000002,5677.278800557554,8895.98420628757,1634.3407705934987,100160278.65188742,5077485.265702851,26.789122321572737,62.67754942119356,526.232132221762,0.5822641725069522,7937.020311355307,26.705893550032584,60.71644493142595,480.952970632223,0.5025272687101066,7924.553690627105,7.27310973949595
12,13,26.865838030791327,0.8916378850815707,25.8266666730244,28.3649998982747,60.37484616880309,6.997529962139033,50.729999923706,70.2816673278808,505.8712404214555,71.18534307108075,430.883333333333,681.7,0.6026705147306006,0.01004843921266232,0.583402863144874,0.614511344830195,15951.85,664.6604166666667,1336.0699999999997,190288.9,7928.704166666666,9554.932000000104,0.0,116663.4,73625.5,CASE_15,194981.6799999997,2473197.425999999,1515333.4559999998,1547.0500000000002,6183.15004097901,9613.709650405332,1622.020838305006,96261681.8814343,5112270.766457448,26.827484859108978,61.52605723198695,516.0504434396773,0.5924685892751201,7932.861731371829,26.724237661251085,60.677266801215204,483.8108592584381,0.5140127468839523,7925.029710766833,9.04643127158006
13,14,26.894262311833064,0.8581552722091879,25.9349999427795,28.4483332633972,62.258574868439034,6.012112628791708,53.4516667048136,70.2710011800207,501.7078957680351,37.907194453776626,451.966666666666,567.666666666915,0.8188192802384998,0.2620307402769649,0.600806115070978,1.16924190918604,17138.8,714.1166666666667,2053.6300000000083,191555.512,7981.479666666666,9554.932000000115,618.82,117060.552,73876.14,CASE_15,212120.4799999997,2664752.937999999,1632394.0079999997,2165.8700000000003,6684.857936747045,14033.5798801516,1674.398443672697,96104912.84828858,5151744.187005485,26.860875623481544,61.89233840624169,508.87873187732043,0.7056508428533419,7957.17218281145,26.74308769822577,60.85258088322337,485.79504095672985,0.5478055787127042,7931.2881194875035,10.5045034640546
14,15,27.033341861926786,1.066462791475249,25.8833332061767,28.871666431427,64.06798832139283,6.74728258225662,53.5383333206176,71.548333231608,443.2865324901477,25.14057842138917,410.116666666666,487.016949152542,1.1659974410783598,0.015596248142493685,1.13970757921536,1.18756969571113,15575.079999999998,648.9616666666666,2188.66,190936.69199999998,7955.695499999999,9554.932000000115,0.0,117060.552,73876.14,CASE_15,227695.55999999968,2855689.629999999,1749454.5599999996,2165.8700000000003,7128.144469237192,18160.503424590737,1731.9718306981454,84639664.12181932,5161656.868821421,26.947111374410433,62.980196562613536,476.0816312956548,0.9358311665118609,7956.433818872645,26.77438670076667,61.199308193846726,481.2112172570437,0.6144671157057632,7933.920042678325,11.8501319270768
15,16,26.831194623984818,0.8830819523838525,25.7699999173482,28.3849999745686,68.23086450802444,4.114642911041879,60.1883333841959,72.9866678873697,429.8940795668547,21.41210949357073,394.233333333333,460.833333333333,1.1717924246357487,0.01473585053282601,1.1519011080265,1.19479084213574,14083.4599999999,586.8108333333292,1854.3,190703.5222,7945.980091666667,9554.932000000104,0.0,116918.23919999998,73785.28299999998,CASE_15,241779.01999999958,3046393.152199999,1866372.7991999995,2165.8700000000003,7558.038548804047,16502.891740660467,1830.7156049775417,81982315.14632624,5116803.319627609,26.889152114809505,65.60557059534757,452.98750304282316,1.0538135958428072,7951.20687551283,26.78037494091292,61.94051902194698,475.8017721180797,0.6732159239774547,7935.191317272195,13.7682035952162
16,17,27.10666658480956,0.7870495711741934,26.3633330345153,28.8333332061767,72.24268624312968,1.7929529093443066,69.2713342793295,75.3449990590413,417.3486111111108,17.082797360607586,382.866666666666,443.283333333333,1.174130981994995,0.008121065958669148,1.16167093515396,1.18654523094495,17093.7899999999,712.2412499999958,1995.76,190126.952,7921.956333333333,9554.932000000104,0.0,116564.112,73562.84,CASE_15,258872.80999999947,3236520.104199999,1982936.9111999995,2165.8700000000003,7975.387159915158,20070.348438716108,1958.2584091835247,79349219.35198882,5153707.896650091,26.997910179567718,68.9241537380187,435.16792112434615,1.113972747896807,7936.581492840266,26.814136446459827,63.00648771066183,469.7536039946076,0.7250457725994596,7933.8218890565995,16.1014246343322
17,18,26.993765057730375,0.6881424670012602,26.3516664505004,28.1321428843906,73.63257879247702,1.0886298896852336,72.344000015237,76.2116668701171,424.6927655030936,20.197210951346666,392.333333333333,470.066666666666,1.185428658460821,0.012757670899829897,1.16237056454022,1.20361115733782,17047.55,710.3145833333333,2034.34,124214.11599999989,5175.588166666662,9554.932000000104,0.0,76153.896,48060.2199999999,CASE_15,275920.35999999946,3360734.220199999,2059090.8071999995,2165.8700000000003,8400.079925418251,20208.654326543765,1987.6205325189449,52752836.43856202,3353006.6641576644,26.995837610742825,71.2783752458902,429.93032333386986,1.1497008394706671,6556.07956355653,26.83244184533687,64.08935994566139,465.1615926413674,0.7719619754373404,7652.73878026159,22.7393106298455
18,19,26.919844795436386,0.6208557440785497,26.3516664505004,28.2399998664855,74.43178170757417,1.5117328077064136,72.344000015237,77.0716664632161,442.86579263106705,40.79637406787674,394.216666666666,559.95,1.2040357779448236,0.011830136294558662,1.18250986536343,1.22949742078781,17801.09,741.7120833333333,2252.96,66236.732,2759.8638333333333,9554.932000000104,0.0,40608.792,25627.94,CASE_15,293721.4499999995,3426970.952199999,2099699.5991999996,2165.8700000000003,8842.94571804932,21433.149246415822,2003.6920114156978,29333982.818471566,1783082.5451969148,26.95784113061707,72.85508148406068,436.3980703187168,1.1768683605256793,4657.968078084585,26.84123844056039,65.13026414588415,462.9176509019661,0.8154476740666992,7160.2995623814995,29.0647278526704
19,20,26.741513309350818,0.5464415923371382,26.0849999109903,27.7283334096272,75.71137871560335,1.412518410199172,73.5196608852089,78.2683329264323,444.7675167624523,34.13879349824232,404.983333333333,524.982758620689,1.2340007492266116,0.012709720179811132,1.21795355876286,1.25385174463535,11843.36,493.47333333333336,1177.9199999999992,190126.952,7921.956333333333,9554.932000000104,0.0,116564.112,73562.84,CASE_15,305564.8099999995,3617097.904199999,2216263.7112,2165.8700000000003,9287.713234811772,14614.715113360484,2024.6368415926072,84562292.31065397,5084282.417374304,26.8496771168307,74.28323146182197,440.58279753145143,1.2054345821190173,6289.963762101327,26.83130366354946,66.18437169633052,461.109505520682,0.8571446005938181,7236.177027635165,35.328586260583
20,21,27.01018823133794,0.7041180642075678,26.3316665649414,28.5150000572204,76.86416297965394,0.6953712771764494,75.8616668701171,78.4399996439615,441.5715983992464,63.548739487234144,371.8,595.783333333333,1.2282704351494391,0.009923147733513524,1.21261886755625,1.24332757790883,12924.83,538.5345833333333,1171.4899999999998,190450.84799999988,7935.451999999995,9554.932000000104,0.0,116762.688,73688.1599999999,CASE_15,318489.6399999995,3807548.7521999986,2333026.3992,2165.8700000000003,9729.284833211019,15875.186568332525,2076.11551032469,84097685.36785187,5144113.253297928,26.92993271235317,75.57369783608027,441.0771982010975,1.2168525140787225,7112.708273365815,26.84897600549169,67.23944830670477,459.17931903364075,0.8938088178203004,7305.259713615583,44.7312698259898
21,22,27.464791516462913,1.2644649282502245,26.0899998664855,29.4766667683919,77.38388882742983,0.9063969900373867,76.0266666412353,79.0616664886474,457.9958333333227,66.1799423866599,393.216666666666,647.849999999751,1.2322475294272062,0.01528306681427415,1.21065742572148,1.25338474313418,12136.5399999999,505.6891666666625,1049.3199999999906,190612.79599999991,7942.1998333333295,9554.932000000104,0.0,116861.976,73750.81999999989,CASE_15,330626.1799999994,3998161.5481999987,2449888.3751999997,2165.8700000000003,10187.280666544342,14955.221430794343,2125.332373378504,87299866.34801461,5235140.702510074,27.1973621781682,76.47879354754669,449.5365177840691,1.2245500235881936,7527.454152232695,26.909398277567536,68.23479534535568,459.0631983875893,0.9270155746320288,7367.754679273255,55.9817665455965
22,23,27.264460799878112,0.9305151586765836,26.226666577657,28.9433331489563,78.12784264891381,0.6906519322992347,76.7583334604899,79.6449990590413,417.396951506591,52.0983806391464,355.95,548.2,1.2437131421110783,0.008531658810773056,1.22797324260075,1.25620824694633,13061.09,544.2120833333333,1525.1400000000094,189803.0559999999,7908.460666666662,9554.932000000115,0.0,116365.536,73437.5199999999,CASE_15,343687.26999999944,4187964.6041999985,2566253.9111999995,2165.8700000000003,10604.677618050933,16244.249283295583,2130.113503280356,79223216.96103473,5174877.980009067,27.230911493022546,77.30331819652123,433.46673272966234,1.234131583991847,7717.95743215944,26.94404123642933,69.20004627785245,454.99788034942935,0.9579153179516294,7420.5106140750995,67.4363097905741
23,24,26.293435623422653,0.414669549344007,25.0666666030883,26.573333231608,78.45268642720897,0.8768772163422945,76.7515783610574,80.2866662343343,416.60635964912245,44.40300573495654,362.7,521.583333333333,1.2614559078512793,0.004672243089231882,1.25229585798163,1.26846424937248,12261.31,510.8879166666666,1274.3700000000008,190288.90000000002,7928.704166666667,9554.932000000104,0.0,116663.4,73625.5,CASE_15,355948.57999999943,4378253.504199998,2682917.3111999994,2165.8700000000003,11021.283977700055,15467.101937495969,2062.7906600583833,79275565.9106359,5003348.942001912,26.76217353028364,77.87800234611895,425.0365456869141,1.2477937467358913,7823.330805693797,26.880853507663364,70.09867565398825,451.2692420646884,0.9873956053647726,7469.867083985297,79.7408982025901
24,25,26.162336257734257,0.4882244404434812,24.8366661071777,26.6066665967305,78.25043555015445,1.2178510123119295,75.9716668446858,80.2900002797444,444.27201624294275,95.09185294826243,366.983333333333,671.283333333333,1.2845265698789265,0.007402248355484443,1.27078801194826,1.29511258602142,12247.08,510.295,1152.1999999999998,190774.744,7948.947666666667,9554.932000000104,0.0,116961.264,73813.47999999998,CASE_15,368195.65999999945,4569028.248199998,2799878.5751999994,2165.8700000000003,11465.555993942999,15731.699663432804,2047.2142071773035,84755880.16511124,4991113.002011171,26.462254885070674,78.06421895368639,434.65428125155927,1.2661601588547708,7886.139238052069,26.811332157504726,70.88741295181433,450.59221366134716,1.0161450137178776,7516.221334973817,90.5680494609023
25,26,25.155233298755462,1.6505121213278124,21.0366668065389,26.1778332169885,78.38592266722134,1.2764204628074025,76.4016669591267,80.9288132231114,420.9829684557642,71.75657352907496,367.683333333333,601.933333333333,1.734877409639626,0.3598668951303721,1.29797358115514,2.08401554505029,12980.1,540.8375,1297.4899999999998,189965.00400000002,7915.208500000001,9554.932000000104,0.0,116464.824,73500.18,CASE_15,381175.7599999994,4758993.252199998,2916343.3991999994,2165.8700000000003,11886.538962398763,22518.88226486331,1971.8161720321568,79972031.28663112,4778613.994219015,25.808744082175,78.22507081285075,427.81862475180253,1.500518787739414,7900.673869242618,26.65158644942667,71.61071200953032,447.73613425761226,1.0854732515211865,7554.707254370742,97.3732156485024
26,27,25.59105869182677,0.7645914131294436,24.2799995104471,27.2649122204696,78.71791665024223,0.9056007970642046,76.0649998982747,80.5249999364217,429.3201388888886,70.66940213179889,369.383333333333,606.9,2.023396254686298,0.025173782269417962,1.98619734247525,2.05447340408961,13481.64,561.735,1670.4300000000003,190936.69199999998,7955.695499999999,9554.932000000104,0.0,117060.552,73876.14,CASE_15,394657.39999999944,4949929.944199998,3033403.9511999995,2165.8700000000003,12315.859101287651,27278.699883028978,2014.4748250946766,81972967.12842494,4886272.0913952505,25.699901386189943,78.47149373338249,428.5693818259391,1.7619575231607263,7928.18468482628,26.54954673168404,72.29453867062463,445.9642212115766,1.1757164326368634,7593.288731478632,105.308755531588
27,28,25.59105869182677,0.7645914131294436,24.2799995104471,27.2649122204696,78.71791665024223,0.9056007970642046,76.0649998982747,80.5249999364217,429.3201388888886,70.66940213179889,369.383333333333,606.9,2.023396254686298,0.025173782269417962,1.98619734247525,2.05447340408961,13481.64,561.735,1670.4300000000003,190936.69199999998,7955.695499999999,9554.932000000104,0.0,117060.552,73876.14,CASE_15,408139.03999999946,5140866.636199998,3150464.5031999997,2165.8700000000003,12745.17924017654,27278.699883028978,2014.4748250946766,81972967.12842494,4886272.0913952505,25.64548003880562,78.59470519227135,428.94476035881223,1.8926768894104795,7941.940092464382,26.457515203936662,72.91129471157751,444.36609973231623,1.2571084436164162,7628.086086464906,116.671394134977
0,1,24.378316777641444,4.719789892319348,17.1983335494995,30.961666615804,44.47682084128004,7.158023851895093,29.3900000572204,54.2450000762939,457.9423022598867,38.15165979303134,422.983333333333,591.35,1.0806574560954378,0.8916730091260194,0.0,1.92461837132771,17658.54,735.7725,2024.07999999999,190308.80320000002,7929.533466666668,22068.74130000001,74617.3156,108078.2976,7613.19,CASE_16,17658.54,190308.80320000002,108078.2976,74617.3156,457.9423022598867,19082.832914759532,1084.2700277311299,87150451.4777317,4639408.289983424,24.378316777641444,44.47682084128004,457.9423022598867,1.0806574560954378,7929.533466666668,24.378316777641444,44.47682084128004,457.9423022598867,1.0806574560954378,7929.533466666668,4.96606568969005
1,2,26.331612556115108,2.612853917618448,20.5050000190734,29.790453943044,58.32889899368985,4.9250669914957665,47.558019015938,63.3266668955485,445.503155595234,22.681193653135065,420.117647058823,494.666666666666,1.871763265154035,0.0520929050480069,1.81150073116108,1.96228900750478,15067.109999999899,627.7962499999958,1252.48,199734.36,8322.265,9763.320000000009,0.0,199734.36,0.0,CASE_16,32725.6499999999,390043.1632,307812.6576,74617.3156,903.4454578551206,28202.063010034824,1535.8939691266135,88982287.66079447,5259327.781663614,25.680513963290554,53.71153960955325,449.64953781678486,1.6080613288011694,8191.354488888889,26.15420149539997,57.07076292171802,446.6329600152751,1.7999098765020278,8286.594561005146,5.31676981451935
2,3,26.59244581377399,2.9196200159842363,20.5249998410542,30.6200004577636,51.25329100488303,4.788707515923422,42.2666664759318,59.0800002415974,438.36401709626074,15.554111400567686,419.033333333333,478.066666666666,1.8690456405320137,0.04853653858472009,1.80705233812332,1.95207608938217,16160.21,673.3420833333333,1190.7800000000095,200561.76,8356.74,9928.800000000005,0.0,200561.76,0.0,CASE_16,48885.8599999999,590604.9232000001,508374.4176,74617.3156,1341.8094749513814,30204.17005058185,1362.9503638249419,87919058.78949615,5333427.7351151435,26.20161787785252,52.30682612117027,443.2006688336282,1.757195221218795,8285.860495238096,26.364095264306737,54.2845291819079,442.6726129636891,1.833021922614439,8320.190183229926,6.32150588793899
3,4,26.26972213453712,2.6114984736250233,20.3499999046325,29.7849997520446,54.766563872046056,4.012080694168172,46.1066666285197,62.1533330917358,427.2451388888887,17.888483310943233,408.566666666666,456.033333333333,1.8981832855277545,0.038929524348895496,1.84582799871762,1.95683095852533,16480.48,686.6866666666666,1252.4800000000996,199734.36,8322.265,9763.320000000009,0.0,199734.36,0.0,CASE_16,65366.339999999895,790339.2832000001,708108.7775999999,74617.3156,1769.0546138402701,31282.971673474447,1438.7024151820292,85335534.37908329,5246966.137919605,26.237940148084306,53.61868625497069,434.6910528631004,1.8323888555169068,8305.276231111111,26.33310479607463,54.44282085653995,437.60650308279475,1.8544197627862729,8320.871516394964,7.41472845945277
4,5,25.645334145735386,1.933048920282009,20.4016666094462,27.7766662915547,56.17712829302106,5.181403603855604,47.1516667048136,64.5649997075398,420.84866996233495,12.595702173312791,402.133333333333,445.883333333333,1.972671339615978,0.03707129925505856,1.93200182120005,2.07078060706456,16247.630000000001,676.9845833333334,1220.33,199899.84000000003,8329.160000000002,9763.320000000009,0.0,199899.84000000003,0.0,CASE_16,81613.9699999999,990239.1232,908008.6176,74617.3156,2189.903283802605,32051.234037684757,1440.6812264223706,84127581.78968358,5126498.192479041,25.932078985581636,54.93917246815798,427.54659717238275,1.9047927182777178,8317.60333763441,26.159216191980953,54.88130467240245,433.3696310855465,1.8843172316832826,8322.96708828862,9.01677524648752
5,6,26.369236009650695,2.950520978514365,20.0349999109903,30.844999885559,60.74773662510933,3.815160766760455,54.0016670862833,67.1251311013983,478.76041666666634,61.71837149438553,426.066666666666,668.2,2.0737760936220435,0.045582051422212375,2.00978755156199,2.13624384403228,16197.4199999999,674.8924999999958,1220.3299999999108,200230.8,8342.949999999999,9763.320000000009,0.0,200230.8,0.0,CASE_16,97811.3899999998,1190469.9232,1108239.4176,74617.3156,2668.6637004692716,33589.82237435535,1601.8714041196095,95862581.23749992,5279933.221601166,26.154126997807193,57.889554262165014,453.55996580439984,1.9906255438494387,8330.477832804232,26.20292706359602,56.10226970688571,442.8166957628589,1.9237488057243795,8327.126079082931,11.8401533593531
6,7,26.244077967820896,2.693298804662946,20.469999885559,30.2616663614908,62.835887896495706,3.4721880915605765,54.636666615804,66.8386664326923,481.0175526819714,63.02576892967159,425.816666666666,709.36666666617,2.145766819454011,0.04390041875957749,2.08687015771865,2.22119538386662,16142.1499999999,672.5895833333292,1201.039999999999,200065.32,8336.055,9763.320000000009,0.0,200065.32,0.0,CASE_16,113953.53999999969,1390535.2432000001,1308304.7376,74617.3156,3149.681253151243,34637.28986464935,1649.0699411328867,96234930.60293546,5250529.856737037,26.19945662049126,60.38219483379623,467.39685997892406,2.0688069740753647,8333.288373753281,26.21029586477615,57.30804378638086,449.6572385127644,1.9635050791865807,8328.724961154427,14.9749841296287
7,8,25.83750462280388,2.319813795486651,20.175,28.3149999300638,64.43279095115042,2.703067874161961,58.8366664886474,67.8446671294979,525.2437499999996,105.71429512953202,404.283333333333,730.433333333333,2.196793171928985,0.043524910308393526,2.1422878742218,2.25660586357116,16394.1499999999,683.0895833333292,1258.91,200561.76,8356.74,9928.800000000005,0.0,200561.76,0.0,CASE_16,130347.6899999996,1591097.0032000002,1508866.4976000001,74617.3156,3674.9250031512424,36014.55677957935,1664.782534060505,105343810.92899993,5182015.401157683,26.017770911848185,62.41543523780147,496.433730264013,2.1330510263312994,8345.060170457517,26.15102017453436,58.44091456884782,461.67587558607903,2.0005990641453946,8333.179493819776,20.017143755958
8,9,25.79445290961462,1.6900286889559595,20.9666665712992,28.083333492279,63.71254678020316,3.4144482773645164,55.1599999745686,67.3099999745686,424.09444444444415,42.450768780573604,391.8,577.983333333333,2.2417559206485707,0.037045302463419236,2.18772709767023,2.3078882018725,16103.569999999898,670.9820833333291,1393.94,199899.84,8329.16,9763.320000000009,0.0,199899.84,0.0,CASE_16,146451.25999999949,1790996.8432000002,1708766.3376000002,74617.3156,4099.019447595687,36100.273391078474,1643.430287673569,84776411.58933327,5156307.009519497,25.905893399966008,63.065260198378446,460.19330527417026,2.187509838357173,8337.094527332029,26.09947063796289,59.203043412985416,456.2426641007795,2.0354635214773618,8332.598388754766,24.9700688096987
9,10,24.6710276525269,2.0767704733458543,20.36666653951,28.2574071177384,63.930000294941614,3.2213802110405063,57.7282148364133,68.6300004323323,438.4592807539173,38.230189126568774,388.243333333482,525.355357143628,2.3023935058051244,0.056032141104383884,2.17950649658838,2.34517380396525,16237.37,676.5570833333334,1258.910000000009,166141.92,6922.580000000001,9763.320000000009,0.0,166141.92,0.0,CASE_16,162688.62999999948,1957138.7632000002,1874908.2576000001,74617.3156,4537.478728349604,37384.81523935495,1577.2188051025573,72846466.74627487,4098891.9025639123,25.287856975050246,63.498052895778585,449.3156703236624,2.245007822456245,7629.14590759205,25.908233607126245,59.83587875063261,453.86186104167405,2.071199562862684,8143.828005309445,31.7495923794703
10,11,26.50280837688817,0.7851541808466426,25.2733331680297,28.1033336639404,65.68376654844116,4.5674161181377935,55.6842589695868,69.5088342031463,406.30277777777746,22.292719947425056,372.0,442.333333333333,2.177297192149687,0.03331124417759705,2.12052261034647,2.2198895017306,16113.829999999998,671.4095833333332,1239.6200000000008,199899.84,8329.16,9763.320000000009,0.0,199899.84,0.0,CASE_16,178802.45999999947,2157038.6032000002,2074808.0976000002,74617.3156,4943.781506127381,35084.59681377739,1740.8042783055932,81219860.26933327,5297907.154090605,25.895629439868046,64.59144360429177,427.7987177262095,2.2111359683116847,7979.323939163003,25.983019735711316,60.57143113367957,447.87983843115177,2.084544614401965,8167.139223831895,39.315680870088
11,12,25.721428325031965,0.9726355007594574,23.3316665331522,27.3449995358746,69.3959059301265,2.189310799055201,63.5155558480182,74.7753574781506,392.1196382331303,25.85301757025403,362.95,457.25,2.217759691509931,0.024761821356163612,2.17749741077423,2.2537931283315,16453.3899999999,685.5579166666625,1226.7600000000002,200230.8,8342.949999999999,9928.799999999988,0.0,200230.8,0.0,CASE_16,195255.84999999937,2357269.4032,2275038.8976000003,74617.3156,5335.901144360511,36489.66513069237,1784.9618204324095,78514428.85913026,5150222.17066381,25.808507612472614,66.99426139264574,409.9548215597073,2.214448638668219,8161.181368367928,25.951746882812156,61.626383593720085,441.2137918132908,2.100470273044689,8188.157133123772,48.4160422025496
12,13,25.41147255157095,1.669003898987831,20.5499997138977,27.7537036118684,71.54878607720453,3.269724873717479,63.6421047612992,77.3845002364978,400.9061484376936,27.350601768788223,361.616666666666,462.8,2.2628215268254235,0.012285996742125096,2.23063819408416,2.28076528310775,15814.360000000002,658.9316666666667,1203.6399999999994,200396.28,8349.845,9763.320000000009,0.0,200396.28,0.0,CASE_16,211070.20999999938,2557665.6832,2475435.1776,74617.3156,5736.807292798205,35785.07424096691,1818.1600134991045,80340100.77604161,5092364.568656926,25.6099658459663,69.27180175498889,405.4299326440965,2.2386380355540583,8255.524700704023,25.889782553853916,62.764388818084896,436.59088835622856,2.1190904182456296,8206.701194154133,57.679235166116
13,14,25.87756535406511,0.6533471235448055,24.5800002733866,27.5124998409611,72.35680128480648,2.8158294173983593,65.897499533869,78.2837319318826,423.262139431,85.60017356260003,356.033333333333,678.216666666666,2.2656014594766787,0.032949758595348086,2.21684230963389,2.30646508534749,16314.530000000002,679.7720833333334,1220.33,200396.28,8349.845,9763.320000000009,0.0,200396.28,0.0,CASE_16,227384.73999999938,2758061.9631999996,2675831.4576,74617.3156,6160.069432229205,36962.222978676065,1872.417854058682,84820158.20681371,5185767.83241153,25.743773767003074,70.81439567235846,414.34658026652914,2.2521205704239913,8302.68772895481,25.888428075741725,63.82786596128278,435.11317668790946,2.1353335837804615,8222.57104610593,72.7555442179283
14,15,25.684736062817393,0.7845196927371737,23.6233338038126,26.5449999173482,70.49014627878596,3.150570793099756,64.6479845712892,77.9210524974031,385.2623327103183,34.90120376443263,363.124137930828,482.583333333333,2.306958990130155,0.023320793789180606,2.26951432228088,2.33998359044392,16921.41,705.05875,1426.0899999999983,199899.84,8329.16,9763.320000000009,0.0,199899.84,0.0,CASE_16,244306.14999999938,2957961.8031999995,2875731.2975999997,74617.3156,6545.331764939523,39036.998925178304,1810.520802200007,77013878.6668194,5134374.629399426,25.71425401403887,70.6522660277681,399.8040126844814,2.279540617070489,8315.924268424533,25.866463337152666,64.54628021562745,429.737606282905,2.1538404811869527,8234.06486206441,80.8962304164617
15,16,26.386519228426806,0.7802871193566918,25.196296232718,28.2199997901916,70.48020900941388,3.7860997041754993,63.695272876119,76.3344914594077,443.68749891495025,120.96018263581834,364.213333333283,778.166666666666,2.3642958430780254,0.03362024750216273,2.31997632980346,2.41935990651448,16011.09,667.12875,1197.210000000001,200396.28,8349.845,9763.320000000009,0.0,200396.28,0.0,CASE_16,260317.23999999938,3158358.0831999993,3076127.5775999995,74617.3156,6989.019263854473,37854.953530148145,1859.7273902504396,88913324.26506007,5287760.2955252025,26.05039175028765,70.56623620588009,421.7460906092545,2.321918876715182,8332.88489301086,25.921283499376568,65.17178786693675,431.20809318618984,2.1760250141829975,8246.269484779834,92.6701470837594
16,17,25.515182955000782,1.5378068680463897,20.9216662724812,27.4683927433964,70.54551755509176,5.440444306562717,57.7879019618682,77.7093566255872,438.5067668359436,92.1830116240836,364.730508474033,668.633333333333,2.493398843374512,0.029729983578174,2.43538252512613,2.55114028851191,16459.82,685.8258333333333,1226.7600000000002,200396.28,8349.845,9928.800000000005,0.0,200396.28,0.0,CASE_16,276777.05999999936,3358754.363199999,3276523.8575999993,74617.3156,7427.5260306904165,41040.89615015266,1799.9817870733857,87875124.82875048,5113147.747701564,25.78278531096911,70.55587680144994,430.1264926599926,2.4076595141939974,8341.365011203598,25.87926414019896,65.72780947542051,431.9632893903233,2.2088637904591266,8256.98647798833,116.67833332944
17,18,25.365692334199554,1.544988707432598,21.3483327547709,27.8574998696334,69.4382559145397,3.7389697987429638,63.1916666349706,76.3487145121408,387.1274165275907,40.60578717242091,358.299725274053,497.4,2.6374223629794042,0.04518439016923079,2.5562802751859,2.73261253039042,16234.77,676.44875,1201.04000000001,199149.29,8297.887083333333,9763.320000000009,0.0,185834.04,13315.25,CASE_16,293011.8299999994,3557903.653199999,3462357.8975999993,74617.3156,7814.653447218007,42817.945455827146,1761.3494357516265,77096150.14100395,5051559.618714284,25.57423802703958,69.99706422629401,408.6268725792498,2.5225413768262284,8319.625964340583,25.826927618225508,66.10592965126308,427.3942035918672,2.2525368754797737,8261.154532786823,124.130651790892
18,19,25.414409646196177,1.547582949245726,21.1316670417785,27.468833198538,77.12671155843718,2.901350358771165,70.3096292565611,81.2232141127979,393.18350868928025,41.40757931569606,367.043103447248,505.516666666666,2.821944262928472,0.055883974222993966,2.72550701618116,2.88955524524053,15942.82,664.2841666666667,1233.1900000000005,189703.15,7904.297916666666,9242.350000000006,0.0,0.0,189703.15,CASE_16,308954.6499999994,3747606.803199999,3462357.8975999993,74617.3156,8207.836955907287,44989.74943390131,1960.129842210136,74588150.12640883,4821193.5652738,25.494323684193365,73.56189469174011,400.9051759062974,2.6722431054107374,8111.961544415178,25.7854100994434,67.21510682862032,423.95109743777664,2.3098443954086076,8225.23900360538,131.532050252346
19,20,25.089640199713397,1.7216784296674434,20.3466665585835,26.3835714135452,75.98519860790161,2.1668131169454377,71.6986872209236,78.9434634329378,388.94686519218857,40.021350057441154,363.300000000155,507.816666666666,1.5490478054313936,0.801190341625707,0.349564470599095,2.84029876828196,16639.86,693.3275,1355.3599999999988,189389.85,7891.243750000001,9399.0,0.0,0.0,189389.85,CASE_16,325594.50999999937,3936996.653199999,3462357.8975999993,74617.3156,8596.783821099476,25775.93861568563,1906.4412935760147,73662588.45671882,4751723.19397769,25.291981748985073,74.7735478053433,394.9260148470707,2.1106449198392996,8001.602541961042,25.716096389640317,68.08879739323287,420.4639198569529,2.2340526227588846,8191.965862451969,140.711937529337
20,21,25.353609444249845,1.7721974760657528,20.3616661389668,27.348166570665,76.4568023790019,2.4508348323540634,70.9953837764736,80.7014285650588,434.9986135172778,77.88343734435506,364.308771929719,630.494736842419,1.4850343743557624,1.0968359930560698,0.0,2.4257890343666,15879.889999999901,661.6620833333292,1210.0699999999997,189076.55,7878.189583333333,9242.350000000006,0.0,0.0,189076.55,CASE_16,341474.39999999927,4126073.203199999,3462357.8975999993,74617.3156,9031.782434616754,23582.18251098818,1938.4559068734065,82248037.09863025,4793773.003766177,25.322795611310653,75.61517549349196,414.96232373623087,1.7978394979402825,7939.896033223231,25.68028562447633,68.91548829961476,421.89982950285673,2.1600557052472436,8160.9673153637605,145.546147238947
21,22,25.467624902990337,1.4336027245749965,21.5416666666666,27.0454998588965,77.4160484668479,2.298263326058887,72.7238218319668,83.1577554984897,455.2801924189135,101.02622965949173,370.110344827817,741.033333333333,2.461715856095149,0.02046572010007833,2.43374176820119,2.49523706833521,16165.27,673.5529166666666,1291.0599999999995,189859.8,7910.825,9242.350000000006,0.0,0.0,189859.8,CASE_16,357639.6699999993,4315933.003199999,3462357.8975999993,74617.3156,9487.062627035668,39794.30147705923,1971.6028838254024,86439406.27661642,4835278.170556764,25.395210274415497,76.51561219485076,435.1212628838378,2.1297777561579636,7925.360513146077,25.65941988831907,69.74954192455776,425.175026918595,2.189653842001264,8136.4239793039815,157.561715594181
22,23,25.193690314720442,1.1604715877242815,22.0500001907348,26.0999998092651,78.9032085805001,1.265070843289396,77.4549995422363,82.121667098999,450.11672551786734,56.90055220054678,392.9,606.466666666666,2.485082363383557,0.09397107754939424,2.28995696306228,2.57439564466476,16288.809999999998,678.7004166666666,1432.5200000000004,189703.15,7904.297916666666,9242.350000000006,0.0,0.0,189703.15,CASE_16,373928.4799999993,4505636.1532,3462357.8975999993,74617.3156,9937.179352553536,40479.03445150571,1987.8630018149124,85388560.69842482,4779322.412826959,25.29445028255644,77.7094105299873,442.6189950946519,2.307430080948568,7914.8292136509435,25.61397929843675,70.64265251063928,427.6085539292606,2.218478393931572,8113.775760656842,159.213888258618
23,24,25.49270824723769,0.666333427514049,23.8183332761128,26.4716666857401,79.20909717877701,0.7859051337768302,77.879999923706,81.3433327992757,485.80208333333286,82.51905438101852,397.583333333333,656.966666666666,2.325607362720697,0.028663830106702558,2.27900735537211,2.36133029460906,16252.69,677.1954166666667,1207.4700000000091,189076.55,7878.189583333333,9242.350000000006,0.0,0.0,189076.55,CASE_16,390181.1699999993,4694712.703199999,3462357.8975999993,74617.3156,10422.981435886868,37797.375528017044,2019.2544049056605,91853781.89947908,4820073.325544249,25.39357927080561,78.45925389907629,464.2105405009488,2.3165187223763577,7896.509397400192,25.602201284018896,71.47463762013972,433.260391045952,2.228882909489841,8090.895301011044,159.283347050643
24,25,24.806597125530192,1.6885574755200738,20.383333047231,25.9916666666666,78.17611111270053,1.6150316054211982,74.3349998474121,82.383332824707,414.55069444444416,34.98520900401748,358.833333333333,477.433333333333,2.4058598564730698,0.02550288204326325,2.35672614177068,2.46582049131393,16296.47,679.0195833333333,1258.91,188919.89999999997,7871.6624999999985,9242.350000000006,0.0,0.0,188919.89999999997,CASE_16,406477.63999999926,4883632.6032,3462357.8975999993,74617.3156,10837.532130331312,39207.02297521769,1939.2832932134459,78316875.73937494,4686459.84829545,25.10008818942119,78.31768250166925,439.3806167327071,2.3611892907560006,7884.085948329847,25.525221259815694,72.12305000731777,431.4501027488741,2.2460066129255503,8069.683061044848,159.396359228962
25,26,25.09215264320368,1.2735605091480013,21.7999997774759,26.1333333015441,79.08895831637908,1.7635226352528888,75.5183329264323,83.8833332061767,414.02777777777754,57.30182670854221,362.633333333333,576.6,2.437061287711054,0.1076661478833335,2.30358538627624,2.58648377259572,16030.380000000001,667.9325,1220.3300000000008,190016.45,7917.352083333334,9399.0,0.0,0.0,190016.45,CASE_16,422508.01999999926,5073649.0532,3462357.8975999993,74617.3156,11251.55990810909,39067.01852529753,1984.5122144665568,78672088.53472218,4767921.76811968,25.096120416253306,78.70332041477063,426.70419706634897,2.3991252897988176,7900.719016079443,25.483447876275463,72.79497484402602,429.76956198636447,2.264435563675678,8054.989360986914,159.336718268262
26,27,25.43645824061495,0.822155075720142,23.2516665458679,26.5783333460489,80.3259722365273,1.4695765180577611,77.0849991480509,83.5383336385091,435.21959745756794,68.6768004011776,369.566666666666,642.583333333333,2.4020565029647574,0.032255947062294364,2.36009134451548,2.47738952636718,16256.6599999999,677.3608333333292,1188.1799999999903,189076.55,7878.189583333333,9242.350000000006,0.0,0.0,189076.55,CASE_16,438764.6799999992,5262725.6032,3462357.8975999993,74617.3156,11686.779505566657,39049.41586948681,2043.2082384312228,82289819.97966571,4809437.768354544,25.266289329701987,79.51464633169381,430.9618972936808,2.400590896392707,7889.454299622459,25.478926722420443,73.51957714014173,430.2939424914325,2.277676897247478,8037.97839707819,159.621488540003
27,28,24.874861023161106,1.5616984616182503,20.5116666793823,25.8883333841959,78.99423611693908,2.2439383683090224,75.5600001017252,84.1899992624918,427.7266666666911,64.70694693549537,366.233333333333,594.133333333333,2.6096958943539144,0.07861543308209958,2.46774578094482,2.75171571572621,15965.939999999999,665.2475,1201.04,189557.4655,7898.227729166666,9242.35000000002,0.0,0.0,189557.4655,CASE_16,454730.6199999992,5452283.0687,3462357.8975999993,74617.3156,12114.506172233348,41666.248067500936,1964.9706450396332,81078782.86010128,4715215.610215155,25.070575175702455,79.2544412233471,429.34428197415986,2.505143395762799,7893.841014410905,25.420925905664397,74.045239650866,430.04743934640106,2.3095564974868372,8024.5599015552525,160.519207398945
0,1,29.45437486208333,1.2760043337451772,27.81333278,31.288333,59.17833325041667,1.568712030393983,57.32666677,63.88833326,526.7062499958333,6.403595660982785,517.3833333,540.3666667,0.0,0.0,0.0,0.0,11290.66,470.44416666666666,769.0,209433.44079999998,8726.393366666665,18255.19,209433.44079999998,0.0,0.0,CASE_17,11290.66,209433.44079999998,0.0,209433.44079999998,526.7062499958333,0.0,1743.060811271063,110309902.22749235,6168731.0739791365,29.45437486208333,59.17833325041667,526.7062499958333,0.0,8726.393366666665,29.45437486208333,59.17833325041667,526.7062499958333,0.0,8726.393366666665,0.19
1,2,30.5859816175,1.5555903908720738,28.51166671,32.76666673,60.316628289166665,2.5655942377119376,57.99666665,65.36833254,522.6704262416666,6.8742929154792245,513.0333333,533.8166667,0.0,0.0,0.0,0.0,11522.14,480.08916666666664,769.0,209619.08679999993,8734.128616666663,18255.19,209619.08679999993,0.0,0.0,CASE_17,22812.8,419052.5275999999,0.0,419052.5275999999,1049.3766762374999,0.0,1844.8432840820321,109561697.44614488,6411405.535541935,30.208779365694443,59.93719660958334,524.0157008263889,0.0,8731.550199999998,30.48320171237587,60.21324091053361,523.036986074016,0.0,8733.426050817436,0.66
2,3,30.209097213333333,1.292308428114176,28.40666631,31.90499951,59.10486107041666,0.9200177233150783,57.94833317,60.24666672,548.0833333166667,7.043201684951772,537.9333333,564.8,0.0,0.0,0.0,0.0,11515.71,479.82124999999996,769.0,209315.865,8721.494375,18255.19,209315.865,0.0,0.0,CASE_17,34328.509999999995,628368.3925999999,0.0,628368.3925999999,1597.4600095541664,0.0,1785.5044938567778,114722537.00526139,6323243.314077956,30.208960992916666,59.461576301488094,537.7686336779761,0.0,8725.804014285713,30.35192145621237,59.682390852087714,535.0327427779762,0.0,8727.711465820676,0.59
3,4,29.729097078749998,1.2011577729385652,28.38833291,31.40333296,60.65527775791667,1.726337898201637,58.68833326,64.09166654,553.9465277791668,10.510909219015986,536.2333333,573.3333333,0.0,0.0,0.0,0.0,9617.63,400.7345833333333,769.0,209615.9927,8733.999695833334,18255.19,209615.9927,0.0,0.0,CASE_17,43946.13999999999,837984.3853,0.0,837984.3853,2151.4065373333333,0.0,1803.2266408036503,116116051.32314818,6231694.196236851,29.953033572027774,60.09821707825001,546.3968438652778,0.0,8730.175044444444,30.147396936033275,60.001869720936604,541.2436955635754,0.0,8729.776409443073,1.0
4,5,28.359548087083336,1.0127720673339229,27.10999991,31.12166707,63.138432296249995,3.827276553951973,57.91833318,68.86499926,589.25828625,25.474626842686614,557.4333333,639.25,0.0,0.0,0.0,0.0,11535.0,480.625,769.0,209739.75669999997,8739.156529166665,18255.19,209739.75669999997,0.0,0.0,CASE_17,55481.13999999999,1047724.142,0.0,1047724.142,2740.664823583333,0.0,1790.5774068485573,123590889.59153393,5948124.715906808,29.13058945076613,61.66736041657258,568.5188786444893,0.0,8734.810649462363,29.69537627984353,60.79488478723042,553.3831931511411,0.0,8732.147978983243,2.62
5,6,29.93251817166667,1.3115868372452164,28.37833287,31.78979566,61.102373248750006,3.2633386624179908,57.02244895,67.8833327,551.3192699166666,16.662388900999762,531.5333333,597.35,0.0,0.0,0.0,0.0,11522.14,480.08916666666664,769.0,196367.0565,8181.9606875,18255.19,196367.0565,0.0,0.0,CASE_17,67003.28,1244091.1985,0.0,1244091.1985,3291.9840934999997,0.0,1828.947897600169,108260942.22526482,5877760.4870029455,29.537918324874344,61.38038280751984,559.7825694494047,0.0,8453.997970370368,29.744731997332703,60.858881551029796,552.953634243194,0.0,8617.63894679237,2.93
6,7,30.12451371083333,1.226837926897008,28.71166706,31.84666611,60.0150694975,1.7944433188284818,57.37000001,63.5383337,561.8479166625,16.874046829702745,540.75,598.2666667,0.0,0.0,0.0,0.0,10753.14,448.04749999999996,769.0,209637.6514,8734.902141666667,18564.599999999977,209637.6514,0.0,0.0,CASE_17,77756.42,1453728.8499,0.0,1453728.8499,3853.8320101624995,0.0,1807.924783934054,117784477.69310942,6315232.303906199,29.833525448507217,60.69235090325787,560.823374344193,0.0,8595.555977952754,29.812738666720627,60.70778199749679,554.5463136756953,0.0,8638.637007103598,4.78
7,8,30.548333099999997,1.5336714845127413,28.60500018,32.74666646,59.161666652916665,1.0510625408661693,57.51833331,60.36666648,543.9527777708333,20.243580175897026,510.0,576.0833333,0.0,0.0,0.0,0.0,11509.28,479.55333333333334,769.0000000000009,209402.4998,8725.104158333334,18255.190000000017,209402.4998,0.0,0.0,CASE_17,89265.7,1663131.3497000001,0.0,1663131.3497000001,4397.784787933333,0.0,1807.2902996644602,113905071.43836637,6396897.315863082,30.192330857883988,59.924007436419934,552.3549964563889,0.0,8660.584084183007,29.92970189670417,60.46194184911093,552.8618879645661,0.0,8652.385720848233,5.04
8,9,30.95402758583333,1.533508636934879,29.01333338,33.39333363,60.0856249025,1.207914360587917,58.0299998,62.45999947,541.9562500041667,20.92875303966021,511.2,582.9,0.0,0.0,0.0,0.0,12284.71,511.86291666666665,769.0,209687.157,8736.964875,18255.19,209687.157,0.0,0.0,CASE_17,101550.41,1872818.5067000003,0.0,1872818.5067000003,4939.7410379375,0.0,1859.8920907440192,113641265.28175496,6490662.042172965,30.573924521983855,60.004974307880794,547.1454483315965,0.0,8698.849216177428,30.077790405571474,60.40753706743208,551.2852413169796,0.0,8664.613473166191,6.24
9,10,30.70698095083333,1.3730501140713225,29.12666699,33.23499972,60.4052961075,1.6692081992765786,57.41499996,63.18666725,553.5036210375,13.741264373230168,529.7666667,578.3333333,0.0,0.0,0.0,0.0,10753.14,448.04749999999996,769.0,209306.5827,8721.1076125,18255.19,209306.5827,0.0,0.0,CASE_17,112303.55,2082125.0894000002,0.0,2082125.0894000002,5493.244658975,0.0,1854.864276902449,115851951.43143496,6427173.247852921,30.64051776887626,60.20533086839403,550.3276422958414,0.0,8709.9892933203,30.162025151328333,60.407237052291116,551.5822334653159,0.0,8672.176793211878,8.28
10,11,29.109374887083334,1.2729856826517025,27.24833364,31.96166592,60.56472222125,1.7235410195240637,58.22666677,63.75000045,574.0347222166666,20.28151863267584,544.8,607.5333333,0.0,0.0,0.0,0.0,10007.26,416.9691666666667,769.0,209646.9337,8735.288904166666,18255.19,209646.9337,0.0,0.0,CASE_17,122310.81,2291772.0231000003,0.0,2291772.0231000003,6067.279381191666,0.0,1763.0012040704328,120344619.35005543,6102691.187000805,29.87457233118405,60.385114329715236,562.1869729450475,0.0,8722.645278423708,30.029621891014315,60.427045672997835,554.4063269119412,0.0,8680.115089091856,10.8
11,12,27.843009500833336,2.866767195486104,22.60999982,32.23333321,59.47927724083333,1.0681162737239809,57.59500001,62.00166664,552.5375235291666,24.174027198577182,485.8333333,592.1166667,0.0,0.0,0.0,0.0,13066.57,544.4404166666667,769.0,209739.75669999997,8739.156529166665,18564.60000000001,209739.75669999997,0.0,0.0,CASE_17,135377.38,2501511.7798,0.0,2501511.7798,6619.816904720833,0.0,1656.0820813192224,115889085.75262791,5839786.038500572,28.858542861939053,59.932085182455126,557.3610700381552,0.0,8730.90291982092,29.768215725391258,60.31374140706427,554.1829143268903,0.0,8687.17340291653,13.14
12,13,24.81840266708333,1.9115385542096421,22.65333306,26.95833327,58.4444444475,1.0032450456667892,56.76833344,59.81833356,434.6597222208334,19.020475632774982,410.2333333,476.4333333,0.0,0.0,0.0,0.0,10380.2,432.5083333333334,769.0000000000009,209551.01659999997,8731.292358333332,18255.19,209551.01659999997,0.0,0.0,CASE_17,145757.58000000002,2711062.7964000003,0.0,2711062.7964000003,7054.476626941667,0.0,1450.4977559520373,91083386.66644923,5200721.5092754625,26.838226143818062,59.18817400550772,496.00290611925027,0.0,8731.097662849468,29.20051922957188,60.09935081875522,540.4747405982142,0.0,8692.233427627421,17.4
13,14,25.98888641875,1.9308453716970775,22.90166658,28.07666696,59.97618411958334,1.5822169471952714,58.1983333,64.40166709,489.7145833375,58.71456739409805,436.8333333,662.5166667,0.0,0.0,0.0,0.0,11506.68,479.445,769.0000000000009,209659.31009999997,8735.804587499999,18255.19,209659.31009999997,0.0,0.0,CASE_17,157264.26,2920722.1065,0.0,2920722.1065,7544.191210279167,0.0,1558.7142369138887,102673221.68844919,5448811.996822384,26.4135303599105,59.58220311217362,492.85855281227975,0.0,8733.451268827443,28.844456758477914,60.08569575858898,534.8471399066075,0.0,8697.064009380225,19.78
14,15,29.524540183750002,2.1120528821220512,23.23333308,31.74333328,60.314157120000004,1.0070068986157725,57.42833347,61.08666687,474.56245210416665,20.46003880350416,446.5333333,516.1,0.0,0.0,0.0,0.0,12661.48,527.5616666666666,769.0,209674.7806,8736.449191666667,18255.19,209674.7806,0.0,0.0,CASE_17,169925.74000000002,3130396.8871000004,0.0,3130396.8871000004,8018.753662383333,0.0,1780.7477555384514,99503778.02593915,6190551.485343665,27.969082743521643,59.948191285159474,483.71022327336175,0.0,8734.950275993124,28.91779225377003,60.110331452492986,528.3464559107376,0.0,8701.311035175613,25.47
15,16,25.55569440416667,1.7291242831479325,22.75999991,27.15666704,59.357430595000004,0.7982773904547296,57.975,60.61833324,455.340277775,17.471654236472585,428.2666667,492.4166667,0.0,0.0,0.0,0.0,12194.69,508.1120833333334,769.0000000000002,209656.21599999996,8735.675666666664,18255.19,209656.21599999996,0.0,0.0,CASE_17,182120.43000000002,3340053.1031000004,0.0,3340053.1031000004,8474.093940158333,0.0,1516.920356902353,95464919.63069539,5357910.186029958,26.7623701608714,59.65280643286459,469.5250340753711,0.0,8735.312976864268,28.5633865973389,60.030966622983684,520.6507243636096,0.0,8704.933481733211,30.88
16,17,27.267073256666663,0.6647523767984732,26.16166674,29.29999987,60.12815478416667,1.0634051393838593,58.27500013,62.2716671,479.19082341250004,34.85762771681151,439.6833333,554.8833333,0.0,0.0,0.0,0.0,37104.66,1546.0275000000001,2027.3499999999983,105071.0138,4377.958908333333,9282.300000000005,104976.6248,66.192,28.197,CASE_17,219225.09000000003,3445124.1169000003,66.192,3445029.7279000003,8953.284763570833,0.0,1639.5188012880647,50349065.61960816,2864979.030436834,27.01472363407324,59.89048242183952,474.35796561627706,0.0,6556.619320485334,28.429256622329497,60.04102271453322,516.3608545427984,0.0,8257.219975139591,36.0
17,18,27.092315125,1.0302118442743007,25.64166622,29.28666643,59.788330913749995,1.442148501397149,57.11166668,62.71500003,468.5486581958333,13.992832961606341,443.0666667,498.45,0.0,0.0,0.0,0.0,37617.41,1567.3920833333334,2253.630000000001,90026.14670000001,3751.0894458333337,7960.440000000002,73574.6039,11188.1028,5263.44,CASE_17,256842.50000000003,3535150.2636,11254.2948,3518604.3318000003,9421.833421766667,0.0,1619.804301913094,42181630.23882625,2439016.735885879,27.053519527531208,59.83940647295548,471.45330082563834,0.0,5153.84903201535,28.293013029447593,60.01527167090171,511.488460779199,0.0,7798.014082784672,41.49
18,19,29.588445784999994,0.9254241470474183,27.92499971,30.82833341,62.72530413583333,1.493176201468914,60.32666626,64.86500079,474.2244252958333,11.619717951750829,456.1833333,497.7166667,0.0,0.0,0.0,0.0,40084.45999999999,1670.185833333333,1965.6499999999976,90061.886,3752.5785833333334,7960.440000000006,73611.7331,11191.4124,5258.7405,CASE_17,296926.96,3625212.1496,22445.707199999997,3592216.0649,9896.0578470625,0.0,1855.9442607707406,42709546.12940886,2664791.23120585,28.320985073764277,61.28235805660614,472.83886570349114,0.0,4453.212471316156,28.42339075213208,60.288020572505744,507.7380537715552,0.0,7390.864683925657,46.94
19,20,30.831111047916664,0.568045045235855,29.95166648,31.67666664,62.641388901250004,0.8987765475714916,60.87499994,64.538333,501.76319444999996,48.0045679124071,430.1666667,611.9333333,0.0,0.0,0.0,0.0,41511.36,1729.64,1981.1100000000008,90045.14229999999,3751.880929166666,7960.440000000017,73586.9803,11194.721999999998,5263.44,CASE_17,338438.32,3715257.2919,33640.4292,3665803.0452,10397.821041512501,0.0,1931.3036174101733,45181338.245152816,2776191.781576758,29.57604925776295,61.9618741269651,487.30104386895346,0.0,4102.5463658201525,28.663251697444274,60.522466887963844,507.14282873337913,0.0,7028.343304295144,52.88
20,21,29.652155000000004,1.7640130472900912,26.44166644,31.67833325,63.245365467499994,2.814493977396646,58.78833345,68.12833379,487.61703216666666,25.19609756513605,458.0666667,548.1666667,0.0,0.0,0.0,0.0,39359.38,1639.9741666666666,1955.39,90055.6978,3752.3207416666664,7960.440000000017,73605.5449,11191.4124,5258.7405,CASE_17,377797.7,3805312.9897000003,44831.8416,3739408.5901,10885.438073679168,0.0,1875.3613798739575,43912692.09093421,2670345.509798759,29.61410214702651,62.60362010324087,487.4590380931476,0.0,3927.4334702430738,28.760947309349877,60.7914671453168,505.21383867075184,0.0,6704.698891291969,63.16
21,22,29.62095316,3.2371416174322483,22.55166661,32.23166631,64.11536133583333,3.3444020757379094,60.39166686,68.64333254,465.9765183708333,13.80208247830259,446.1833333,487.1864407,0.0,0.0,0.0,0.0,39418.48,1642.4366666666667,2053.070000000001,90021.5355,3750.8973124999998,7960.440000000002,73574.6039,11189.7576,5257.174,CASE_17,417216.18,3895334.5252,56021.5992,3812983.194,11351.414592050001,0.0,1899.158114965194,41947921.69068637,2666523.686436777,29.617527654329958,63.359490899750746,476.71777567107387,0.0,3839.165370326782,28.845328924572346,61.11759929943219,501.3639712990292,0.0,6414.879295208142,72.94
22,23,26.056527764583336,2.367524005848265,22.52666667,28.75666663,61.43715279208333,1.064620019878064,59.72499994,63.30833308,466.4236111083333,53.08693143534069,404.85,607.0833333,0.0,0.0,0.0,0.0,39396.59,1641.524583333333,2013.260000000002,90051.0761,3752.1281708333336,7960.440000000002,73599.3567,11191.412399999997,5260.307,CASE_17,456612.77,3985385.6013,67213.0116,3886582.5507,11817.838203158335,0.0,1600.838877503868,42001948.09875333,2346418.3646302572,27.837027497204488,62.39832173133675,471.5706927761235,0.0,3795.646765392236,28.57322945535629,61.14877769141796,497.9548887159799,0.0,6155.078353501817,80.11
23,24,26.692638906666662,2.6854450097976477,22.32499994,30.57166653,61.559722221666675,2.4706624344299075,58.67000014,69.08166707,481.1249999958333,17.409046046507587,451.8,520.1,0.0,0.0,0.0,0.0,27154.1,1131.4208333333333,2110.9400000000005,105328.44370000002,4388.685154166667,15655.531999999992,86053.1092,13114.29,6161.0445,CASE_17,483766.87,4090714.0450000004,80327.3016,3972635.6599,12298.963203154168,0.0,1643.1914364576521,50676147.47472364,2811494.1142852698,27.264833167830137,61.979021951509495,476.34784667071904,0.0,4092.165977453374,28.390583866177792,61.18868920001257,496.32034634138296,0.0,5983.523770906333,93.82
24,25,24.437698751249997,1.8169729228264377,22.37000024,26.88499972,62.21954326875001,1.6599841370493242,59.84000003,65.81666641,475.84396185833333,22.675390492953003,436.0166667,517.95,0.0,0.0,0.0,0.0,3389.14,141.21416666666667,252.0,179295.1415,7470.630895833333,15655.532000000008,146508.7291,22303.394400000005,10483.018,CASE_17,487156.01,4270009.186500001,102630.69600000001,4119144.389,12774.8071650125,0.0,1520.5024548420772,85316510.47331047,4381560.655539742,25.85126591741248,62.0992826137138,476.0959042570177,0.0,5781.398486986405,28.00811579009629,61.28843122664063,494.3391191742281,0.0,6127.411332639408,97.26
25,26,23.940902735416667,1.054232634338784,22.77833347,26.04833326,62.52062497708334,1.333109060018078,60.24166667,64.70000025,488.29374999583337,52.440803228510305,422.7833333,605.3333333,0.0,0.0,0.0,0.0,3376.28,140.67833333333334,252.00000000000009,179393.7606,7474.740025,15655.532000000008,146610.8344,22296.7752,10486.151,CASE_17,490532.29000000004,4449402.9471,124927.47120000001,4265755.2234,13263.100915008334,0.0,1496.800201533814,87596852.08922878,4294848.573865223,24.89608431218126,62.30995379853781,482.19482721730657,0.0,6628.06926860958,27.615796318410407,61.4072874544038,493.7559886594681,0.0,6257.373366510727,99.05
26,27,24.601658334999996,1.2319611099068049,22.86833331,26.89166635,63.033013213333334,1.8148576461789798,60.41499996,65.5850001,457.60480225833334,22.847451078497986,423.6,500.4,0.0,0.0,0.0,0.0,3143.57,130.98208333333335,252.0,179071.1337,7461.2972375,15655.532000000036,146406.6238,22220.6544,10443.8555,CASE_17,493675.86000000004,4628474.080800001,147148.12560000003,4412161.8472,13720.705717266666,0.0,1550.716654899967,81943810.72696407,4405446.848948504,24.748871322493805,62.67148350862917,469.899814646215,0.0,7044.683256158806,27.325788077833472,61.56370825185989,490.2776668239497,0.0,6373.210081862131,116.41
27,28,26.713666107916666,1.4038104888682668,24.39333302,28.8799998,63.34942285791667,3.7499648092579476,60.29333337,72.49999949,432.75524424583335,24.160966558695524,389.4333333,471.2833333,0.0,0.0,0.0,0.0,3004.71,125.19625,252.0,179480.8949,7478.370620833334,15655.532000000036,146719.1279,22281.882,10479.885000000002,CASE_17,496680.57000000007,4807954.9757,169430.00760000004,4558880.975099999,14153.4609615125,0.0,1692.2953303556098,77671298.50991026,4794592.6991086835,25.73126871886495,63.01045318453568,451.32752937683705,0.0,7261.526939303876,27.267013718930084,61.735167922176366,484.75451347257086,0.0,6479.32472135495,123.8
0,1,26.3507636925,1.159338629953336,25.2849995,28.39333321,54.10687499833333,1.9948841046064207,51.64000003,58.44333331,559.4631944541667,29.745443141557473,518.7166667,625.1,0.0,0.0,0.0,0.0,1945.2700000000002,81.05291666666668,252.0,158709.37369999997,6612.890570833332,18255.19,156589.30689999997,1449.6048,670.462,CASE_18,1945.2700000000002,158709.37369999997,1449.6048,156589.30689999997,559.4631944541667,0.0,1425.7574772207179,88792053.20002209,4182113.2021533735,26.3507636925,54.10687499833333,559.4631944541667,0.0,6612.890570833332,26.3507636925,54.10687499833333,559.4631944541667,0.0,6612.890570833332,0.180075560600107
1,2,27.652467630416666,4.082947175123583,23.75666663,36.74833291,55.570180736249995,2.0687772101148587,51.76833344,58.0733333,510.4570522041666,26.613159019572883,466.0333333,568.625,0.0,0.0,0.0,0.0,1366.71,56.94625,252.0,176233.74779999998,7343.072824999999,18255.190000000017,176233.74779999998,0.0,0.0,CASE_18,3311.9800000000005,334943.12149999995,1449.6048,332823.0547,1069.9202466583333,0.0,1536.6526240255569,89959759.40088052,4873298.006426514,27.218566317777775,55.082412156944436,526.7924329541667,0.0,7099.678740277777,27.534238389915608,55.43727376641197,514.9081096292347,0.0,7276.752910906751,0.179932918331715
2,3,33.655763708749994,3.845877353606621,26.20333322,39.4216664,53.80159726708333,3.3357491653270404,45.19999994,58.73166663,527.8993055541667,28.391701101349902,480.0,567.4833333,0.0,0.0,0.0,0.0,3011.14,125.46416666666666,252.0,176233.74779999998,7343.072824999999,18255.190000000017,176233.74779999998,0.0,0.0,CASE_18,6323.120000000001,511176.8692999999,1449.6048,509056.8025,1597.8195522125002,0.0,1810.7338447742861,93033673.07882816,5931281.373464239,30.896964826904757,54.35051793416666,527.4249315827382,0.0,7238.7610744047615,30.466096184206023,54.65387900061078,521.1301436886998,0.0,7308.516327199863,0.661072024237136
3,4,26.466633074166666,1.7021781176447413,23.84833275,28.71499993,56.10724371,1.9416379033671745,50.95999991,58.12833335,518.7663074708333,21.277418285965137,488.6833333,571.35,0.0,0.0,0.0,0.0,2782.26,115.92750000000001,252.0,209575.7694,8732.323725,18255.19,209575.7694,0.0,0.0,CASE_18,9105.380000000001,720752.6386999999,1449.6048,718632.5719,2116.5858596833336,0.0,1484.9698320754155,108720848.02699687,5546764.989945966,28.53412122544444,55.28743834794444,522.8069987230556,0.0,8035.327821388889,29.152743169849725,55.13113829004991,520.3539016440147,0.0,7776.069517794289,0.661072024237136
4,5,27.082571747083332,2.4112419283651785,23.75666663,32.84166657,56.95639607166667,1.175005569040396,53.32999999,58.5083334,524.0212883166668,64.24359212399276,460.2166667,684.0166667,0.0,0.0,0.0,0.0,2885.14,120.21416666666666,252.0,209585.0517,8732.7104875,18255.190000000017,209585.0517,0.0,0.0,CASE_18,11990.52,930337.6904,1449.6048,928217.6236,2640.6071480000005,0.0,1542.5256830662076,109827028.80374922,5676102.19978142,27.784934397903225,56.14883588276881,523.4337288358871,0.0,8395.267261962366,28.629343081808877,55.59261702224052,521.2811246199656,0.0,8017.936429037008,1.04588691381912
5,6,26.49666653041667,2.001261747959839,23.39333293,31.1999999,56.72798605708332,0.5679601487904602,55.09999987,57.54666665,580.6347222208333,64.47955801204499,511.35,695.1666667,0.0,0.0,0.0,0.0,3124.2800000000007,130.17833333333337,252.0,209575.76939999996,8732.323724999998,18255.19000000001,209575.76939999996,0.0,0.0,CASE_18,15114.800000000001,1139913.4597999998,1449.6048,1137793.393,3221.241870220834,0.0,1503.1025294966632,121686968.64978638,5553059.274647301,27.130576116005294,56.44300739988094,552.4882016663361,0.0,8566.470544775131,28.185474727056935,55.82891838974184,533.6342325952503,0.0,8166.619975779144,2.44640894384007
6,7,26.174616827083337,1.7345383646327845,23.42999973,28.55166642,57.467248542083325,0.8220711982059513,56.01333345,58.80333347,501.18180075833334,55.84322343644258,449.55,633.0833333,0.0,0.0,0.0,0.0,2739.8499999999995,114.16041666666665,252.0,209622.18089999998,8734.2575375,18255.19000000001,209622.18089999998,0.0,0.0,CASE_18,17854.65,1349535.6406999999,1449.6048,1347415.5739,3722.423670979167,0.0,1504.1832106957945,105058822.1023511,5486780.263515047,26.64883285229659,56.95916041642388,526.6330075079725,0.0,8651.02461984908,27.8253948613649,56.1222905376306,527.8230475794566,0.0,8268.265575395548,1.57744693439833
7,8,26.63978216625,2.258164766131314,23.36999973,31.43999971,57.10040963875,0.954845104301796,55.8850001,58.98166676,510.4493761791667,30.479421430153245,475.3833333,569.6166667,0.0,0.0,0.0,0.0,3011.14,125.46416666666666,252.0,209721.19209999996,8738.383004166664,18255.19,209721.19209999996,0.0,0.0,CASE_18,20865.79,1559256.8327999997,1449.6048,1557136.7659999998,4232.873047158334,0.0,1521.1424743799419,107052051.67899616,5586926.87319027,26.644289762830066,57.030061986846405,518.5094592331209,0.0,8694.875102957514,27.636876454949135,56.27781641466245,525.0605460817341,0.0,8343.016620880615,2.30065749659884
8,9,26.220614316666666,1.6837603281239997,23.37666645,28.38666652,57.04711629,0.6599493940635404,55.47833328,58.10166651,497.2684792916666,36.2037011002953,447.5333333,574.0,0.0,0.0,0.0,0.0,3111.42,129.6425,252.00000000000009,209588.14579999997,8732.839408333331,18255.19,209588.14579999997,0.0,0.0,CASE_18,23977.21,1768844.9785999998,1449.6048,1766724.9118,4730.141526450001,0.0,1495.8104341181222,104221578.53952609,5495529.9363671,26.432037484517284,57.03860582560828,507.86818552468196,0.0,8713.894402715263,27.43212502632708,56.38903540742968,521.0425996678541,0.0,8399.37396496465,3.16863254681787
9,10,25.733349982916668,1.7287438434404463,22.98499994,28.39666665,56.66619972083333,0.5794285058793468,55.71166674,57.90333347,539.1977490416667,99.70237488998637,456.8166667,753.9166667,0.0,0.0,0.0,0.0,3596.13,149.83875,252.0,209718.09799999994,8738.254083333331,18255.19,209718.09799999994,0.0,0.0,CASE_18,27573.34,1978563.0765999998,1449.6048,1976443.0097999999,5269.339275491668,0.0,1458.211149618059,113079526.37489964,5396749.213585614,26.082352244224506,56.85222075655181,523.5482798753136,0.0,8726.086149026552,27.20469649143036,56.42614159989911,523.4731740037167,0.0,8444.742543414855,4.462479960404
10,11,27.560981697499997,3.6281390879092563,23.39166625,36.27333317,56.71654691333333,0.7334747054400598,55.12499981,57.77833341,632.1297413791666,68.30964408724098,516.2666667,744.5666667,0.0,0.0,0.0,0.0,3079.27,128.30291666666668,252.00000000000009,209269.4535,8719.5605625,18255.19,209269.4535,0.0,0.0,CASE_18,30652.61,2187832.5300999996,1449.6048,2185712.4633,5901.469016870834,0.0,1563.16371142378,132285445.51951453,5767671.577759326,26.822028140733593,56.78435069526421,577.8655327233573,0.0,8722.821761824212,27.249510352679053,56.46266903129513,537.1400909881132,0.0,8479.309391451521,6.77965436656034
11,12,26.345277723333336,1.4691729023055322,23.94833314,28.96833324,56.599722211666666,0.44521935812206154,55.53166676,57.41666654,606.6868055583333,68.56092333702529,497.8,712.15,0.0,0.0,0.0,0.0,3230.99,134.62458333333333,252.0,209693.34519999998,8737.222716666665,18255.19000000001,209693.34519999998,0.0,0.0,CASE_18,33883.6,2397525.8752999995,1449.6048,2395405.8085,6508.1558224291675,0.0,1491.135400729877,127218185.74622884,5524429.416028807,26.58359472074929,56.69201391030504,592.2796882217775,0.0,8730.023997603785,27.14141072536058,56.47905352931053,545.4542943051345,0.0,8510.142534861086,8.05996045820091
12,13,25.905766194999998,1.6668181590051838,23.43333308,28.72499997,56.686905610416666,0.7042445826836491,55.0899999,57.8483331,545.9151718416666,35.14299375862569,495.65,630.9666667,0.0,0.0,0.0,0.0,3124.28,130.17833333333334,252.0,209492.2287,8728.8428625,18255.19,209492.2287,0.0,0.0,CASE_18,37007.88,2607018.1039999994,1449.6048,2604898.0371999997,7054.0709942708345,0.0,1468.517723061488,114364986.03025423,5427056.696371669,26.24463908145383,56.68945944853691,569.0945998207355,0.0,8729.433357952326,26.999694046023222,56.50289218679168,545.5071525766306,0.0,8535.225383076287,9.93554942794984
13,14,25.713876827916664,1.6146242914154354,23.34666624,27.87499981,56.84980606833333,0.550370696670941,55.90166658,58.0183335,479.2253113041666,34.68980409637053,426.0666667,531.6,0.0,0.0,0.0,0.0,2481.42,103.3925,252.0,209572.67529999997,8732.194804166666,18255.19,209572.67529999997,0.0,0.0,CASE_18,39489.299999999996,2816590.779299999,1449.6048,2814470.7124999994,7533.2963055750015,0.0,1461.8289109320726,100432530.56148952,5388925.959161173,25.97924175611803,56.769637652124295,524.1572128020129,0.0,8730.81416533729,26.857139998589318,56.54135331270317,538.1587171911757,0.0,8557.06269230014,12.6320435233709
14,15,27.801374680416668,4.030618816735499,23.38499966,36.65000013,56.59802262416667,0.9493334086932602,54.73166669,58.02999992,552.8726106375001,104.3005692503767,437.4333333,781.0833333,0.0,0.0,0.0,0.0,3085.7,128.57083333333333,252.0,200410.7486,8350.447858333333,18255.19000000001,190352.1261,6842.598000000001,3216.0245,CASE_18,42574.99999999999,3017001.527899999,8292.202800000001,3004822.8385999994,8086.168916212501,0.0,1573.502833145157,110801613.7782977,5571694.31181139,26.890336022657806,56.68382751942805,538.515349895327,0.0,8540.62520772894,26.95895973936024,56.54746413950707,539.7453617460403,0.0,8534.782776894774,16.134863825562
15,16,31.92736098083334,4.540075828430226,26.76499993,39.4216664,57.58298611291667,1.2494875825932303,55.87666664,60.10166645,580.0916666666667,39.51712240551322,494.8166667,664.8666667,0.0,0.0,0.0,0.0,3124.28,130.17833333333334,252.0,179431.5845,7476.316020833333,15655.532000000008,146601.55209999997,22328.216400000005,10501.816,CASE_18,45699.27999999999,3196433.112399999,30620.419200000004,3151424.3906999994,8666.260582879167,0.0,1838.4727839814036,104086766.90524584,5728776.9696944,29.40888693178264,57.13341367631269,559.3038254879608,0.0,8008.462494122543,27.482689143489644,56.65662064272377,543.9983488153048,0.0,8423.20761689854,18.1650667971768
16,17,31.961585959583335,2.9315137968481073,28.11833366,37.91833305,56.68266829958333,0.9026970891170498,54.92000027,58.8499999,564.6745762666666,35.89848341970897,500.7333333,606.0833333,0.0,0.0,0.0,0.0,1134.0,47.25,252.0,91822.4238,3825.934325,15655.532000000008,74973.1371,11449.5612,5399.7255,CASE_18,46833.27999999999,3288255.536199999,42069.9804,3226397.5277999993,9230.935159145834,0.0,1811.6679752756818,51849788.25104328,2934790.2913009906,30.685246183531284,56.90803926847774,561.9892213652583,0.0,5917.182454360773,27.946122095356678,56.65931580249264,546.1377249864254,0.0,7947.526211480012,21.0512079917736
17,18,31.379802157916668,6.016516097009791,23.41333316,39.13833364,56.86494701958333,0.894076326118021,54.56166668,58.07666632,556.02877825,53.4683310415575,484.9166667,649.3666667,0.0,0.0,0.0,0.0,3250.2800000000007,135.42833333333337,252.00000000000009,179050.49260000003,7460.437191666668,15655.532000000008,146360.2123,22233.8928,10456.3875,CASE_18,50083.55999999999,3467306.028799999,64303.8732,3372757.740099999,9786.963937395834,0.0,1784.4107871949382,99557226.64543867,5618569.034065523,31.03252549548942,56.88649306183829,559.0089884389428,0.0,6688.812766549762,28.296037861652046,56.6802710468927,547.1456917798172,0.0,7897.8884687326645,21.7702589391989
18,19,26.65350596666666,2.6399994393561146,23.22999989,32.02333288,57.156475253333326,0.7392256061088472,56.02999986,58.81707326,564.0565718125,38.45995548862245,473.7333333,618.4166667,0.0,0.0,0.0,0.0,3263.14,135.96416666666667,252.00000000000009,179447.9559,7476.9981625,15655.53200000002,146601.5521,22341.4548,10504.949,CASE_18,53346.69999999999,3646753.984699999,86645.32800000001,3519359.292199999,10351.020509208334,0.0,1523.4204541983552,101218798.82371469,4782917.163286786,28.84301155491162,57.02148441506138,561.5327849394812,0.0,7082.906216198483,28.130726642689154,56.72819821231475,548.8476728496964,0.0,7855.528323529149,24.6745237425512
19,20,31.470856790833334,2.964515877863017,26.94333321,35.44666646,57.3943349975,0.8813614206044154,56.00333347,59.08833326,521.1912429416667,32.47785395072848,471.2,599.0666667,0.0,0.0,0.0,0.0,3583.27,149.30291666666668,252.0,179246.65350000001,7468.610562500001,15655.532000000036,146434.4707,22316.6328,10495.55,CASE_18,56929.96999999999,3826000.638199999,108961.9608,3665793.762899999,10872.21175215,0.0,1806.2488973114362,93421786.13079926,5641045.762534625,30.15693542592793,57.20790988406987,541.3619947042093,0.0,7275.758573267582,28.463475748223672,56.794559823869676,546.0924950853545,0.0,7816.982957574052,28.167879934808
20,21,31.5773845775,2.9529002425352946,26.99333331,35.44666646,57.77558499041667,0.868164274253016,55.75499992,59.21833344,533.9217984875,45.948091888037006,471.2,672.5333333,0.0,0.0,0.0,0.0,3583.27,149.30291666666668,252.0,179246.65350000001,7468.610562500001,15655.532000000036,146434.4707,22316.6328,10495.55,CASE_18,60513.23999999998,4005247.291699999,131278.5936,3812228.233599999,11406.1335506375,0.0,1824.4018664324237,95703695.60958575,5660140.511799387,30.867160340375595,57.49174757258763,537.6418948219728,0.0,7372.184613863311,28.77110464147157,56.891477139943866,544.8901291428282,0.0,7782.566595307063,31.5601321387888
21,22,26.7489711875,2.1768643299683776,23.71333332,32.71333335,57.47290486416667,0.8753760340774939,55.30666669,59.10000013,569.4676318166667,36.43353303115198,515.5333333,624.9666667,0.0,0.0,0.0,0.0,3130.71,130.44625,252.00000000000009,179506.0195,7479.417479166666,15655.532000000036,146675.8105,22331.526000000005,10498.683,CASE_18,63643.94999999998,4184753.311199999,153610.1196,3958904.044099999,11975.601182454167,0.0,1537.341076273523,102222867.82150139,4801601.343588313,28.808065273011277,57.48232621613092,553.5547671132441,0.0,7425.801059298145,28.57269798306044,56.94852536870645,547.3016120091195,0.0,7752.822365016242,38.1887438625551
22,23,25.114009418749998,1.542637783868098,23.24999987,27.13999987,57.65039108249999,0.7071419163263649,56.20500018,59.32166665,507.0077485416667,27.83523015996335,444.75,565.7333333,0.0,0.0,0.0,0.0,2568.84,107.03500000000001,252.0,179410.01410000003,7475.417254166668,15655.532000000008,146579.8934,22329.8712,10500.2495,CASE_18,66212.78999999998,4364163.325299999,175939.9908,4105483.937499999,12482.608930995833,0.0,1447.8324646405258,90962267.31466968,4505704.783925471,26.961037125697725,57.566358659332906,530.2812550530365,0.0,7450.609159689762,28.23523852699215,57.01700543495288,543.370195521111,0.0,7725.75633230551,45.5613247729631
23,24,24.957040899166667,1.617525961723159,23.04500017,26.8716665,57.725989877916675,1.0393155438466735,55.2583334,60.24833342,541.2826624333334,48.028208402006065,463.6833333,635.0,0.0,0.0,0.0,0.0,2607.42,108.6425,252.0,179361.33210000003,7473.3888375000015,15655.532000000008,146613.9285,22276.9176,10470.486,CASE_18,68820.20999999998,4543524.657399999,198216.90840000001,4252097.865999999,13023.891593429167,0.0,1440.6698903280476,97085179.37667732,4476328.100948716,25.959038952708454,57.64617427338217,535.7819590710525,0.0,7461.998999273768,27.916855379956264,57.085862997484895,543.1674513825677,0.0,7701.2460475918215,53.8346089623214
24,25,24.556437047083335,1.6126777813875908,22.70666676,26.7483332,57.775190734166664,0.7876095197561211,56.09500014,59.36333332,526.7224576375,32.279111385011014,463.7333333,575.3166667,0.0,0.0,0.0,0.0,3017.57,125.73208333333334,252.0,179263.8089,7469.325370833333,15655.532000000008,146573.7052,22230.5832,10459.5205,CASE_18,71837.77999999998,4722788.466299999,220447.4916,4398671.571199999,13550.614051066666,0.0,1418.7528341467962,94422273.98926716,4402080.438073227,25.257737978995497,57.71068250569691,531.2522082192792,0.0,7465.662185162722,27.59171242810339,57.152560066985515,541.5762882356562,0.0,7678.806170776692,62.4106516883743
25,26,24.142708198333334,1.365265894128219,22.59166679,25.88666627,58.82055553083333,1.1984517977008389,57.23166656,60.94999994,533.1076388916667,47.049899875215935,439.7,642.1,0.0,0.0,0.0,0.0,3354.39,139.76624999999999,252.0,178760.1665,7448.340270833333,15655.53200000002,146063.1787,22242.1668,10454.821,CASE_18,75192.16999999998,4901548.632799999,242689.65840000001,4544734.749899999,14083.721689958333,0.0,1420.087508244771,95298410.29069622,4315754.537294982,24.700223080356793,58.26561902653432,532.179923569297,0.0,7457.00122786897,27.259024786941115,57.31345331018513,540.759410439519,0.0,7656.57565103459,70.4199904684292
26,27,24.68758814958333,1.6484677013186324,22.46166652,28.23833326,58.391539030833336,0.6594047456393471,57.25,59.58500017,536.9865740708333,59.801735972177596,468.1166667,701.9333333,0.0,0.0,0.0,0.0,3218.13,134.08875,252.0,179374.7557,7473.948154166667,15655.532000000008,146632.4931,22268.6436,10473.619,CASE_18,78410.29999999999,5080923.3884999985,264958.302,4691367.242999999,14620.708264029166,0.0,1441.5462670135337,96321835.53813568,4428330.093153725,24.693905614922997,58.32857902915292,534.5832488379713,0.0,7465.474691080951,27.01161149031711,57.41718238455304,540.3964032901154,0.0,7639.00396740924,89.2230525664887
27,28,24.102361117083333,1.306948983843187,22.41499968,25.62833325,59.25333333374999,0.7550007817092066,58.02333298,61.34666653,499.6111111,42.762418237843214,437.5,570.0,0.0,0.0,0.0,0.0,3331.27,138.80291666666668,252.0000000000001,179413.02039999998,7475.5425166666655,15655.532000000008,146675.8105,22262.024400000002,10475.1855,CASE_18,81741.56999999999,5260336.408899998,287220.3264,4838043.0534999985,15120.319375129166,0.0,1428.1452374009536,89636738.46785095,4324277.406787438,24.398133364901327,58.79095618317395,517.0971799038449,0.0,7470.508603892561,26.732272838905043,57.593484821310156,536.4803056511314,0.0,7623.308824210707,92.6061738342634
0,1,29.026319356666665,1.208835516576958,27.2316666,30.61666698,59.37874996874999,1.4259167529515275,57.81000004,63.75166677,448.60763889583336,6.231227326022278,439.15,460.5,0.5878187675416666,0.016877586790330218,0.530076875,0.607354524,12674.34,528.0975,769.0,209687.15699999998,8736.964875,18255.19,209687.15699999998,0.0,0.0,CASE_19,12674.34,209687.15699999998,0.0,209687.15699999998,448.60763889583336,7450.214918204047,1723.546559592598,94067260.4085499,6086446.384073501,29.026319356666665,59.37874996874999,448.60763889583336,0.5878187675416666,8736.964875,29.026319356666665,59.37874996874999,448.60763889583336,0.5878187675416666,8736.964875,0.2245649330442
1,2,30.206647376666666,1.3365779063583592,28.66833363,32.0416659,60.4183237725,2.3523721404468096,58.09833355,65.12833303,446.1266888333333,7.713169374732836,436.1166667,459.9,0.5392529785,0.02860315875126487,0.504855948,0.583715176,11751.02,489.62583333333333,769.0000000000009,209606.71039999998,8733.612933333332,18255.19,209606.71039999998,0.0,0.0,CASE_19,24425.36,419293.8674,0.0,419293.8674,894.7343277291666,6336.77253541307,1825.0350012851845,93511147.66799939,6331515.988835889,29.81320470333333,60.07179917125,446.9536721875,0.5554415748472222,8734.730247222222,30.09944228856494,60.323902900224795,446.3520248971389,0.5436640401749924,8733.917378534665,0.193769487004244
2,3,29.788194356666665,1.109342883473739,28.29166651,31.30499945,59.26979165583333,0.8410005263667866,58.16666667,60.24499989,470.33541667500003,6.099264364682787,459.4333333,485.7666667,0.4806517777916666,0.015171327442497435,0.459763304,0.505540018,12339.98,514.1658333333334,1132.91,209544.82839999997,8731.034516666665,18255.190000000017,209544.82839999997,0.0,0.0,CASE_19,36765.34,628838.6958,0.0,628838.6958,1365.0697444041666,5931.23332491361,1765.5400733231033,98556354.17760536,6241962.074813563,29.79891307666666,59.61350916244047,460.31466903750004,0.5127045479583333,8732.618401190475,29.95037246894252,59.81904437118963,457.8386872002578,0.5134847984039882,8732.536653862735,0.666946233246813
3,4,29.56934905,0.9086588197619776,28.54000012,30.85166616,60.515051705,1.3794644134674474,58.86166674,63.46833337,477.43802965833333,10.62555223674682,459.5166667,496.1,0.45698404216666666,0.009922604953610983,0.442784875,0.471022818,10609.08,442.045,1152.1999999999998,209516.98149999997,8729.874229166666,18255.19,209516.98149999997,0.0,0.0,CASE_19,47374.42,838355.6773,0.0,838355.6773,1842.5077740625,4848.18026206954,1789.3906866439424,100031374.82732145,6195280.757875891,29.67647892911111,60.094331851805556,469.4471280352778,0.48298694486944443,8731.154842777778,29.825251110890143,60.04760088108201,464.27476494081776,0.4949309484306185,8731.662360637902,1.55389026166628
4,5,28.236196807499997,1.273060408202188,25.97666651,30.89166676,62.97314856125001,3.184007271131108,57.82499987,67.98500023,513.132803675,23.69814840860222,483.2166667,562.0666667,0.4613155139583333,0.01309854370861403,0.440497157,0.485399161,11522.14,480.08916666666664,769.0,209566.48709999997,8731.936962499998,18255.19,209566.48709999997,0.0,0.0,CASE_19,58896.56,1047922.1643999999,0.0,1047922.1643999999,2355.6405777375,5315.341935999871,1778.1222163633904,107535439.0819437,5917360.5740120085,28.933107511505373,61.58017273409946,491.9945735267473,0.4718016902056451,8731.558517473117,29.42349154974971,60.78726518932631,476.6275109471372,0.48643198009938055,8731.731788047255,1.17918059080275
5,6,29.70219862666666,1.0701881428829492,28.22999999,31.12666705,60.97748818958333,2.6950160113462465,58.19000015,66.86166611,474.37711864583326,15.230582510935081,455.3166667,517.4833333,0.4371875726666667,0.009628049760395361,0.422240296,0.451532779,11500.25,479.1770833333333,1139.34,209343.71189999997,8722.6546625,18255.19,209343.71189999997,0.0,0.0,CASE_19,70396.81,1257265.8763,0.0,1257265.8763,2830.0176963833333,5027.766382559834,1811.1654659622245,99307866.85774542,6217968.51209748,29.323756966825393,61.27404725117063,483.04602501580683,0.45421991621759256,8727.035924470898,29.48149811976057,60.82685580146342,476.15914272333214,0.47618287125367953,8729.842589809525,2.31384157166672
6,7,29.890416590416663,1.0216246857623186,28.43166641,31.36333281,59.9436805375,1.3754296077312789,58.00000006,62.65833333,483.6361111125,15.682875529823695,462.2833333,517.4833333,0.42561953941666664,0.00853746757867033,0.4121138,0.438826234,9701.22,404.2175,769.0000000000002,209739.75669999997,8739.156529166665,18255.19,209739.75669999997,0.0,0.0,CASE_19,80098.03,1467005.633,0.0,1467005.633,3313.6538074958335,4129.028788179755,1791.7415832287265,101437720.2760699,6269208.7033356335,29.609317722020993,60.60362623010827,483.3433912377625,0.43980712790846455,8733.143945734908,29.554722243650563,60.66870756511382,477.4980268749127,0.4671286075301949,8731.510416279425,3.18328716330418
7,8,30.288567426249998,1.4304537899258087,28.43728809,32.37333399,59.225622646249995,0.8871598082178926,57.89666684,60.2333334,464.465395475,20.900620746995838,430.0,496.25,0.4130368397083333,0.011814710385908532,0.396200729,0.430913697,11477.13,478.21374999999995,769.0000000000005,209312.77089999994,8721.365454166664,18255.19,209312.77089999994,0.0,0.0,CASE_19,91575.16,1676318.4038999998,0.0,1676318.4038999998,3778.1192029708336,4740.4775041217035,1793.8592648825818,97218538.91403654,6339783.974579867,29.95027443630065,59.91192247036764,473.86737767841504,0.42636949304722216,8727.231604869281,29.671407333941474,60.43924977476816,475.42577266151,0.4585277432580722,8729.897316066745,4.77216530573763
8,9,30.952708295000004,1.2889056940848327,29.353333,32.99333344,59.65840267083333,0.7720733274003815,58.43166676,60.8966664,462.4933733583334,21.479364061699908,431.4666667,504.3,0.39975937933333333,0.009930597629962661,0.384694867,0.413605297,9182.99,382.6245833333333,769.0,209312.77089999997,8721.365454166666,18255.19,209312.77089999997,0.0,0.0,CASE_19,100758.15000000001,1885631.1747999997,0.0,1885631.1747999997,4240.612576329167,3670.9863828242064,1846.5891352159533,96805769.50052099,6478797.140085865,30.452472220697977,59.78491450817433,468.16924635563436,0.41303839889701566,8724.292789644487,29.856647195390924,60.326361379502615,473.5561136758878,0.4500315008280064,8728.663850265728,6.3124913401125
9,10,30.833055415416666,1.1482871910287575,29.54999987,32.88333378,59.738888897083335,1.1476162739700426,56.48833345,61.5583334,473.29791667499995,13.582440589694512,449.1166667,497.6333333,0.3947199742083333,0.0070933163174870814,0.381353016,0.404835726,12246.13,510.25541666666663,769.0,209578.86349999998,8732.452645833333,18255.19,209578.86349999998,0.0,0.0,CASE_19,113004.28000000001,2095210.0382999997,0.0,2095210.0382999997,4713.910493004167,4833.7921177518965,1841.93247181919,99193239.47366418,6461956.7121955445,30.64294983134897,59.761879207217746,470.73608819680265,0.4038702332659254,8728.376705938417,29.987366734627713,60.24771176283499,473.5215467884977,0.44262650655827723,8729.171086481792,8.03745407499372
10,11,29.319446707083333,1.3988004492741886,27.07666636,31.88666623,59.80064786833333,1.1838757801001412,57.58166676,62.02666645,493.1088362083333,20.493024220208817,464.4166667,527.75,0.406632059625,0.014936428975118283,0.38709473,0.433465801,9221.57,384.2320833333333,769.0,209779.97999999998,8740.832499999999,18255.19,209779.97999999998,0.0,0.0,CASE_19,122225.85,2304990.0182999996,0.0,2304990.0182999996,5207.0193292125,3749.786002076111,1753.3219082246555,103444361.79760742,6150632.943823007,29.980874990485262,59.781273007404536,481.9279269675928,0.4052518210488723,8734.607645420127,29.903355176107528,60.19147967967187,475.9852529860738,0.43809909390372,8730.637869156082,10.3305428624743
11,12,27.676635987083333,3.014633999749201,22.65333325,32.39499995,59.371458363333325,0.8856465346774308,57.88666662,60.68000031,471.9475282458334,24.459279667339768,407.6166667,515.0833333,0.41972093358333334,0.02687585672698129,0.383696796,0.461243586,9964.85,415.20208333333335,769.0000000000002,209696.43929999997,8737.351637499998,18255.19,209696.43929999997,0.0,0.0,CASE_19,132190.7,2514686.4575999994,0.0,2514686.4575999994,5678.966857458334,4182.45614501788,1643.2022411442508,98965716.20958742,5803692.0182936145,28.828474140920633,59.57631564695085,476.9365089988105,0.41248814399651,8735.979976501832,29.637154304048114,60.09344738597601,475.5025491712929,0.435902012956895,8731.440489889206,12.5808322017001
12,13,24.262702360000002,1.2176444250736669,22.72333317,26.08333317,56.728187399999996,2.834172579514086,50.18666668,59.42833309,361.3810852166667,13.959077034804906,343.0833333,397.3333333,0.45629663575,0.005809866045490372,0.443468943,0.464506941,13060.14,544.1725,769.0,209535.54609999998,8730.647754166666,18255.19,209535.54609999998,0.0,0.0,CASE_19,145250.84000000003,2724222.0036999993,0.0,2724222.0036999993,6040.347942675001,5959.2979444240045,1376.3791263085022,75722183.04108489,5083898.588864359,26.545309543844464,58.15207766630005,419.15174330333247,0.4343950640578328,8733.313539841494,29.020755765427598,59.70748406189588,462.41390230288664,0.4382410822827094,8731.349570639026,15.1800147039977
13,14,25.43999049958333,1.8505439619430617,23.05666663,28.61500038,59.97555432875,0.7039676864228291,59.32999999,62.33666662,414.62321092083334,55.2006651733228,367.5666667,572.3333333,0.4471070129166666,0.016028052102342448,0.417238729,0.462275299,12622.9,525.9541666666667,769.0000000000005,209628.36909999998,8734.515379166665,18255.19,209628.36909999998,0.0,0.0,CASE_19,157873.74000000002,2933850.372799999,0.0,2933850.372799999,6454.971153595834,5643.787113345791,1525.777532330644,86916787.49633959,5332943.718347147,25.99261628799467,59.06387164901323,416.88733890380655,0.4407514264488214,8733.914496183545,28.623768873069356,59.73720407263972,457.11551588354115,0.43922401693185026,8731.700552732484,18.6000063725004
14,15,29.550172315,2.1927466531829674,23.01999998,31.80666625,60.068716495,0.7384445259669831,57.66333319,60.61833324,394.8166382541667,18.90532664006237,368.0166667,430.9,0.4039497330833333,0.015936957422969678,0.387049872,0.451240446,11641.71,485.07124999999996,769.0,209662.40419999996,8735.933508333332,18255.19,209662.40419999996,0.0,0.0,CASE_19,169515.45,3143512.776999999,0.0,3143512.776999999,6849.787791850001,4702.665647133572,1775.0409231681328,82778205.59453027,6195560.172087179,27.771448587150996,59.56630940519009,405.8516517965432,0.4223500181996635,8734.924033067058,28.723665816193833,59.77295208058383,450.39763558045144,0.43542028200613764,8732.15700540285,22.5705078495731
15,16,24.88798602416667,1.420417514182294,22.75666656,27.20666672,59.87263893583333,0.4356731557501502,58.58166656,60.31666654,380.2243055541667,12.284438539459538,363.1,411.0166667,0.4548229400833334,0.008406873903023016,0.434116229,0.464518159,10759.57,448.31541666666664,769.0000000000002,209526.26379999996,8730.260991666664,18255.19000000001,209526.26379999996,0.0,0.0,CASE_19,180275.02000000002,3353039.0407999987,0.0,3353039.0407999987,7230.012097404167,4893.699261432432,1490.109401064997,79666978.14871411,5214686.725150257,26.32969530624964,59.71947650765622,393.03778315123617,0.43858672689401146,8732.592476790138,28.319338912170686,59.783460277237424,443.0005203849916,0.43746555614150184,8731.957142691284,26.4670895918878
16,17,26.957036660833335,1.2033808928127112,25.24666653,29.68166644,60.22469059708334,0.4667388763071551,58.68833345,60.99166654,402.57885802500005,34.250200957754636,357.4333333,486.3,0.44034898370833336,0.016275629525270636,0.410319515,0.463845298,37294.82,1553.9508333333333,2058.2699999999995,105211.7764,4383.8240166666665,9282.300000000005,105211.7764,0.0,0.0,CASE_19,217569.84000000003,3458250.8171999985,0.0,3458250.8171999985,7632.5909554291675,16422.736084585224,1623.47919231292,42356036.79389365,2836197.7135661994,26.6433683766771,59.97208547962329,397.80835698470804,0.4394678620237,6558.191657366681,28.17838104249978,59.829114526034736,438.81807745852086,0.43776390535642234,8282.054353579504,31.2796814023442
17,18,26.891653629583335,1.5039926162388806,24.91666635,30.0649998,60.28882411458333,0.39584047872481704,59.33666649,61.03833332,390.5889124291666,13.181420094801867,369.8833333,427.4333333,0.428852563375,0.01528166320739242,0.39165894,0.454728087,39053.34,1627.2224999999999,1912.98,105143.70620000002,4380.987758333334,9282.300000000005,105143.70620000002,0.0,0.0,CASE_19,256623.18000000002,3563394.5233999984,0.0,3563394.5233999984,8023.179867858335,16748.12496735542,1621.266175824246,41067965.85342983,2827488.128461074,26.767511476698562,60.13045540123662,394.19862093688704,0.4341601924521974,5469.585555147285,28.04725461240127,59.875962115215884,433.90319169993035,0.43685577792423963,7884.508664355588,35.489399942993
18,19,30.34075908625,1.2940551932686117,28.07166672,31.96999931,60.88109817666666,0.4323761795003475,60.26999976,61.79833374,393.22476459166666,11.799800604225679,372.5666667,416.55,0.3371042270833334,0.02756064782900095,0.307652724,0.385614439,42855.23000000001,1785.6345833333337,2091.650000000001,105193.21180000002,4383.050491666668,9282.300000000005,105193.21180000002,0.0,0.0,CASE_19,299478.41000000003,3668587.7351999986,0.0,3668587.7351999986,8416.404632450001,14446.679185628485,1847.1787326845772,41364575.94669634,3191641.896732671,28.554138689195252,60.505777504821744,393.71169183553326,0.38563211720780743,4926.316987204416,28.27808241028227,59.97712317519242,429.8091461649302,0.4268163683314683,7532.10739869862,41.9786908570248
19,20,31.644688645833337,0.7570543336731997,30.50166664,32.59666608,61.00012930333333,0.4896879342068072,60.41666692,61.97833328,419.51867815833333,47.951345460705994,349.9333333,524.7333333,0.29861731225,0.005159882922860257,0.292692863,0.308191783,39606.18,1650.2575,1916.8100000000013,105156.0826,4381.503441666667,9282.300000000005,105156.0826,0.0,0.0,CASE_19,339084.59,3773743.8177999984,0.0,3773743.8177999984,8835.923310608334,11827.091020089705,1930.3300991595577,44114940.772660516,3327631.4930925323,30.099415141204762,60.752953639803074,406.615197302675,0.3421246732369718,4653.909954647951,28.613469105974044,60.07903668125276,428.78399328978577,0.41404497340089064,7218.239195335832,49.4982506935226
20,21,30.318735539166667,2.25964532496678,25.68666655,32.93333302,61.60738988875,0.9414153181988162,60.43666662,63.76499996,406.1503112958333,23.915151603243544,379.75,464.7,0.31977483591666667,0.02349444664667212,0.300453155,0.370923729,39864.75,1661.03125,2085.220000000001,105196.3059,4383.179412500001,9282.300000000005,105196.3059,0.0,0.0,CASE_19,378949.34,3878940.1236999985,0.0,3878940.1236999985,9242.073621904166,12747.743890108937,1867.8581612953417,42725512.38845671,3189418.9782793783,30.209075392475796,61.180171967990105,406.38275418841664,0.33094974924820025,4518.544619026753,28.781935575063876,60.23002556098291,426.5479693970944,0.40473184971918713,6938.158322355328,58.0691084970329
21,22,30.537734099999998,3.144512292929703,23.77833316,33.31666686,62.04226033166666,1.706653409398362,59.45833327,64.72499898,385.11559801666664,11.352113405670615,368.9166667,405.1034483,0.33383324095833333,0.029822810256209958,0.315110227,0.406461796,40405.81999999999,1683.575833333333,2442.7000000000007,105199.4,4383.308333333333,9282.300000000005,105199.4,0.0,0.0,CASE_19,419355.16000000003,3984139.5236999984,0.0,3984139.5236999984,9627.189219920832,13488.805844179042,1894.6300489714142,40513929.84199452,3212551.3046795395,30.373404785417076,61.611216252597345,395.7491735672985,0.33239149544700586,4450.9264600586175,28.954210118809527,60.407837487491335,422.48272912351393,0.3977754562019288,6687.4828547851785,67.2098620329572
22,23,26.59167136625,2.2322646574811906,23.55666685,29.23833345,60.68462395583333,1.5150808211303555,56.9983331,62.9983331,385.9094742375,53.19366156425907,343.3666667,509.3,0.3898088907083334,0.023238143892848114,0.329554227,0.412753018,40287.48,1678.6450000000002,2020.920000000002,105217.9646,4384.081858333334,9282.300000000005,105217.9646,0.0,0.0,CASE_19,459642.64,4089357.4882999985,0.0,4089357.4882999985,10013.098694158332,15704.41788823417,1613.705577217982,40604609.39912589,2797921.5364689264,28.48253785042463,61.14792004898613,390.8293233159074,0.3611001965000135,4417.504155211726,28.723700482698955,60.43484316010886,418.9143272651229,0.3969981694331974,6462.743207685797,75.503257173078
23,24,26.773409752083335,2.967946014594973,22.5899999,31.63666677,61.37602751583333,1.7282227712236766,58.48833338,65.68499947,400.8525188333333,15.023105565472827,377.7333333,438.6666667,0.317791358,0.018453370565097355,0.279078722,0.338290159,27618.29,1150.7620833333333,1916.8099999999995,123197.7797,5133.240820833334,18255.19,123197.7797,0.0,0.0,CASE_19,487260.93,4212555.267999998,0.0,4212555.267999998,10413.951212991666,8776.85388473782,1643.2455336365472,49384140.3074191,3298424.6364549943,27.627973750317995,61.26197378920786,395.8409213733349,0.33944577595930275,4775.372509353146,28.534285514187676,60.526252303527485,417.16013912196115,0.3893054929219563,6333.620072971497,85.4189580960667
24,25,24.476461799583333,1.499563835433032,22.65499983,26.81333335,63.332002143333334,3.3578020306363343,59.61499996,68.92000046,394.03604048333335,21.352404453833543,360.5666667,434.8333333,0.32933311141666666,0.00923565906173894,0.314000013,0.338548089,2752.71,114.69625,252.0,209578.86349999998,8732.452645833333,18255.19,209578.86349999998,0.0,0.0,CASE_19,490013.64,4422134.131499998,0.0,4422134.131499998,10807.987253475,906.5585491277725,1550.1433311524281,82581625.54253699,5129749.046457839,26.052217727989476,62.296987997116425,394.9384809014393,0.3343894435372943,6753.91263655833,28.141663926643517,60.79772736844754,414.9227278994505,0.3835027638505416,6565.723170407677,98.1669005614608
25,26,23.912966877499997,0.5440295768882011,23.2166666,25.55999982,63.99820885,3.3745196104347523,59.45333341,68.64666659,406.5455516625,51.946297021775074,340.8166667,534.55,0.33042205954166665,0.002655309823662846,0.322085509,0.333636223,2636.97,109.87374999999999,252.0,209495.32279999997,8728.971783333332,18255.19,209495.32279999997,0.0,0.0,CASE_19,492650.61,4631629.4542999985,0.0,4631629.4542999985,11214.5328051375,871.3130583495886,1530.387048449377,85169391.57843949,5009654.7151075695,24.982592286806078,63.147598436233295,400.742016368449,0.3324057515099211,7741.442224661168,27.733767863679507,61.10644274359575,414.1146735115156,0.37838265000570326,6774.388057527801,110.167874964711
26,27,24.50526356125,1.1376977333807174,23.43999987,27.04666659,63.896950305833336,3.1995115009576054,60.04166667,68.38166682,376.83647597500004,22.269730426172835,341.85,418.9,0.32330682025,0.010410666939941365,0.296483295,0.32950937,3024.0,126.0,252.0,209557.2048,8731.5502,18255.190000000017,209557.2048,0.0,0.0,CASE_19,495674.61,4841186.659099999,0.0,4841186.659099999,11591.3692811125,977.679824436,1565.8116080045397,78968798.57200336,5135254.534782844,24.743927922249853,63.52227437382487,388.7892460826695,0.3278562858460644,8236.496216019024,27.423134157593083,61.37493416399366,410.52791519489335,0.3730834750596068,6962.698331505347,117.096789951796
27,28,26.630537182499996,1.9121647578367804,23.8266669,29.60833327,62.963033710833336,2.9149753070420026,60.09166673,69.67833316,350.45712718749996,23.57491579665662,314.8833333,391.6666667,0.30342555337500005,0.021771988752829725,0.273651013,0.336170654,2765.57,115.23208333333334,252.00000000000023,209461.2877,8727.553654166666,18255.19,209461.2877,0.0,0.0,CASE_19,498440.18,5050647.946799999,0.0,5050647.946799999,11941.8264083,839.1446076472989,1676.7394103593479,73407201.14433642,5578066.610389179,25.68723255588901,63.242654041287444,369.6231865636856,0.3156409195650265,8482.02493600751,27.34703105826111,61.52741935048835,404.76007442545364,0.3663951026587409,7132.155147702861,129.006207939714
0,1,25.130972234166666,2.261154883258233,22.10166705,27.45333331,58.26003485583333,7.795524107097295,43.89333324,68.45833333,660.4812499958333,183.14442083234232,514.6166667,1125.333333,2.3943084991666668,0.008824422016666233,2.382262854,2.408703612,5760.3,240.01250000000002,1034.0000000000002,255263.24999999997,10635.968749999998,18255.190000000017,255263.24999999997,0.0,0.0,CASE_20,5760.3,255263.24999999997,0.0,255263.24999999997,660.4812499958333,13791.93524774975,1464.1313183235297,168596590.4379989,6415013.648153144,25.130972234166666,58.26003485583333,660.4812499958333,2.3943084991666668,10635.968749999998,25.130972234166666,58.26003485583333,660.4812499958333,2.3943084991666668,10635.968749999998,2.04958939536378
1,2,25.462430622916667,2.145401633024317,22.54166683,27.58000031,61.33015997458333,4.867860879821396,54.93666681,69.16166763,612.3194444541667,37.339110008934504,551.3166667,698.4166667,2.3866592905416666,0.005154947781516911,2.380433587,2.401227049,5760.3,240.01250000000002,1034.0000000000002,255829.47029999993,10659.561262499998,18255.19,255829.47029999993,0.0,0.0,CASE_20,11520.6,511092.7202999999,0.0,511092.7202999999,1272.80069445,13747.873511307162,1561.6149434452086,156649359.1290997,6514040.138811268,25.351944493333335,60.306784934999996,628.3733796347223,2.38920902675,10651.697091666663,25.43232541049614,61.05131118995572,616.6938137131737,2.3873540415521117,10657.418436659853,2.27077539618138
2,3,25.27402766333333,2.0609966018191557,22.57666696,27.45500002,64.20238208833332,4.289175895128143,58.18833335,70.10833422,590.4668055625001,31.816705819058978,562.5666667,718.4666667,2.4087130935833336,0.00951762932855743,2.394085011,2.430500785,4978.3,207.42916666666667,442.3,255922.2932999999,10663.428887499997,18255.19,255922.2932999999,0.0,0.0,CASE_20,16498.9,767015.0135999998,0.0,767015.0135999998,1863.2675000125,11991.29639378591,1622.6527809524327,151113618.99708018,6468187.1205279045,25.30742059047619,62.53284045119047,606.712480164881,2.400354207797619,10658.400974999997,25.3565099135954,62.5604925283626,604.132588485388,2.397583796378694,10660.297096180979,2.77304056534481
3,4,25.70172109416667,2.3253197051406995,22.33833272,28.58833367,63.906054225416675,4.20726438436978,59.0699995,69.7899999,543.3012896791666,24.793462692449218,509.25,580.4166667,2.4141257004166667,0.011953326513276914,2.396012962,2.432385667,4978.3,207.42916666666667,442.3,253883.28139999995,10578.47005833333,18255.19,253883.28139999995,0.0,0.0,CASE_20,21477.2,1020898.2949999998,0.0,1020898.2949999998,2406.5687896916666,12018.241974384293,1642.4955819303507,137935114.21259874,6525237.289014631,25.517714192444444,63.26522113077778,572.8931785725,2.4076990038611115,10615.771152777776,25.469871165373092,63.0023512134427,584.156664853585,2.4030158653673865,10633.426542845134,3.04870297567582
4,5,26.222013824166666,1.979880704073912,23.40166629,28.61000042,64.2840274675,4.008937565639479,60.36166604,69.47166735,518.2597222208334,12.42274917259572,502.15,537.2833333,2.418292172125,0.0087213469616135,2.406567311,2.431544681,4978.3,207.42916666666667,442.3,255263.25,10635.96875,18255.19,255263.25,0.0,0.0,CASE_20,26455.5,1276161.545,0.0,1276161.545,2924.8285119125,12038.983920489889,1685.6566569258946,132292661.03818715,6693516.470301712,25.88122367978495,63.7910566594086,544.6952656168011,2.4131664455456994,10626.195719086021,25.660034902299653,63.32639658323001,567.4959839088568,2.406878164022437,10634.069287418864,3.60781141342875
5,6,26.114791634583337,1.6770392020296019,23.89333293,28.10666707,64.39729866208334,4.479279404840602,57.8983331,70.45333303,546.4229166625,13.925071326233846,523.8833333,583.2833333,2.438948966375,0.005902903997932786,2.429452739,2.450382912,5104.3,212.67916666666667,442.3,255495.30749999997,10645.6378125,18255.19,255495.30749999997,0.0,0.0,CASE_20,31559.8,1531656.8524999998,0.0,1531656.8524999998,3471.251428575,12449.127209067912,1681.7220363903389,139608491.1177323,6672206.7189762965,25.999861371111113,64.09898910521164,545.5728026558862,2.426262329141535,10636.071068121693,25.754682223497685,63.54928061293942,563.1101019137126,2.413552975665353,10636.47701408108,4.33838425613628
6,7,25.964860989166667,1.7516815887642059,23.61000042,27.80166591,62.63826369625,4.169804739971469,57.71166649,68.39666608,544.0763888958334,43.2038007651196,497.1166667,686.8666667,2.4566091095,0.007574139747504371,2.448196359,2.477946329,5104.3,212.67916666666667,442.3,255337.50839999996,10639.062849999998,18255.190000000017,255337.50839999996,0.0,0.0,CASE_20,36664.1,1786994.3608999997,0.0,1786994.3608999997,4015.327817470833,12539.26987762085,1626.3938094758962,138923109.5199315,6629802.910926175,25.98222338335958,63.362875513293965,544.8187043831036,2.44155519483399,10637.578737729658,25.79231846905954,63.38614683356644,559.70177712498,2.4212629420874467,10636.940053985789,5.35197104176559
7,8,25.360902704583335,1.8388085450758531,22.61333377,27.44499995,64.83286805875001,3.645978077682116,59.85499989,71.86833318,618.8309027875,140.26674809876485,502.9166667,998.2833333,2.4969518007500002,0.017773977394246552,2.477185241,2.532879866,4978.3,207.42916666666667,442.3,256191.47999999998,10674.644999999999,18255.19,256191.47999999998,0.0,0.0,CASE_20,41642.4,2043185.8408999997,0.0,2043185.8408999997,4634.158720258333,12430.575149673727,1644.2200588970477,158539204.85486573,6497247.198023207,25.67034476813072,64.10075412434641,581.9699255429575,2.4693621185879087,10656.184547810457,25.72372118365867,63.616182814981975,569.1036067347544,2.4332978528785376,10642.935330829465,6.67567980770276
8,9,25.165624920416665,2.272836071456412,22.22833344,27.46833315,69.72575684541667,3.5868885210097177,65.6718336,75.47299984,555.9368055541667,42.09878922923523,504.5,665.5833333,2.5132145263333334,0.008234251630079849,2.503966544,2.53151338,4978.3,207.42916666666667,442.3,255315.84969999996,10638.160404166665,18564.60000000001,255315.84969999996,0.0,0.0,CASE_20,46620.700000000004,2298501.6906,0.0,2298501.6906,5190.0955258125,12511.535876445234,1754.6922440639305,141939477.8895657,6425182.909787674,25.417490989236793,66.91875940143835,568.9278928284165,2.4913312308830724,10647.154839840181,25.643036256681796,64.4994543345615,567.2000598706285,2.4448515424239177,10642.24501155216,7.95687974233342
9,10,24.950083942083335,2.265270749876912,22.13666649,27.51499983,72.11633636875,3.5654102762614888,67.29931318,77.44833298,590.1572734,29.302632466740132,540.4166667,651.8245614,2.534324267208333,0.010197552787840236,2.517009825,2.553724768,5104.3,212.67916666666667,442.3,254335.02,10597.2925,18255.190000000017,254335.02,0.0,0.0,CASE_20,51725.00000000001,2552836.7106,0.0,2552836.7106,5780.2527992125,12935.951357111495,1799.3086459958297,150097661.93333447,6345680.098411444,25.183559016467907,69.52008824529325,579.5529591555432,2.5128487622599383,10622.19929927501,25.550265215410768,65.51918695203562,570.2735247526026,2.456829968166555,10636.226861072559,10.3768816358404
10,11,25.242846994999997,2.2513064892207746,22.27999954,27.54833326,74.73008785916666,3.104326096386625,71.2346651,79.64333305,546.8548611083334,42.198959280338336,493.5,613.15,2.5298226052916664,0.010293936401715323,2.517895782,2.544973528,5104.3,212.67916666666667,442.3,255445.80189999996,10643.575079166665,18255.19,255445.80189999996,0.0,0.0,CASE_20,56829.30000000001,2808282.5124999997,0.0,2808282.5124999997,6327.107660320833,12912.973524190253,1886.4001737518508,139691778.51873133,6448179.292876778,25.213217487409214,72.12636064617571,563.1959232980236,2.521339829804877,10632.892410466537,25.511597885866596,66.6777420314933,567.3279049926317,2.466011045170525,10637.151126297396,13.163844829417
11,12,25.4613192425,2.051853549533822,22.7633331,27.52166662,76.08017839374999,3.0196963695985226,72.74466662,80.11666667,537.0354166666667,39.46695795552991,489.6666667,597.8833333,2.53695094525,0.010874567060737193,2.523643893,2.552752614,4978.3,207.42916666666667,442.3,255996.55169999995,10666.522987499999,18255.19000000001,255996.55169999995,0.0,0.0,CASE_20,61807.60000000001,3064279.0642,0.0,3064279.0642,6864.1430769875,12629.702890738075,1937.1017101096193,137479214.80743936,6518009.927812855,25.3372986582092,74.10375228159258,550.1124757812912,2.5291472936465405,10649.71180528083,25.505587150980883,67.80178891241712,563.70648436224,2.4744918016835364,10640.662487363794,15.484402221415
12,13,25.40199968125,1.9045127005740279,22.90499964,27.43666674,76.35932160208334,2.8408960241499,72.59366695,80.38500023,561.3924552791667,39.044743558835414,510.1666667,650.4833333,2.5338938814583334,0.010253491336211005,2.519888909,2.5511127,5104.3,212.67916666666667,442.3,255263.24999999997,10635.968749999998,18255.190000000017,255263.24999999997,0.0,0.0,CASE_20,66911.90000000001,3319542.3142,0.0,3319542.3142,7425.535532266666,12933.75453912777,1939.6794629965873,143302862.66003972,6484196.995134839,25.369653119248767,75.23167462767123,555.7531540895927,2.5315208772965345,10642.83943872848,25.49370665309454,68.7832565483775,563.4410872278007,2.48130465544898,10640.124160315412,18.4002303746619
13,14,25.11514988125,2.139763794995124,22.0385964,27.37833322,75.84265849166667,2.887636161570366,72.18000005,80.0700002,603.80881945,90.60761355464757,501.7166667,832.2833333,2.5413594905833334,0.016249451766018785,2.521720147,2.577928408,4978.3,207.42916666666667,442.3,255885.16409999994,10661.881837499997,18255.19,255885.16409999994,0.0,0.0,CASE_20,71890.20000000001,3575427.4782999996,0.0,3575427.4782999996,8029.344351716666,12651.649951971009,1904.7997354106665,154505718.8499905,6426594.24875975,25.24239373295286,75.53718520655487,579.7824534018345,2.536440484208911,10652.361219277604,25.451737390861904,69.56590769451827,567.9165161868845,2.487962724493183,10642.536357711548,21.7945149522804
14,15,25.553446621666666,2.1250215602956684,22.33166602,27.78333279,76.79079323875,2.334516597417804,72.97000008,80.55000013,538.96551535,48.44894090474213,466.1,627.4166667,2.553627963083333,0.012623920088196247,2.535848641,2.574786576,4978.3,207.42916666666667,442.3,255247.7795,10635.324145833334,18255.19000000001,255247.7795,0.0,0.0,CASE_20,76868.50000000001,3830675.2578,0.0,3830675.2578,8568.309867066666,12712.726088617757,1962.2694360618395,137569751.02016068,6522460.508752193,25.397924923745027,76.16400835177674,559.3733615398619,2.54503448591424,10643.842422582426,25.462705011215043,70.3449894073289,564.7946403894763,2.4950436098912605,10641.75864263927,25.2368473177828
15,16,25.778124891666664,1.6530033577302499,23.59000034,27.50333354,78.299861135,1.9760800615604306,75.85499992,82.50166715,551.4090277833333,49.31101714355993,474.95,654.6166667,2.530711924333333,0.02118920659305181,2.511585879,2.564400212,4978.3,207.42916666666667,442.3,254953.83999999997,10623.076666666666,18255.19,254953.83999999997,0.0,0.0,CASE_20,81846.80000000002,4085629.0977999996,0.0,4085629.0977999996,9119.718894849999,12598.643172908633,2018.4235993381867,140583849.04402748,6572231.929129999,25.588027808445663,77.23195103890058,555.391133897626,2.5378730958496463,10633.459386191984,25.495954070220293,71.18352881414697,563.383635405498,2.4988034803528314,10639.789337088338,29.7588064265877
16,17,25.7376388725,1.7728578609265888,23.36833283,27.51833324,80.50818747708333,1.806192322095813,78.56499964,83.57833354,513.1901388875,111.3246470457803,368.2833333,663.8333333,2.4944288482083334,0.013560836987266928,2.477361847,2.514655622,5104.3,212.67916666666667,442.3,255566.47179999997,10648.602991666665,18564.599999999977,255566.47179999997,0.0,0.0,CASE_20,86951.10000000002,4341195.5696,0.0,4341195.5696,9632.909033737498,12732.313169909798,2072.0906555646975,131154193.15803033,6577677.559107354,25.662833911198106,78.87008175593749,534.2904754073146,2.5161508063010722,10641.031246698036,25.520961277561938,72.14835436533839,558.1900975297692,2.4983508357014137,10640.701288875951,36.0133368786043
17,18,26.068179497916663,1.9315007281697893,23.2933327,28.41607111,81.47206544000001,1.9223661330237136,79.50833321,84.30333354,493.82292486666665,121.72470404858062,369.9666667,667.6833333,2.4651597082500003,0.035032741945501836,2.423450232,2.512531944,5104.3,212.67916666666667,442.3,254338.11409999998,10597.421420833332,18255.19,254338.11409999998,0.0,0.0,CASE_20,92055.40000000002,4595533.6837,0.0,4595533.6837,10126.731958604165,12582.914698820477,2123.8284259559327,125597991.40993398,6630131.611520409,25.865507477695687,80.1710785608777,514.056622950969,2.490655160017364,10619.226250586225,25.576726602058553,73.09850506253947,551.6306370860715,2.494968430065255,10636.290770739324,40.2650292299641
18,19,26.683265947916667,1.6954235528591375,24.28333276,28.42727245,82.17712763,1.80903572633441,80.42666626,84.70499992,470.1388186583333,119.74041813710085,356.925,649.4333333,2.4192473843333335,0.03294014787893102,2.365008531,2.458687615,4978.3,207.42916666666667,442.3,250900.56899999996,10454.190374999998,18255.19,250900.56899999996,0.0,0.0,CASE_20,97033.70000000003,4846434.2527,0.0,4846434.2527,10596.870777262498,12043.739253426635,2192.754151387181,117958097.11036363,6694846.609110615,26.274387492682912,81.17410500855998,492.0976789212893,2.4549512040754573,10536.708155402337,25.68809330894118,74.01221527280256,543.4289626583661,2.4873475501241686,10617.963432022068,44.5767965628792
19,20,26.605442444166666,1.4254658704508836,24.75333344,28.57833363,82.25495766124999,1.9759170223577345,79.59166705,84.81500028,554.6127612958334,128.14434388466924,357.75,791.1016949,2.38849583475,0.01705350774868136,2.351503325,2.412622591,4978.3,207.42916666666667,442.3,254644.42999999996,10610.184583333332,18255.19,254644.42999999996,0.0,0.0,CASE_20,102012.00000000003,5101078.6827,0.0,5101078.6827,11151.483538558332,11890.648814135926,2188.4295418037527,141229050.47090352,6774927.726092626,26.439915126284244,81.71453185029618,523.3552499181039,2.421723487724309,10573.446404404158,25.779481096443636,74.83337044797777,544.5431105592086,2.4774997841951722,10617.18849067893,48.0839325351707
20,21,26.864444314166665,1.5520845790989481,24.62666693,28.36166614,82.74694437916666,1.6594827871592053,80.75166626,84.87000033,457.7119444541666,91.59497670734648,358.65,607.6166667,2.3817322485,0.01901554769542974,2.353711009,2.408754055,4978.3,207.42916666666667,442.3,255588.1305,10649.5054375,18564.60000000001,255588.1305,0.0,0.0,CASE_20,106990.30000000003,5356666.8132,0.0,5356666.8132,11609.195483012498,11856.97765270755,2222.9506794415693,116985740.19056028,6866233.099179213,26.65217982144115,82.23073836087788,490.53358153554416,2.4017278585774955,10611.475939085974,25.886666647524905,75.61516725821156,535.9648968115291,2.4680387297359023,10620.381142464443,51.1855746791396
21,22,26.443819422083333,1.162263469327231,24.57166665,28.18666703,82.77345134541666,1.7428002482856255,80.48000031,84.92166697,462.6319997625,67.66132397320743,374.3583333,558.3833333,2.2978832539583336,0.03362544019833059,2.239840972,2.38814977,5104.3,212.67916666666667,442.3,255844.94079999995,10660.205866666665,18255.19,255844.94079999995,0.0,0.0,CASE_20,112094.60000000003,5612511.754,0.0,5612511.754,12071.827482774997,11729.085493179522,2188.8462003207987,118362056.59142241,6765517.4145688,26.547999596923738,82.5020949178437,476.5827873228936,2.3498055438886696,10635.840908685383,25.94133307916299,76.317520123652,528.7696570381457,2.451343501588088,10624.28864443252,54.8521617696516
22,23,26.09936294875,1.2939809084192984,24.38999964,27.46166665,82.99022911333333,1.576426635787897,80.66000023,84.92166646,484.429237475,77.4932961521516,371.0833333,573.1,2.3038921705833335,0.020570806964239925,2.271872216,2.334210959,5104.3,212.67916666666667,442.3,254644.42999999996,10610.184583333332,18255.19,254644.42999999996,0.0,0.0,CASE_20,117198.90000000004,5867156.183999999,0.0,5867156.183999999,12556.256720249998,11759.75680630851,2165.9921108288054,123357207.05215599,6646057.401447562,26.323681246096037,82.74616204468359,480.50601286663175,2.326848854499351,10623.01274448012,25.956751834810337,76.96856710411605,524.4434236726961,2.436956879308516,10622.912530712423,57.7885025101349
23,24,25.593854717916667,1.767898641026827,22.33999993,27.52857154,82.78401348708333,1.5998063800316007,80.53166669,84.94500046,540.0260320166667,110.19934087270754,367.8214286,796.5571429,1.7592611120000001,0.4246066212132515,1.123730155,2.301348935,4978.3,207.42916666666667,316.29999999999995,248774.92229999998,10365.621762499999,18255.19,248774.92229999998,0.0,0.0,CASE_20,122177.20000000004,6115931.106299999,0.0,6115931.106299999,13096.282752266665,8758.1295938696,2118.7620141544644,134344934.15492356,6367109.2188072065,25.958767960255823,82.76508776701152,510.26602421548415,2.0430549663342417,10494.317245819211,25.92150675832497,77.53337140545274,525.9568284294654,2.371138116797939,10597.924090786948,60.3371085461912
24,25,26.451492302083334,1.8641226220881055,23.48333324,29.08500032,83.14265540541668,1.27537287957068,81.18245577,84.94499995,558.4832982833333,117.60574231021752,370.2166667,792.7777778,0.7156881167083333,0.2654014460243699,0.30615872,1.10934335,4978.3,207.42916666666667,442.3,252688.9588,10528.706616666666,18255.19,252688.9588,0.0,0.0,CASE_20,127155.50000000004,6368620.065099999,0.0,6368620.065099999,13654.766050549999,3562.9101514090958,2199.2473094311467,141122563.15040532,6684000.048519652,26.20513013851174,82.9538715918403,534.3746619679021,1.3793715217419795,10511.511931755378,25.972786404805657,78.07610715346604,529.1039819603767,2.2109622558319013,10591.226837163758,61.6876436108092
25,26,27.923219869583335,1.7748650247548592,25.37192937,30.30666618,83.49372437083333,0.9531808861490032,82.44166679,84.83859641,473.26173245416675,109.90980677586273,359.3833333,627.2807018,0.15438179637500002,0.10996356453728628,0.0,0.313355879,4978.3,207.42916666666667,442.3,255792.3410999999,10658.014212499997,18255.19,255792.3410999999,0.0,0.0,CASE_20,132133.80000000005,6624412.406199999,0.0,6624412.406199999,14128.027783004165,768.5588968936627,2331.413623337168,121056726.49749312,7142545.781490755,27.064175016848306,83.22379798535903,503.81819675570756,0.766876649931605,10584.763073219214,26.160923346778645,78.59868531594229,523.7174921135218,2.0125864765239245,10597.669083354194,63.3786276235191
26,27,26.883958200833334,2.32040739339859,22.30166667,29.8699995,83.1331901325,1.22801509186879,80.93666674,84.67333374,489.6695138875,83.30901249762893,375.9333333,605.2,0.0,0.0,0.0,0.0,5104.3,212.67916666666667,442.3,255263.24999999997,10635.968749999998,18564.60000000001,255263.24999999997,0.0,0.0,CASE_20,137238.10000000003,6879675.656199999,0.0,6879675.656199999,14617.697296891665,0.0,2234.9492086240602,124994631.54084337,6862486.543208868,26.97406660816946,83.17849405859198,496.74385526889586,0.3834383221089643,10610.365911800362,26.23049085399109,79.03497714165678,520.441532514168,1.818943495917831,10601.354123322426,62.139249975487
27,28,25.633886015416664,2.280216497042233,22.10166661,28.52586217,82.57159599458333,1.3740036087812257,80.36660719,84.93333359,539.6450759083333,62.22936276893707,452.5272727,647.1333333,0.0,0.0,0.0,0.0,5230.3,217.92916666666667,442.3,252169.14999999997,10507.047916666665,18255.19,252169.14999999997,0.0,0.0,CASE_20,142468.40000000002,7131844.8061999995,0.0,7131844.8061999995,15157.342372799998,0.0,2116.6308798361842,136081840.09348986,6464075.247704506,26.30397630929678,82.87504502545723,518.1944656685243,0.19171916034027262,10558.706914041068,26.173206409665987,79.37455408217184,522.2854067861842,1.644293274053406,10592.299086729709,63.4357176676613
0,1,26.60679370526312,3.7603799679161996,21.4433330217997,32.0083331425984,42.86181140971943,8.275997170527289,30.5550000190734,59.9200001398722,656.6372410546136,86.74664787846294,524.916666666666,863.883333333333,0.4980056131879471,0.5895187512253186,0.0,1.22204623818397,623.569999999999,25.982083333333293,126.0,412343.75,17180.989583333332,37892.40000000005,273827.85,71156.4,67359.5,CASE_21,623.569999999999,412343.75,71156.4,273827.85,656.6372410546136,310.5413602156077,1140.415374012298,270760262.3661133,10971145.09190459,26.60679370526312,42.86181140971943,656.6372410546136,0.4980056131879471,17180.989583333332,26.60679370526312,42.86181140971943,656.6372410546136,0.4980056131879471,17180.989583333332,1.47344060415988
1,2,28.450277682145394,3.988317404614353,22.6966667175292,33.0433332443237,48.05770832697545,10.655144965036772,37.2383333206176,63.6816668192545,640.3798611111109,53.72055976238912,519.5,752.35,1.2167621795501937,0.010394616015868345,1.19778506954511,1.23282718459765,1121.13999999999,46.71416666666625,126.0,557963.1200000001,23248.463333333337,37260.86000000005,273209.03,146118.84000000003,138635.25,CASE_21,1744.7099999999891,970306.8700000001,217275.24000000002,547036.88,1297.0171021657245,1364.1607499808922,1367.2551466700024,357308345.2907222,15874205.700396216,27.835783023184636,46.32574268789011,645.7989877589451,0.9771766574294448,21225.972083333338,28.282840445371345,47.58578308471786,641.8564623775508,1.1514800209341858,22697.375799273388,1.51830761041714
2,3,27.771666545338054,3.820982342949644,22.4316664059956,32.1366665522257,47.97472223838165,12.860477489259186,32.5466668446858,69.2016662597656,602.3166666666663,40.82252946642376,524.216666666666,677.516666666666,1.2155492570665098,0.012588542921793894,1.1988195280234,1.23563960989316,1247.1399999999899,51.964166666666245,126.0,559361.2934000001,23306.720558333338,37892.399999999965,274047.5311,146567.2908,138746.4715,CASE_21,2991.849999999979,1529668.1634000002,363842.5308,821084.4111,1899.333768832391,1515.9601004579147,1332.3379886095493,336912629.70304316,15534395.318673806,27.799145035843733,47.26801671674242,620.9519471347858,1.1133895715077677,22414.97121190477,28.03801761037639,47.7720625215872,622.9191792329503,1.1821654922089424,22989.216817354827,1.61140637494838
3,4,26.213313256594144,3.0303996340568022,22.1166665077209,29.0850003242492,44.56855104021205,8.854035733817904,32.1199999173482,59.8916666030883,560.3354166666663,62.344561769522386,469.116666666666,717.816666666666,1.2133779785699261,0.008779811155767352,1.20282802780469,1.22975615064303,1121.13999999999,46.71416666666625,126.0,559238.7862000001,23301.61609166667,37260.86000000005,273991.83729999996,146372.0244,138874.9245,CASE_21,4112.989999999969,2088906.9496000004,510214.5552,1095076.2484,2459.669185499057,1360.366586893875,1168.2893898095833,313361298.2815378,14659501.487898082,26.95336808691062,45.828301689259554,588.6231308851221,1.166716721940919,22887.848481111116,27.43881694333351,46.72008595752592,602.3677774685822,1.1924151212016072,23091.803218907145,1.70531744360481
4,5,25.46749995814425,2.754473386463051,21.408333047231,28.1116670926411,50.05424082018781,6.964302456598738,41.2516667683919,62.7067795446363,532.7368055555552,43.721525384244686,482.666666666666,609.783333333333,1.2257119615044805,0.01072734491178954,1.21307559013366,1.24685697555542,1454.12999999999,60.588749999999585,126.0,558281.3600000001,23261.72333333334,37260.86000000005,273518.43999999994,146284.32,138478.6,CASE_21,5567.119999999959,2647188.3096000003,656498.8752,1368594.6883999999,2992.4059910546125,1782.344534582498,1274.7563759930752,297417028.32761097,14218030.512432717,26.186468407547327,48.009431563287045,559.7785758763134,1.1971658778446925,23080.8161467742,26.940410158147728,47.563058152711115,584.763024340966,1.2008335395771819,23134.76401040128,1.99004897249432
5,6,25.116944326294742,2.6530628760485517,21.1216669400533,27.6533333142598,49.132430497805224,8.827929537023241,41.169999440511,63.7550001780192,521.9604166666662,41.27179834042024,469.116666666666,611.916666666666,1.231046534081296,0.011456170010494988,1.21837717294693,1.25222320159276,1486.2799999999902,61.92833333333292,126.0,557484.3400000001,23228.51416666667,37260.86000000005,273209.03,145953.36,138321.95,CASE_21,7053.399999999949,3204672.6496,802452.2352,1641803.7184,3514.366407721279,1829.6798426743364,1234.0565214289197,290984758.3915415,14002303.130561171,25.643218080561887,48.57984372050263,540.5693521507783,1.2143751000601102,23155.837363227518,26.560897016221634,47.889687486331994,571.692082981234,1.207121690564689,23154.27598355637,2.52738374841961
6,7,25.175694318612358,2.852477060618164,20.8133327166239,27.8966662724812,52.67194681499857,7.988541962730832,43.7766667048136,64.7066668192545,638.8794138418075,67.1166603170521,526.616666666666,766.166666666666,1.2326083299088229,0.013242114885596418,1.21687398552894,1.25574681162834,736.7099999999989,30.696249999999953,126.0,559166.7956000001,23298.616483333335,37260.8600000001,273871.1673999999,146638.4472,138657.181,CASE_21,7790.109999999948,3763839.4452,949090.6824,1915674.8857999998,4153.245821563087,908.0748827271275,1326.0528321806119,357240154.61272985,14077412.319143599,25.407615554855038,50.642005909854916,590.1114304832654,1.2235634993539497,23227.789045800528,26.31285184041983,48.7460360611335,583.7231693512849,1.2116855265632933,23180.12271682096,3.29011312958104
7,8,25.536045410241034,2.679404138750299,21.8483332633972,28.2516666094462,61.474701025101076,6.548854690642765,52.5533337275187,75.4983337402343,612.4689222072474,84.90315493984141,517.316666666666,902.571428571428,1.2281695276197504,0.011560449364138022,1.21490205128987,1.24706710378328,1007.9999999999899,41.99999999999958,126.0,524891.7956000001,21870.491483333335,37892.399999999965,257317.73239999998,137454.3072,130119.756,CASE_21,8798.109999999937,4288731.2408,1086544.9896,2172992.6182,4765.714743770334,1237.994883840696,1569.8207569579722,321479912.3265588,13403660.727904556,25.47208230579389,56.07959404613534,601.334014564323,1.2258755449148222,22546.47889679739,26.189335694789634,50.76995807604983,588.2938892347307,1.2143065659830996,22971.88473645295,4.08316417985216
8,9,25.990820757186725,2.868900534162369,22.1066665649414,28.7316667874654,58.529324427999576,11.36985095872497,45.5233334223429,76.7200000762939,510.90012626262586,41.151031775541156,454.316666666666,616.283333333333,1.2227094324775976,0.009519140404493684,1.21187947789827,1.23916321992874,869.139999999999,36.21416666666662,126.0,557649.8200000002,23235.409166666675,37260.86000000005,273209.03,146118.84000000003,138321.95,CASE_21,9667.249999999936,4846381.0608,1232663.8296,2446201.6481999997,5276.61487003296,1062.7056761435779,1521.2251802473675,284903363.4483307,14493776.516897446,25.731959103360555,57.306856233527206,556.0285832429248,1.224289390738835,22891.6181318004,26.160636052274086,51.89174288044369,577.1049411532741,1.2155213826987081,23009.982911998693,4.29805061067676
9,10,25.726998553819303,2.805591936582827,21.9099998792012,28.6100004196167,53.41446684547284,7.21380292151606,41.0533334096272,63.8983332951863,636.4269185499055,101.1156865950881,500.733333333333,865.766666666666,1.2290617896675355,0.01088761060833845,1.21566173434257,1.25122108062108,1379.56999999999,57.482083333332916,126.0,558281.3600000001,23261.72333333334,37260.86000000005,273518.43999999994,146284.32,138478.6,CASE_21,11046.819999999927,5404662.4208,1378948.1496000001,2719720.0881999996,5913.041788582866,1695.5767731716296,1374.1939112865089,355305285.62865055,14362903.741344277,25.72947640407891,55.35875910089393,596.2670462704655,1.2266779227539812,23076.851624649727,26.10258154921766,52.095602056361095,585.046846386004,1.2173341447420234,23043.68540569879,4.32241981905604
10,11,26.34456087846985,3.055683254425035,22.1299999554951,29.3816662152608,60.1109898666428,4.33353915570237,54.5833331425984,69.0616673787435,603.902142184557,87.934131178783,470.3,780.516666666666,1.2240089641410372,0.011150352792334142,1.21082888245582,1.24328487714131,1001.56999999999,41.732083333332916,126.0,559190.733,23299.613875,37260.86000000005,274121.78949999996,146441.526,138627.4175,CASE_21,12048.389999999918,5963853.1538,1525389.6756000002,2993841.8776999996,6516.943930767423,1225.9306582147265,1583.5976320068553,337696481.5484526,14731634.308194678,26.037168881741987,57.736035263144466,600.0864591752186,1.2253427915279653,23188.28716170819,26.133017918456183,53.10378446490656,587.4184817930442,1.2181737092968004,23075.87630983252,5.53389240282463
11,12,26.080028175409627,2.9099638478793715,22.0516665458679,29.0816669782002,60.4420139180289,4.635630671764952,55.9250001271565,67.6966668446858,514.1999999999998,48.781918325907895,469.483333333333,658.416666666666,1.2253260595930904,0.009949982642475002,1.21323723196983,1.24514366785685,1366.70999999999,56.94624999999959,126.0,559406.6868,23308.611950000002,37260.86000000005,274143.4481999999,146618.5896,138644.649,CASE_21,13415.099999999908,6523259.840600001,1672008.2652000003,3267985.3258999996,7031.143930767423,1674.6653789064603,1576.3294259606944,287646918.3525599,14589342.153256549,26.058603761700798,59.08935499091085,557.1327428404571,1.2253344235175567,23248.464247525437,26.126683075751846,53.98105856818013,578.6653243225163,1.2190287618312787,23103.69949951772,5.44413265984046
12,13,26.11569438510466,2.896618950121516,22.133333269755,28.7966659545898,61.70173608991831,4.560993913741575,55.7849997838338,68.4216663360595,498.8881944444441,82.87654032968403,429.533333333333,766.0,1.2229305151436012,0.010385327467720076,1.20916406114896,1.24208879868189,1486.28,61.928333333333335,126.0,559138.3464000002,23297.431100000005,37260.86000000005,273985.6490999999,146484.5508,138668.1465,CASE_21,14901.379999999908,7082398.187000001,1818492.8160000003,3541970.9749999996,7530.0321252118665,1817.6171660476316,1611.3836827546893,278947520.0801482,14602286.173575189,26.087152558363258,60.39570500696927,528.0069132433299,1.224132322589743,23272.950662827086,26.12542277741319,54.86654687305371,569.515646032688,1.2194762558390049,23125.918672126405,6.00429884633148
13,14,26.37569425900772,3.042388657498763,22.144999885559,29.3666661580403,65.08437494966715,3.0387145963526634,62.6249990463256,72.6483331044515,581.1354166666663,82.20279720511279,494.15,791.683333333333,1.2183899624480095,0.012881504834570302,1.20211686094601,1.23998756408691,862.71,35.94625,126.0,559488.881,23312.036708333337,37892.399999999965,274028.9665,146722.842,138737.0725,CASE_21,15764.08999999991,7641887.068000001,1965215.6580000003,3815999.9414999997,8111.167541878533,1051.1172045035223,1716.6455747110417,325138803.9803019,14756907.666570354,26.231432214816866,62.74018307390335,554.5727864072176,1.2212609672652552,23292.49487846447,26.153169499230398,55.99936165247466,570.8038892688195,1.2193558222988357,23146.55292634865,6.0813089524389
14,15,26.258748118795285,2.8520374411237195,22.1283336957295,29.0866669972737,66.37759757765745,4.7321419890726375,56.5499999364217,73.9,555.2840833240558,95.66293672014842,422.816666666666,861.931034482758,1.2126634703664112,0.009627803557194788,1.20050051410992,1.22936822970708,743.1400000000001,30.96416666666667,126.0,522283.5800000001,21761.815833333338,37892.4,255882.06999999998,136851.96,129549.55,CASE_21,16507.22999999991,8164170.648000001,2102067.6180000002,4071882.0114999996,8666.451625202588,901.178731368095,1742.9926155224632,290015758.9555062,13714512.973802669,26.24509058362641,64.5589458300149,554.9284457194975,1.216962087624438,22527.13199887743,26.16455436771907,57.11847887184701,569.1303406812452,1.2186341653294173,22997.232450665808,6.33917287095631
15,16,27.0290664731221,3.204727100655289,22.2016669909159,30.3383327166239,68.28498933265884,3.2414884972972495,64.4650000890096,76.7383326212565,557.3264830508471,65.71604460475073,428.066666666666,702.75,1.206198999017697,0.013136557520037555,1.18596964478492,1.22683059175809,1208.55999999999,50.35666666666625,126.0,558912.9,23288.037500000002,37260.86000000005,273827.8499999999,146449.8,138635.25,CASE_21,17715.7899999999,8723083.548,2248517.418,4345709.8615,9223.778108253435,1457.7638622528157,1845.6795157888694,311496960.8887498,15106893.926785445,26.63708450972689,66.42199600922658,556.1274826810244,1.2115804612039651,22907.59055477557,26.255684368663022,58.295563729854926,567.8860717458797,1.2173233488461743,23027.886809644362,6.9261513789876
16,17,27.918033911030818,3.272282695879429,22.9949999809265,31.2333333333333,71.44489929347199,4.524099400639075,66.6050006230672,79.3166662851969,637.0038314176244,110.50133936269144,440.05,863.0,1.1933958219171783,0.014361706206088074,1.17324907978375,1.216065822045,1247.13999999999,51.96416666666625,126.0,558281.3600000001,23261.72333333334,37260.86000000005,273518.43999999994,146284.32,138478.6,CASE_21,18962.929999999888,9281364.908,2394801.738,4619228.3015,9860.781939671058,1488.331665345778,1994.6011212453327,355627365.32904214,15586117.940376407,27.277564096850313,68.93346681235089,596.5659655704645,1.2024880721911486,23084.658294974102,26.427688231910363,59.65612987941227,575.0377094607778,1.2148475596304598,23052.08195297477,7.15857789531539
17,18,28.0991665522257,3.0809281451765345,23.5233334223429,31.2816663106282,75.05708326233753,4.155277310396561,70.4833334604899,82.5266667683919,673.4541666666663,103.69650229935614,474.7,844.733333333333,1.1787722425328313,0.015783526056528063,1.1566493431727,1.20313513278961,1486.27999999999,61.928333333332915,126.0,558281.3600000001,23261.72333333334,37260.86000000005,273518.43999999994,146284.32,138478.6,CASE_21,20449.20999999988,9839646.268,2541086.0579999997,4892746.7415,10534.236106337725,1751.9856086316847,2109.041483512694,375976908.0643332,15687240.917643078,27.688366891626305,71.99528671726023,635.0102127717302,1.1906301121274623,23173.191151879768,26.598023442717157,61.22559363447387,585.0670276884052,1.211171235105002,23073.445860770156,7.2596891721525
18,19,28.23937498066155,2.8891850365710865,24.0700002670288,31.1433337211608,78.44395833545256,3.6792308163046825,74.7700000762939,84.1666667938232,575.3569444444441,114.02771155600995,433.9,794.233333333333,1.1549043678575046,0.018992947724277866,1.12639156381289,1.18089435100555,869.139999999999,36.21416666666662,126.0,558294.0800000001,23262.253333333338,37260.86000000005,273209.02999999997,146449.8,138635.25,CASE_21,21318.34999999988,10397940.348,2687535.8579999995,5165955.7715,11109.593050782169,1003.7735822796703,2215.208354402236,321218375.9702221,15765875.874603461,27.963871461627196,75.21962867630063,605.1835217181888,1.1727672059216938,23217.72232754303,26.76321586565432,62.958521236036056,584.0897646579637,1.205508304333122,23092.44822750289,7.69459782206843
19,20,28.45180558893411,2.856561571385012,24.4466664632161,31.1300004959106,79.82562489509577,3.113211963955984,76.6766668955485,84.3199998219808,501.1534722222218,120.91215675975477,382.933333333333,760.916666666666,1.1148165626658284,0.022590011386019834,1.08173220157623,1.14580371777216,1353.84999999999,56.410416666666244,126.0,557649.8200000001,23235.409166666668,37260.86000000007,273209.03,146118.84,138321.95,CASE_21,22672.19999999987,10955590.168,2833654.6979999994,5439164.8015,11610.74652300439,1509.2944033651206,2271.1831605304437,279468143.577097,15866144.265344102,28.207838757946,77.52262898201043,553.1684473647648,1.1437918566607146,23226.565755538595,26.93143587359273,64.63884906955731,575.8275186075588,1.1964734480309127,23106.69022482732,9.85082511697977
20,21,27.437291562557164,2.658775414857904,22.833333269755,30.2966662089029,80.34715278943376,2.7089372683876434,77.0266663869222,84.1883331298828,521.7569444444442,86.40569413847946,361.383333333333,721.733333333333,1.0667561933398204,0.022320738952559736,1.03642634153366,1.09902699589729,1247.13999999999,51.96416666666625,126.0,558925.5308000001,23288.563783333335,37260.8600000001,273834.03819999995,146453.1096,138638.383,CASE_21,23919.33999999986,11514515.6988,2980107.8075999995,5712998.8397,12132.503467448834,1330.394318961813,2204.508257305022,291623277.12219715,15335402.750316625,27.822564976538725,78.93489155914138,537.462688415515,1.1052740066335254,23257.564784217455,26.981410305816375,66.19070185430004,570.4857851789204,1.1836584371607806,23124.657854768262,10.019230411046
21,22,26.95543187490193,2.5903741037399297,23.2933330217997,29.8916662534077,80.54216096456793,2.39970856121677,77.7099995295206,83.9583333333333,579.9444918298263,123.18923656134372,372.95,852.137931034482,1.0153996195141883,0.021044588340476445,0.988728300730387,1.05123198032379,988.71,41.19625,126.0,529539.93,22064.163750000003,37260.86000000005,259594.98999999993,138672.24,131272.7,CASE_21,24908.049999999857,12044055.6288,3118780.0475999992,5972593.829700001,12712.447959278661,1003.9357578098732,2171.048732937796,307103765.60745186,14273977.508155338,27.388998322349984,79.73852645345615,558.7035951868975,1.0603368023599924,22660.864124844204,26.978861367387818,67.59883099622178,571.413849731639,1.1671493043476615,23020.604835330538,11.0660031740102
22,23,27.470555346541897,2.958553821897857,23.2716664632161,30.4616665204366,80.68256949848596,2.23141715191396,78.3883336385091,83.9816664377848,474.5180555555553,106.65451731120352,376.65,649.866666666666,0.9857124903963651,0.015999219094669108,0.96474190155665,1.00969217618306,1133.99999999999,47.24999999999958,126.0,558756.25,23281.510416666668,37892.40000000002,273827.85,146449.8,138478.6,CASE_21,26042.049999999846,12602811.8788,3265229.847599999,6246421.6797,13186.966014834215,1117.7979641094682,2216.3949909093717,265139929.27951375,15349344.490851201,27.429776839307117,80.21054803224041,516.6108203533767,1.0230246419302227,22971.18730774884,27.026835268382996,68.87539325275847,561.9598612068047,1.149446765536112,23046.06103178355,11.1195259445431
23,24,26.225485981835217,2.1697704584781676,22.7999996503194,29.1533335049947,81.3246528042687,1.7113937741727259,79.0349994659423,83.7350003560384,478.9805555555552,78.79928729036283,381.466666666666,590.683333333333,0.9665764286286297,0.010169140068814461,0.953104276458422,0.983976258834203,1334.56,55.60666666666666,126.00000000000988,559229.905,23301.24604166667,37260.86000000005,274059.9074999999,146573.91,138596.0875,CASE_21,27376.609999999848,13162041.783799998,3411803.757599999,6520481.5872,13665.946570389771,1289.954238590624,2132.778542095965,267860250.58018038,14666076.03420054,26.8276313746805,80.76760045145747,497.7956868329966,0.9948005335971382,23136.21668454427,26.949007102820175,70.08448278434524,553.900794771075,1.13168614217713,23070.844957509486,11.7830118292954
24,25,25.970949014061137,2.4728538279516825,22.3966664950052,28.8566661516825,80.9574544392744,1.8528971873560869,78.2349998474121,83.5499998728434,454.45890804597667,69.76455426091279,372.616666666666,565.033333333333,0.9480853733717249,0.014397240408739088,0.92894007563591,0.969687885046005,1373.13999999999,57.21416666666625,126.0,557980.7800000001,23249.199166666673,37260.86000000005,273209.03,146449.8,138321.95,CASE_21,28749.749999999836,13720022.563799998,3558253.557599999,6793690.6172,14120.405478435749,1301.853949591641,2102.541921550573,253579335.9894424,14491290.388206068,26.399290181605256,80.86252744819497,476.1272967937183,0.9714429527883214,23192.70792728904,26.854373440412193,71.13651552226746,544.2791270544917,1.1139215396727715,23088.10192027316,15.1774330346436
25,26,25.893964168872714,2.624880094673864,22.1600004196167,28.2966660817464,81.24332971114892,1.7833132888905068,78.6450000762939,84.196667098999,481.34651600753267,121.11395280939824,376.75,801.283333333333,0.9220755233490753,0.018535354931800606,0.898472148180008,0.951067685087521,830.56,34.60666666666666,126.00000000000097,558124.71,23255.196249999997,37260.8600000001,273518.43999999994,146284.32,138321.95,CASE_21,29580.309999999838,14278147.273799997,3704537.877599999,7067209.0572,14601.75199444328,765.839046672808,2103.711868500402,268651384.65621454,14452061.242502473,26.146627171474012,81.05292858250914,478.7369064395117,0.9467592377008823,23223.952089110095,26.761733282902107,72.1114091287008,538.2087077315234,1.0954162568765933,23104.219679111662,18.0938904615281
26,27,26.62211271398705,2.8391971017085726,22.3866662661234,29.5250001907348,81.02638880941598,1.731986515603356,78.8083330790201,83.8099997202555,468.127083333333,97.60612574370916,378.2,643.3,0.8922209838198286,0.015691402670711944,0.875180777907371,0.91712464193503,1373.1399999999899,57.214166666666245,126.0,558124.7100000001,23255.196250000005,37260.86000000005,273518.43999999994,146284.32,138321.95,CASE_21,30953.449999999826,14836271.983799998,3850822.1975999987,7340727.497199999,15069.879077776613,1225.1443217223505,2157.0936556916113,261273292.62856236,14858458.938081337,26.384369944501852,81.0396586958637,473.4319948468976,0.9194901105571847,23239.574169671443,26.748299553005776,72.96917263727714,531.4657355449958,1.0758656245043932,23118.746037869176,21.8954465007883
27,28,26.683263692590884,2.3420633994409688,23.4183330217997,29.3699995358785,81.82854169739613,1.189280433555359,80.0533335367838,83.6216668446858,495.0596869114874,93.42034889556624,370.016666666666,681.983333333333,0.8898039018942244,0.008807652054679465,0.880417718489964,0.903967713316281,1366.70999999999,56.94624999999959,126.0,558715.8876,23279.82865,37260.860000000015,273654.5804,146357.1312,138704.176,CASE_21,32320.159999999814,15394987.871399999,3997179.328799999,7614382.0775999995,15564.9387646881,1216.1038907578466,2183.4525556917897,276597712.3877298,14908363.35807077,26.5338168191031,81.43410019809933,484.2458409194772,0.9046470061704096,23259.7014099107,26.74205497890213,73.81982620370243,527.9701214781933,1.0580004620035943,23134.212771173585,22.9313929190073
0,1,31.007708146836972,1.0613531118314916,29.218333307902,32.8133330663045,46.779235972298466,3.9941137569442873,39.0183333714803,57.3233326594034,450.64444444444416,15.126243954559222,429.833333333333,479.133333333333,1.278801509903533,0.012826805007122893,1.24999644557635,1.30244799057642,12271.8499999999,511.3270833333292,769.0000000000005,209711.90979999996,8737.996241666666,18255.19,209711.90979999996,0.0,0.0,CASE_22,12271.8499999999,209711.90979999996,0.0,209711.90979999996,450.64444444444416,15693.260309309544,1450.5168963610483,94505507.08520436,6502685.693994199,31.007708146836972,46.779235972298466,450.64444444444416,1.278801509903533,8737.996241666666,31.007708146836972,46.779235972298466,450.64444444444416,1.278801509903533,8737.996241666666,0.237154928451104
1,2,30.99673601786291,4.718722325105089,22.9916666348775,37.2516662597656,41.687986052036244,10.552578342294458,29.8583332379659,59.2616664886474,428.0854166666663,7.144693887936294,415.516666666666,437.2,1.2715383008122394,0.04184803741793357,1.20716830094655,1.32720288038253,10714.56,446.44,769.0000000000001,209705.7216,8737.7384,18564.59999999999,209705.7216,0.0,0.0,CASE_22,22986.4099999999,419417.63139999995,0.0,419417.63139999995,878.7298611111105,13623.973416350787,1292.1914987713185,89771961.20851992,6500192.893870652,31.000393394187597,43.385069358790325,435.60509259259226,1.2739593705093373,8737.824347222222,30.997732578169366,42.150406571587766,430.13437468462973,1.2721979928277973,8737.761818861642,0.502862198577864
2,3,29.223194466696793,3.581250216625391,22.9333330790201,33.4933333714803,39.41319446166352,5.459462713565942,32.6716666221618,50.3300001780192,451.92013888888863,14.72176517568851,426.333333333333,472.883333333333,1.3028822299506893,0.026016024819641517,1.26032400727272,1.342287393411,13008.7,542.0291666666667,769.0000000000009,209606.71039999998,8733.612933333332,18564.59999999999,209606.71039999998,0.0,0.0,CASE_22,35995.1099999999,629024.3417999999,0.0,629024.3417999999,1330.6499999999992,16948.804064759534,1151.7794463069301,94725493.67601106,6125377.659543796,29.98485114990714,41.11542656043215,444.92797619047593,1.2904867187615383,8735.417824999999,30.14783110387849,40.839439738792635,440.56850004719405,1.2868939738268166,8735.774741827692,1.39973643314049
3,4,32.78006941742362,2.878273010463303,28.1733334223429,37.5899997711181,40.03479165765971,2.5894587327086307,34.1283333778381,43.0133335113525,444.96944444444415,22.574709642254515,409.4,474.883333333333,1.270077186077828,0.031046453817752426,1.21463233232498,1.32105330626169,12278.280000000002,511.5950000000001,769.0,209711.90979999996,8737.996241666666,18255.19,209711.90979999996,0.0,0.0,CASE_22,48273.3899999999,838736.2515999998,0.0,838736.2515999998,1775.6194444444434,15594.363312275676,1312.3432496501773,93315391.99708937,6874370.960904479,31.47563422591593,40.53908794562018,444.9500925925923,1.2796016346635595,8736.792980555554,31.012211654088045,40.57520752717423,442.0136924220491,1.2813716378846538,8736.50424312065,1.75929395704199
4,5,30.43833327823211,2.1800549591619625,27.6200004577636,34.3466673533121,40.40750004185566,3.88028752621291,35.8466664632161,47.7616667429606,436.7569444444441,16.83800190807019,412.483333333333,460.383333333333,1.3117454244858633,0.020619760383476064,1.27044816613197,1.33435394565264,9977.71,415.73791666666665,769.0000000000002,209699.53339999996,8737.480558333331,18255.19,209699.53339999996,0.0,0.0,CASE_22,58251.0999999999,1048435.7849999998,0.0,1048435.7849999998,2212.3763888888875,13088.215439346843,1229.9369532141807,91587727.45920964,6382904.285918965,30.940253091627504,40.47117160819333,440.7213709677416,1.2961919777976518,8737.147859408598,30.867118359327772,40.53280615325151,440.68463226595327,1.2890510225029395,8736.751084257887,1.98642883417979
5,6,29.949999960263522,2.317078460598204,26.1766670862833,33.8766674041748,41.76090283393856,4.503057310694675,35.6466668446858,48.1616662343343,433.377083333333,10.595926248664158,418.416666666666,452.733333333333,1.3260834127664516,0.018498328764108857,1.28845884005228,1.34995485544204,12226.8399999999,509.4516666666625,769.0,209755.22719999996,8739.801133333332,18564.59999999999,209755.22719999996,0.0,0.0,CASE_22,70477.9399999998,1258191.0121999998,0.0,1258191.0121999998,2645.7534722222204,16213.809714549228,1250.7390382170286,90903108.57785659,6282169.046305065,30.437267374109293,41.12627318317503,436.99093915343883,1.3113749288929153,8738.495554100526,30.676240921940636,40.7884066815065,439.1637313492746,1.2967584763726163,8737.38588294039,2.28508835894603
6,7,28.97083909929131,1.9180462302869525,25.4533331553141,31.2866664250691,48.20661251010639,5.1215951564745135,43.1466667811075,58.704999923706,447.6102871939733,13.328453832825522,428.366666666666,467.033333333333,1.3485057431762453,0.012259110163748631,1.3341818233331,1.37220606406529,11425.6899999999,476.07041666666254,769.0,209711.90979999996,8737.996241666666,18255.19,209711.90979999996,0.0,0.0,CASE_22,81903.6299999997,1467902.9219999998,0.0,1467902.9219999998,3093.3637594161937,15407.60858475126,1396.5860145521758,93869208.17357461,6075529.996020892,29.698279897035665,44.69431819832155,442.34242163055853,1.3300865203427823,8738.24393208661,30.370858398760564,42.116768351653946,440.6762373767564,1.3060247447055628,8737.495178524223,2.7522244738412
7,8,27.269791604412873,1.6586702687482038,25.1166670799255,29.7966659863789,53.24182555127724,3.9303226042694774,45.0583330790201,59.1249996821085,443.96041666666633,10.822093327681886,424.833333333333,455.5,1.3727974346942335,0.005096042298758888,1.36255135933558,1.37876252532005,12989.41,541.2254166666667,769.0000000000009,209547.92249999996,8731.163437499998,18255.19000000001,209547.92249999996,0.0,0.0,CASE_22,94893.0399999997,1677450.8444999997,0.0,1677450.8444999997,3537.32417608286,17831.828726191623,1451.8934874218348,93030982.98473428,5714328.177712658,28.47927400897403,48.98483169313852,443.1545916878989,1.351525724409393,8734.689801470584,29.877773116637627,43.88570863307861,441.1984384704765,1.3166419396467304,8736.48839972315,2.77595024491757
8,9,27.633124857478617,1.9551813451685354,24.8549994468688,30.7333332061767,52.864722188313756,2.447480279970087,48.4116665522257,56.5716660181681,436.7907485875703,16.80076689814806,413.566666666666,468.7,1.377144918921916,0.007826219223250983,1.36040762861569,1.39040452043215,11860.3299999999,494.1804166666625,769.0000000000002,209591.23989999996,8732.968329166664,18255.19000000001,209591.23989999996,0.0,0.0,CASE_22,106753.3699999996,1887042.0843999996,0.0,1887042.0843999996,3974.1149246704304,16333.39319623703,1460.8174687855942,91547514.57331802,5791660.901190453,28.055371498635818,50.92857331107366,439.96644328538594,1.364360389370657,8733.827380903454,29.55326049613209,45.18381991019059,440.56121123968825,1.3253889583713205,8735.97949712962,3.53274772886813
9,10,28.09805549250704,1.960601819617867,25.3616661389668,30.9849999427795,53.95062489509578,3.4751786866332077,46.0816666920979,58.4749996821085,461.3104166666664,14.933508348196302,438.85,517.3,1.3650973916053726,0.026143650755693137,1.32627967000007,1.39536484877268,12188.26,507.8441666666667,769.0,209634.55729999996,8734.773220833331,18255.19,209634.55729999996,0.0,0.0,CASE_22,118941.6299999996,2096676.6416999996,0.0,2096676.6416999996,4435.425341337097,16638.1619342081,1515.907652157833,96706604.97579513,5890323.424162545,28.076734357738523,52.44107615664485,450.64886202557716,1.3647292507041608,8734.300763155748,29.35844062093284,46.35750186482979,443.3390725043881,1.3307050423510656,8735.81800332159,4.08009967909605
10,11,30.118680408265813,2.5249561160990743,26.283332824707,33.9116664250691,56.838263765970815,1.2863229627391757,53.8633334477742,58.7800000508626,453.91319444444406,31.553319430930546,403.383333333333,502.366666666666,1.3258858596285141,0.020068861628865314,1.2897732535998,1.35172303915023,10746.71,447.7795833333333,769.0000000000091,209705.7216,8737.7384,18255.190000000017,209705.7216,0.0,0.0,CASE_22,129688.33999999959,2306382.3632999994,0.0,2306382.3632999994,4889.338535781541,14248.910826528348,1711.89350132799,95188193.98473325,6316059.608655165,29.098206148525016,54.64074401788069,452.28182558049645,1.345298067283808,8736.02042125468,29.454064238655025,47.67578115798261,444.66909470395086,1.3300988813817598,8736.059552476096,4.5881527115664
11,12,33.22780808185673,1.7359272091020201,30.801665910085,35.8400005976359,57.906298142997066,0.7517571285662829,55.9133332570393,59.0899986902872,454.4159251412425,16.28245109806965,434.466666666666,480.15,1.2956724695973543,0.01764629506795203,1.26882080833117,1.32100636561711,11483.56,478.4816666666666,769.0000000000091,209594.33399999997,8733.097249999999,18255.19,209594.33399999997,0.0,0.0,CASE_22,141171.8999999996,2515976.697299999,0.0,2515976.697299999,5343.754460922784,14878.932544969393,1924.0993614262832,95243003.18897256,6964360.305196578,31.163511340091155,56.273919804996275,453.3491359346864,1.3204792091490445,8734.558478707771,29.905209541098557,48.89882381035359,445.83431336960547,1.3259832565270149,8735.705413747544,4.87124332144531
12,13,34.06694425344463,1.813176001149091,31.6116670926411,36.69833278656,57.78868059317265,0.7106377932113788,55.8333333969116,59.4683336893717,435.74861111111073,28.832093308541886,397.75,486.666666666666,1.289987757388083,0.017827363121311605,1.26432985862096,1.31466895540555,9971.27999999999,415.4699999999996,769.0000000000002,209588.14579999997,8732.839408333331,18255.19000000001,209588.14579999997,0.0,0.0,CASE_22,151143.1799999996,2725564.8430999992,0.0,2725564.8430999992,5779.5030720338955,12862.82912548863,1968.6837602477303,91327743.43770297,7140027.679151424,32.61540502988433,57.03139266403307,444.54779914096576,1.3052316219908344,8733.698838584012,30.38252094354905,49.918405860118455,444.6775792136731,1.3218549150147747,8735.376710176019,5.54381076725336
13,14,29.734691347420277,1.5619131588793107,27.5649995803833,33.0699996948242,57.034303281940275,2.2136410415028944,50.3766668319702,59.5849999745686,444.44051318267384,19.341310645164814,410.45,493.933333333333,1.352522843919002,0.022076267366100105,1.31496626933415,1.37921630740165,11509.2799999999,479.5533333333292,769.0000000000091,200449.76339999994,8352.073474999997,18255.19,191673.30679999996,5389.6836,3386.77299999999,CASE_22,162652.4599999995,2926014.6064999993,5389.6836,2917238.149899999,6223.94358521657,15566.564117059957,1695.8974043036535,89087995.71284153,5960311.84536242,31.174960270881364,57.032848061817106,444.49415288751237,1.3288786762565703,8542.874509799283,30.31069834724596,50.70732046191463,444.6512965338706,1.3252549607834498,8692.881224192937,5.93982514517057
14,15,30.37757984547962,1.78814643940226,27.721666876475,33.1283332824707,57.457968451613034,1.090967077663967,55.31666653951,59.6033336639404,442.1264595103575,18.113742535933206,407.2,475.216666666666,1.3591804436511417,0.018741260510317898,1.3216635664304,1.37973267038663,12278.2799999999,511.5949999999959,769.0000000000005,159432.4712,6643.019633333333,13905.061000000118,104747.66139999998,33552.7248,21132.085,CASE_22,174930.7399999994,3085447.0776999993,38942.4084,3021985.8112999992,6666.070044726927,16688.398057672803,1745.4340243979238,70489314.02264304,4843172.62384013,30.776257890749456,57.245414743735395,443.31027006969856,1.3440300223362438,7592.918081196783,30.317910385676218,51.43526367515968,444.37903556298,1.3289132503353986,8471.838320543531,6.47144846622799
15,16,32.608193138382035,1.7272382991138904,29.9983050459522,36.3199995040893,56.74798616833152,0.9884659296331356,54.9033334096272,59.2549999872843,435.11666666666633,30.95612411737577,391.283333333333,477.75,1.333663491408025,0.018060310408399248,1.29507787624994,1.35885848999023,13809.8499999999,575.4104166666625,769.0000000000091,159259.2564999999,6635.802354166663,13905.061000000103,104685.77939999998,33521.2836,21052.193499999903,CASE_22,188740.5899999993,3244706.3341999995,72463.69200000001,3126671.590699999,7101.186711393593,18417.69276682098,1850.4492931911866,69296356.82409157,5193156.595027121,31.692239491335773,56.996696660896696,439.2134058549956,1.3388466777805732,7114.352915356804,30.559333806021154,51.99528869134151,443.4026701876556,1.3294139830269676,8278.297989178183,7.25126974437525
16,17,33.48076385789442,2.9289459243448204,26.1849998474121,36.5366662343343,55.89493057860263,2.5456096800938632,46.3449999173482,58.568333307902,446.1180555555552,32.004292578361316,392.7,486.233333333333,1.3254803174071792,0.028763330019146008,1.29632969697316,1.4014988263448,10733.85,447.24375000000003,769.0000000000009,159362.70539999992,6640.112724999996,13905.061000000103,104695.06169999999,33524.5932,21143.0504999999,CASE_22,199474.4399999993,3404069.0395999993,105988.28520000001,3231366.652399999,7547.304766949148,14227.506905001052,1871.4049715555968,71094580.26112074,5335585.107252594,32.586508497346166,56.44580941681353,442.6657570446247,1.3321634466048689,6877.231011081841,30.861615150781738,52.39878594194661,443.6836320200382,1.3290069653293761,8108.794411878694,8.10676355840725
17,18,28.793295415724117,2.0677161278235845,24.9416665712992,32.4966667811075,56.40704545204081,0.963798432189566,54.1300001780192,58.623333231608,430.594886363636,20.188933872998785,403.916666666666,462.183333333333,1.4088978832418217,0.014158199543100963,1.37768283089001,1.43212281862894,11515.71,479.82124999999996,769.0000000000091,159364.0478,6640.168658333333,13905.061000000103,104679.5912,33546.1056,21138.351000000002,CASE_22,210990.1499999993,3563433.087399999,139534.39080000002,3336046.243599999,7977.899653312784,16224.459443026677,1624.1447232287885,68621344.05289006,4588616.106950979,30.689894721527757,56.42642736049049,436.63029868068384,1.3705308112832264,6758.699382545307,30.650839052877924,52.807255331182496,442.3497982374025,1.3371484028692884,7959.1312817704675,8.7744450161835
18,19,29.40895829730559,1.0896608730533481,27.4283330599466,31.4749999046325,56.92486117151045,1.408733507009143,55.5216667175293,59.7933336893717,438.22916666666634,29.423885347370124,403.15,484.783333333333,1.4155786666605163,0.01329487848011582,1.39481718540191,1.4395479341348,12233.27,509.71958333333333,769.0,159431.04979999992,6642.96040833333,13905.061000000103,104729.0968,33551.07,21150.8829999999,CASE_22,223223.41999999929,3722864.137199999,173085.46080000003,3440775.340399999,8416.12881997945,17317.156035498094,1674.100868272861,69867336.09464575,4688701.094863848,30.04942528781817,56.6756447413449,437.4297341984773,1.393054781932936,6700.829785061821,30.525851025469148,53.22166825232665,441.935080794207,1.3450419497468207,7826.666388933008,9.58168886872258
19,20,30.217569326029828,1.5382355092436995,27.3616664568583,33.2616662979126,56.36076386239788,1.688083026074038,49.8016666412353,58.4133333206176,439.6694444444442,33.406780425462465,395.1,481.2,1.4184197554157798,0.015203344871043979,1.38689940770467,1.45196389953295,11129.91,463.74625,769.00000000001,159326.9543999999,6638.623099999996,13905.061000000103,104729.09679999998,33537.8316,21060.025999999903,CASE_22,234353.3299999993,3882191.0915999985,206623.29240000003,3545504.437199999,8855.798264423895,15786.884219999642,1703.0852892800046,70051193.52607325,4814473.29008719,30.1334973871014,56.51820415172435,438.54959038943883,1.4057372807693314,6669.726412868421,30.495139509692407,53.53438997576575,441.7093744787603,1.3523519640634778,7708.311617054316,10.8895957450717
20,21,28.715555467870463,2.2538728368274645,25.6666672706604,32.918333307902,56.19909719891013,0.8659311759785572,54.1616664886474,57.6083333333333,446.1909722222219,23.277394245298964,406.316666666666,477.716666666666,1.448782570908462,0.031982699494689744,1.40035653710365,1.48325780630111,10727.42,446.97583333333336,769.0,159345.8345,6639.409770833333,13905.061000000109,104673.40299999999,33526.248,21146.1835,CASE_22,245080.7499999993,4041536.9260999984,240149.54040000003,3650177.840199999,9301.989236646117,15541.699126814854,1613.7882928595475,71098672.81511627,4575704.149158857,29.42452608942207,56.35865059923617,442.3702831276786,1.4272599361016984,6654.568084622822,30.319331064666567,53.79764139988535,442.15211992488304,1.3618785245651992,7602.712798986154,12.9394942744037
21,22,28.740975652306712,2.044868675095481,25.2983334223429,31.6716668128967,54.83903135754965,1.334752396201719,52.6716669082641,58.2966667175293,442.9871233521655,34.877815711766175,388.216666666666,489.5,1.4704647971980824,0.014789081174414217,1.44933710892995,1.50054211219151,10733.85,447.24375000000003,769.0,159431.1361999999,6642.964008333329,14140.74000000002,104741.4732,33526.24800000001,21163.4149999999,CASE_22,255814.5999999993,4200968.0622999985,273675.7884,3754919.313399999,9744.976359998283,15783.748563404637,1576.127265043419,70625940.39800525,4582206.403743792,29.08275078937881,55.598840797240136,442.6787033134551,1.4488623718003124,6648.7660450947615,30.164466793697514,53.89981996836572,442.2340483650874,1.3725327370555254,7508.544656871915,14.3010458012727
22,23,28.142384842072346,2.973840115475094,23.8933329264322,32.114999739329,54.816886981739344,2.5898785101695836,44.3966668128967,58.5183333714803,451.9957614942526,25.713501201437367,409.783333333333,498.983333333333,1.4964830422500188,0.019342925403338426,1.46084246635437,1.52017306486765,12271.8499999999,511.3270833333292,769.0,159402.88980000003,6641.787075000001,13905.061000000118,104738.37909999999,33524.5932,21139.917500000003,CASE_22,268086.4499999992,4360370.9520999985,307200.3816,3859657.692499999,10196.972121492536,18364.615422035746,1542.6779292844942,72049430.55953544,4485977.469690049,28.612567759675393,55.20786384288166,447.33723295919384,1.472672709863579,6645.276559631402,29.967175056429756,53.98929692755326,443.18648520396755,1.3846263967744286,7423.97631928299,16.364492317813
23,24,29.181944366296076,2.4335845638084432,24.7716665267944,33.8799997965494,55.956875032848735,0.8820806969960563,53.6016666412353,57.6900000254313,426.6874999999996,26.296730560935536,383.116666666666,466.866666666666,1.5111529244316901,0.029862638959195175,1.45840829412142,1.55915473699569,11886.05,495.2520833333333,769.0000000000005,159338.9492,6639.122883333333,13905.061000000103,104750.75549999998,33532.86720000001,21055.326500000003,CASE_22,279972.4999999992,4519709.901299998,340733.24880000006,3964408.447999999,10623.659621492536,17961.63921744129,1632.9304141203736,67987937.88677494,4649820.350938477,28.89725607995448,55.58236946018747,437.01236586418673,1.4919128182944346,6642.1997212989745,29.890912351536105,54.180390870116575,441.58408064252495,1.3969148304298953,7347.750253844301,18.9760443586631
24,25,28.395216452401858,3.3551257690719583,23.8333328564961,33.3016668955485,55.73399243368262,0.9025302953722405,53.5383333206176,57.351666577657,438.38366290018786,29.230407142719375,395.233333333333,476.474576271186,1.5563041365822894,0.018062734055184142,1.52306253711382,1.58055434028307,13047.2799999999,543.6366666666626,769.0,159396.3323999999,6641.513849999996,13905.061000000132,104735.285,33547.7604,21113.2869999999,CASE_22,293019.7799999991,4679106.233699998,374281.0092000001,4069143.732999999,11062.043284392723,20305.535835147217,1582.5787789109454,69876748.05036785,4526093.360216992,28.646236258697197,55.65818094919441,437.69801440262125,1.5241084783978673,6641.856785639265,29.746193768447377,54.330712213575396,441.2744188180651,1.4123368119698736,7279.417157692079,21.0072004263015
25,26,30.583843172921025,2.8025544540811635,25.0299998601277,35.6666658401489,55.070507711377594,1.9725027512653401,48.0799998601277,57.5233332951863,429.9004549808424,35.757446430461655,380.016666666666,490.283333333333,1.5762914950563243,0.035160675569444313,1.53204617897669,1.65890293121337,9971.27999999999,415.4699999999996,769.0,159299.39459999988,6637.474774999995,13905.061000000089,104636.2738,33527.9028,21135.217999999903,CASE_22,302991.05999999907,4838405.628299998,407808.91200000007,4173780.006799999,11491.943739373566,15717.64385882521,1684.2677712979103,68482882.2167127,4871987.701987659,29.615039730245407,55.36434432590749,433.79923463363554,1.5501999871158896,6639.665780286981,29.826992626880177,54.40207217799118,440.1772971714724,1.4281517235036805,7217.496010940062,23.1378980612753
26,27,28.330873324686934,4.086554056595526,23.4916666030883,34.1599995930989,55.62942561416298,1.0734980282270443,53.7833333333333,57.6000000635782,430.5398187382295,27.682383496448576,388.533333333333,468.25,1.656775352997234,0.030337270866505922,1.60922147631645,1.68842815558115,10740.2799999999,447.5116666666625,769.0000000000005,159418.0373999999,6642.418224999997,13905.061000000103,104732.19089999999,33542.796,21143.0504999999,CASE_22,313731.339999999,4997823.665699998,441351.7080000001,4278512.197699999,11922.483558111795,17794.231188288966,1576.0302101999462,68635812.92580025,4516452.223249601,28.972956522682278,55.496884971022745,432.1695266737902,1.6034876704535859,6641.042002653743,29.683042041701153,54.520163191922634,439.25001773721755,1.4501489701157013,7162.164338065998,25.8299547001352
27,28,27.000596608033465,2.2772372944581685,24.3099997520446,32.3866665204366,56.55926432479344,0.99121576719663,55.0683331807454,58.7500001271565,454.1417137476457,19.226659314853094,416.966666666666,496.4,1.5615762508058573,0.1841141995886791,1.31053793032964,1.73644598126411,12661.48,527.5616666666666,769.0000000000091,159169.0156999999,6632.0423208333295,13905.061000000103,104580.57999999999,33508.0452,21080.390499999903,CASE_22,326392.81999999896,5156992.681399998,474859.7532000001,4383092.7776999995,12376.62527185944,19771.866468053344,1527.1338804808859,72285289.56552388,4297658.385413443,27.986776561684064,56.028074649886925,443.1556202516444,1.5825319605516557,6636.542161726774,29.425480610474352,54.71595237727068,440.6798796422167,1.4608479276907773,7111.263401267967,29.472277358783
0,1,30.84872638236327,1.4704648980353585,29.0883336385091,32.8700008392334,58.222874284374235,1.0324038499703254,56.9233334223429,60.4383331298828,498.88283898305053,6.207300509593241,488.683333333333,509.433333333333,0.4549643096863268,0.5756918602039068,0.0,1.23336527744929,13053.71,543.9045833333333,769.0000000000002,209588.1458,8732.839408333333,18255.190000000017,209588.1458,0.0,0.0,CASE_23,13053.71,209588.1458,0.0,209588.1458,498.88283898305053,5938.972158995501,1796.1015179933954,104559929.19389752,6465527.362771059,30.84872638236327,58.222874284374235,498.88283898305053,0.4549643096863268,8732.839408333333,30.84872638236327,58.222874284374235,498.88283898305053,0.4549643096863268,8732.839408333333,0.167719388078703
1,2,32.0872669686705,1.764092607949039,29.7416666030883,34.5216663360595,58.508985421796716,1.8108128016969438,55.3599995295206,61.5389829732603,498.6201506591333,7.277418648072156,488.466666666666,510.966666666666,0.0008722303414776001,0.0014140959451711748,0.0,0.0041423733030461,10733.85,447.24375000000003,769.0,209003.36089999997,8708.473370833332,18255.190000000017,209003.36089999997,0.0,0.0,CASE_23,23787.559999999998,418591.50669999997,0.0,418591.50669999997,997.5029896421838,9.362389650869337,1877.3934352952415,104213287.30022319,6706346.638547688,31.67442010656809,58.41361504265589,498.70771343377237,0.15223625678976066,8716.595383333331,31.974774635672567,58.48299894246679,498.64400972579244,0.04211583427833954,8710.6864532584,0.181787272321195
2,3,31.703402727180016,1.576953021026432,29.5250000953674,33.7416667938232,56.54715276559188,2.61377921552486,51.8383332570393,59.3150002161661,520.8264712806023,6.841784064115718,508.6,536.7,0.0007851198754198751,0.0010898677370231595,0.0,0.0037112579642174,12642.1899999999,526.7579166666625,769.0000000000005,209594.33399999997,8733.097249999999,18255.19,209594.33399999997,0.0,0.0,CASE_23,36429.7499999999,628185.8407,0.0,628185.8407,1518.329460922786,9.925634637834312,1792.7371572029306,109162277.37762795,6644853.580137079,31.69098160406062,57.347065170047884,511.3470036319609,0.06569274998156592,8726.02502142857,31.84480313288103,57.55584020234764,509.2681302543669,0.022320804305505166,8721.419933180627,0.265921009145362
3,4,30.93388883935076,1.4812557067952814,29.1716670672098,32.9050011316935,59.055416642294944,1.0536538596944305,55.9700000127156,60.3949998219808,534.6979166666664,20.789333710407465,516.533333333333,598.583333333333,0.7140369488611492,0.6094112091259893,3.01727287781735e-05,1.26637441714604,12610.0399999999,525.4183333333292,769.0,209263.26529999997,8719.302720833331,18255.190000000017,209263.26529999997,0.0,0.0,CASE_23,49039.7899999998,837449.1059999999,0.0,837449.1059999999,2053.0273775894525,9004.034486616974,1826.8136937742968,111892631.99077389,6473326.586949767,31.28719879621536,58.25818595524632,523.8008239171372,0.4114763227173437,8722.439794444443,31.545674974847728,58.04827460753536,517.6188227648678,0.2494681634724543,8720.724678057164,0.834947043105068
4,5,29.584027573797396,1.1497432247956596,27.7716665903727,32.3800005594889,60.65756942431127,2.1600664180059757,57.3283334732055,64.8433331807454,566.5298611111106,25.484667221814743,535.066666666666,621.733333333333,1.2723801236185692,0.007706562390647742,1.25916314919789,1.28520241379737,9591.91,399.66291666666666,769.0000000000005,209532.45199999996,8730.518833333332,18255.19,209532.45199999996,0.0,0.0,CASE_23,58631.69999999979,1046981.5579999998,0.0,1046981.5579999998,2619.557238700563,12204.555631538191,1794.4952064083545,118706390.92983042,6198813.837573378,30.40814268141899,59.496577423150804,545.8545205333816,0.8558137683437826,8726.609620967742,31.04971294430109,58.70798091098729,529.9849686284713,0.5080903259226839,8723.200927935535,1.45010555816872
5,6,31.313244486951238,1.4773745308359008,29.6550004959106,33.3166662851969,59.53773710508452,1.6364824251411445,57.4599999109904,63.5300000508626,525.3546455938693,14.60500294415311,506.65,562.7,1.2588870726868295,0.00766035578799216,1.24784824053446,1.27082284771162,11136.34,464.01416666666665,769.0000000000002,209557.2048,8731.5502,18255.19,209557.2048,0.0,0.0,CASE_23,69768.03999999979,1256538.7628,0.0,1256538.7628,3144.9118842944326,14019.394463045248,1864.31971817134,110091851.0593459,6561915.987904511,30.867876931848066,59.51748392825999,535.4418856434705,1.0605494149942192,8729.119121428572,31.104561070326106,58.88067588270194,529.0212716881185,0.6643516757845572,8724.938639944517,2.20762944158703
6,7,31.468625079462935,1.496486688609586,29.7203391123626,33.5416660308837,58.93713270531307,0.7922502161624847,57.3200002034505,60.1699997584025,534.8208568738227,15.452048398280256,515.116666666666,568.666666666666,1.25517006410801,0.006136075796580679,1.24572104414304,1.26391533414522,10821.27,450.88625,769.0,209086.90159999998,8711.954233333332,18552.2236,209086.90159999998,0.0,0.0,CASE_23,80589.3099999998,1465625.6644,0.0,1465625.6644,3679.7327411682554,13582.534159630084,1854.67053236205,111824035.87480463,6579677.315476959,31.170616155842964,59.22502346945209,535.1289262634906,1.1586259625791218,8720.469099081363,31.169753205242756,58.89078548075135,530.0597905485339,0.770148214624366,8722.613551041562,2.52569658612718
7,8,30.774374801582713,1.2863488084140204,29.2466663996378,33.3866668701171,58.91166665024223,0.8938566008026873,57.2916666030883,60.6933333714803,519.1694444444441,17.962484481981654,488.683333333333,548.316666666666,1.2489897863732387,0.010144534649389742,1.23620145519574,1.26349292794863,9150.84,381.285,769.0,209628.36909999998,8734.515379166665,18255.19000000001,209628.36909999998,0.0,0.0,CASE_23,89740.14999999979,1675254.0335,0.0,1675254.0335,4198.902185612699,11429.305696735688,1812.9697096804553,108832643.92544188,6451181.99972792,30.971718534880953,59.06773063471146,527.1178922523615,1.203985058444404,8727.519780849672,31.106886042216995,58.89410569215996,528.3281705166986,0.8462864429038538,8724.50600182319,3.77189001817194
8,9,30.25523692712011,1.2989224332686033,28.5566668828328,32.3350000381469,60.64341959122036,1.6268729554070231,58.3900000254313,63.3516672134399,518.9052442528732,19.688413472068714,490.483333333333,558.3,1.2446968776658576,0.005079518764821807,1.2365786075592,1.25281172394752,11528.57,480.3570833333333,769.0,209619.0868,8734.128616666667,18255.190000000017,209619.0868,0.0,0.0,CASE_23,101268.7199999998,1884873.1202999998,0.0,1884873.1202999998,4717.807429865572,14349.575082952275,1834.7810278031293,108772443.43601823,6342075.135580555,30.612776672675913,59.857116882982055,523.0035323935181,1.2243808034946821,8730.83066532942,30.98376167965212,59.14700698088283,526.9658820235117,0.9038853177804941,8725.897159634322,4.4220241893227
9,10,30.147916536860947,1.2571229902484131,28.716666762034,32.4083342234293,60.96395827399354,2.0959284235181928,57.4916667302449,64.1566649119059,530.1986111111107,13.683274898936864,508.166666666666,559.066666666666,1.2475031397408862,0.004415685986058278,1.23805708090464,1.25415443181991,13053.71,543.9045833333333,769.0000000000002,209612.8986,8733.870775,18255.19,209612.8986,0.0,0.0,CASE_23,114322.42999999979,2094486.0188999998,0.0,2094486.0188999998,5248.006040976683,16284.544210267002,1837.9363258010305,111136467.70869407,6319392.172042296,30.380119400400975,60.41107855668478,526.6045884085792,1.235953272857396,8732.352206044314,30.871860438247076,59.390256710841946,527.3986731943984,0.9498881703159094,8726.964650981972,5.15808109565084
10,11,28.881180514229616,1.1511661939499622,27.3483332633972,31.2933330535888,60.39812497033009,2.22450978786479,57.4450000762939,63.9766662597656,549.6944444444442,20.348227506451607,518.25,583.183333333333,1.2592127692368253,0.010384569406492461,1.24712408185005,1.27907724777857,11847.47,493.6445833333333,769.0,209312.7709,8721.365454166667,18255.190000000017,209312.7709,0.0,0.0,CASE_23,126169.89999999979,2303798.7898,0.0,2303798.7898,5797.700485421127,14918.48550715021,1744.3691499891024,115058067.31500274,6045199.920296488,29.63028382666406,60.40459859946582,538.1551563522654,1.2475887024091965,8726.856146482658,30.621470996345764,59.517027251881004,530.2030545782181,0.9887952857972612,8726.260379165713,6.25431024008327
11,12,27.636110966735362,2.7972898569522098,22.4466664632161,31.8166665077209,59.07958339055375,1.1784800902367405,57.5866669972737,61.5599999745686,526.5638888888885,25.37742219175865,456.15,568.483333333333,1.2686154263714895,0.017816623467470493,1.24538914362589,1.2950990597407,13726.2599999999,571.9274999999958,769.0000000000091,209749.03899999996,8739.543291666665,18255.19000000001,209749.03899999996,0.0,0.0,CASE_23,139896.15999999968,2513547.8288,0.0,2513547.8288,6324.264374310016,17413.345182385794,1632.7299224498388,110446269.66654712,5796647.716970102,28.632953907950025,59.741929210490994,532.3581073254045,1.2581046317559061,8733.201268176637,30.264575772551574,59.46473150756967,529.7679978881589,1.0222473554645146,8727.8483310317,7.46932791888972
12,13,24.791614801353834,2.031998444272585,22.458333269755,27.1399998982747,57.88454093017142,1.229382214936258,55.9216667175293,59.7700000762939,409.13724105461364,15.670827261135045,389.15,446.833333333333,1.2983761918087309,0.004513155586353212,1.28778221011161,1.30854114294052,8098.92,337.455,769.0,209006.45499999996,8708.602291666664,18255.190000000097,209006.45499999996,0.0,0.0,CASE_23,147995.0799999997,2722554.2838,0.0,2722554.2838,6733.40161536463,10515.444907363566,1435.0512416940096,85512324.36130524,5181607.523356493,26.712049869295647,58.81312169050699,470.7401524670039,1.278242870063362,8720.900278335976,29.63687918512383,59.28349867252146,515.9327970157742,1.0539167076078622,8725.640993304552,9.25447388939832
13,14,25.95452793760259,1.978480031242713,22.6883332252502,27.8883329073588,59.31442204442172,2.0215405083624827,56.2883333841959,64.7116669972737,464.3808380414309,58.714149962032224,414.55,632.566666666666,1.2941485155619308,0.011229619033271694,1.27160942157109,1.30968770384788,13027.99,542.8329166666666,769.0,209306.5827,8721.1076125,18255.19,209306.5827,0.0,0.0,CASE_23,161023.0699999997,2931860.8665,0.0,2931860.8665,7197.782453406061,16860.153919255677,1539.4778240546946,97197966.28181405,5432453.548211277,26.333265784303308,59.06378716687087,467.5603011714967,1.2861961782440539,8721.003951745712,29.22862981109504,59.28692703835963,510.21741204390315,1.0805503660034517,8725.138393266889,11.1409886478879
14,15,29.142545826511366,2.053945082138489,22.9749999364217,31.2899996439615,59.58658783099068,0.8161882741132127,57.2283331553141,60.3783333460489,448.39326741996183,16.92145282889933,425.266666666666,482.466666666666,1.2633796550347483,0.006972822175094681,1.25569325884183,1.28277348478635,9598.34,399.93083333333334,769.0000000000002,209250.88889999996,8718.787037499998,18255.190000000017,209250.88889999996,0.0,0.0,CASE_23,170621.40999999968,3141111.7554,0.0,3141111.7554,7646.175720826022,12126.347478106225,1736.5048665100903,93826689.7844024,6098103.619006488,27.737948672927132,59.32519547647928,457.9764918210787,1.274787568476261,8719.895460794394,29.219347109279983,59.31924038673808,503.55072366637904,1.1002654126679863,8724.453506966718,13.5906382655144
15,16,25.53666655619934,1.8411948371259057,22.5383331616719,27.1133331934611,58.60520835452606,1.1214847695824408,56.5916668574015,60.3250000635782,429.2069444444441,13.908641994999359,409.233333333333,463.116666666666,1.303657520810758,0.0077648546965308485,1.29016586542129,1.31736675103505,12265.4199999999,511.0591666666625,769.0000000000005,209216.85379999998,8717.368908333332,18255.190000000017,209216.85379999998,0.0,0.0,CASE_23,182886.82999999958,3350328.6092000003,0.0,3350328.6092000003,8075.3826652704665,15989.907028902557,1496.5816642061197,89797326.54577798,5342701.033427706,26.637290819857224,58.965196422353046,443.59149863518473,1.289222764907127,8718.632165287503,28.831148170038915,59.243972800127295,495.71399283481526,1.121705393544139,8723.706704838543,15.9213014872209
16,17,27.08894646618994,0.5839316871175197,25.7666667938232,28.9466665903727,59.305352024465634,1.4848526122568864,56.5300001144409,62.0516668319702,454.7700670498081,36.412600316664474,415.566666666666,553.483333333333,1.2967738632155512,0.01153009030229357,1.27870011528333,1.31647663513819,12233.27,509.71958333333333,769.0000000000005,209306.58269999997,8721.107612499998,18255.19,209306.58269999997,0.0,0.0,CASE_23,195120.09999999957,3559635.1919000004,0.0,3559635.1919000004,8530.152732320275,15863.784797658907,1606.5195061492989,95186368.64844519,5669894.813781457,26.86312036596629,59.13527552100989,449.1808254856761,1.292998342866713,8719.869898336903,28.650881976930524,59.25032372900251,491.4775111370476,1.1398197866659319,8723.437775884811,18.771032627684
17,18,27.156625921424734,0.8431150756146879,25.3299998919169,29.518333307902,59.00476052350007,1.6256354202065577,56.1883333841959,60.558333269755,440.6344348659,13.046936095390599,416.083333333333,470.883333333333,1.3036653338988966,0.014946649816929293,1.28073680003484,1.32699170355069,10708.13,446.1720833333333,769.0,209705.7216,8737.7384,18255.190000000017,209705.7216,0.0,0.0,CASE_23,205828.22999999957,3769340.9135000003,0.0,3769340.9135000003,8970.787167186176,13959.817871882791,1602.3702091199407,92403562.12536176,5694899.835073639,27.009873703515066,59.07001777331642,444.9076138747794,1.298331858728553,8728.804183250044,28.498606941639675,59.22529913857422,486.2962497294345,1.156516782067234,8724.895108471015,21.2861677558073
18,19,29.634977690703664,1.2326965841097821,27.5416664759318,31.3366665840148,61.012264156191556,0.7253869467430603,60.211666615804,62.8266671498616,446.63879716981097,10.421711107916588,429.733333333333,468.183333333333,0.8779104547498937,0.5690640926696835,0.0,1.3004849632581,37562.1399999999,1565.0891666666623,2098.0799999999945,105224.15280000001,4384.3397,9282.300000000005,105224.15280000001,0.0,0.0,CASE_23,243390.36999999947,3874565.0663,0.0,3874565.0663,9417.425964355987,32976.19540877908,1808.0970871280556,46997189.0398044,3118315.420751194,28.322428200608393,60.04114281702801,445.77320717328337,1.0881207557933634,6556.567798412923,28.612976004605855,59.40514670574064,482.30495930541946,1.1284766863344118,8288.04361856025,25.6348956164278
19,20,31.006874765290103,0.9096333706216743,29.6316668828328,32.2199996948242,60.85159721639416,0.4502876161029126,60.0499999364217,62.0316661198933,472.6597222222219,47.43375593155886,404.166666666666,578.366666666666,1.0993343897390198,0.44447677492877097,0.0,1.3295716981093,39478.8099999998,1644.9504166666584,1997.8,105137.51800000001,4380.729916666667,9282.300000000005,105137.51800000001,0.0,0.0,CASE_23,282869.1799999993,3979702.5843,0.0,3979702.5843,9890.08568657821,43400.41349897249,1886.8178541566097,49694270.05301386,3259985.8537594345,29.664652762994344,60.44637040316622,459.21647751825424,1.0937275781132743,5468.647820018454,28.851460026493584,59.54924441818677,481.3440853664547,1.1255734841550817,7898.790780592172,30.1359548292024
20,21,29.89793541804092,1.9461338263999701,26.7749998092651,32.6400002161661,60.49745181033387,1.3654170901668663,57.7150001525878,62.3237287876969,460.25979284369095,22.49438906168682,435.116666666666,516.7,1.364489133177555,0.03318762506661198,1.32958679199218,1.42337883313496,41379.0699999998,1724.1279166666584,2004.2300000001007,105221.0587,4384.210779166667,9282.300000000005,105221.0587,0.0,0.0,CASE_23,324248.24999999907,4084923.643,0.0,4084923.643,10350.345479421901,56461.291355993104,1808.7489071814048,48429022.68005584,3145892.4176304922,29.781294146136577,60.47191111892881,459.7381354297185,1.2291084202000306,4926.429041042498,28.954843293044675,59.64291960477965,479.2611285654362,1.1491764091981593,7551.578830805899,34.574336965817
21,22,30.04097214672296,3.3517339243157283,22.8049996693929,33.1949998219807,60.31930553648201,0.7907786684013944,58.0666666666666,61.2316666285197,439.1805555555552,9.41454827040584,425.4,456.616666666666,1.2574477327832299,0.41542805219092255,0.0,1.52448011040687,41415.1899999998,1725.6329166666583,2307.6699999999983,105205.5882,4383.566175,9282.300000000005,105205.5882,0.0,0.0,CASE_23,365663.4399999989,4190129.2312000003,0.0,4190129.2312000003,10789.526034977456,52077.43676828644,1812.0505775311283,46204248.67322496,3160478.1447958057,29.911133177385807,60.395608309513406,449.45934304198175,1.2432780798699403,4654.997543306938,29.061411529695416,59.70928489448978,475.32852335460046,1.15979971967852,7240.7413815722175,40.2096444460182
22,23,26.34837686411625,2.4000085326874405,22.6366669019063,29.0333333333333,59.26726692845364,0.7894615106655969,56.9483331680297,60.6,437.1803436911485,53.35349799754195,377.216666666666,566.633333333333,1.141810606090298,0.5798662412029456,0.0,1.55963160594304,39963.6599999998,1665.1524999999917,2108.340000000004,105156.0826,4381.503441666667,9282.300000000005,105156.0826,0.0,0.0,CASE_23,405627.0999999987,4295285.313800001,0.0,4295285.313800001,11226.706378668605,45630.93084618637,1561.59628473707,45972172.3322828,2770692.093898937,28.12975480839418,59.831437551729124,443.3198426346797,1.1925443369321858,4518.2504761852815,28.79670449247095,59.66615781333822,471.6064582655194,1.1580445467643485,6961.76949323086,46.1004391780289
23,24,27.150663162739296,2.54524477169851,22.314999961853,31.4299997647603,59.57185581479488,1.3254065086419233,57.6431036324336,62.9633330027262,449.8783687252415,16.730531717970756,417.383333333333,488.433333333333,1.2403967732905252,0.6799321474269675,0.0,1.66866905319279,29476.0,1228.1666666666667,1920.6400000001,120292.4198,5012.1841583333335,18255.19,120292.4198,0.0,0.0,CASE_23,435103.0999999987,4415577.733600001,0.0,4415577.733600001,11676.584747393847,36561.93528951152,1617.415391206768,54116957.589635946,3266018.971020631,27.640208956387532,59.701646675525865,446.5991058754199,1.2164705565374694,4765.217331979679,28.6368386520888,59.65699907110342,469.4961957638959,1.1660427103967859,6772.423033740124,53.1308864334291
24,25,24.780694352255882,2.1183183436930384,22.3816667556762,27.4333331108093,60.34201388094156,0.9361219391353531,58.7666666030883,61.8883333841959,445.17569444444416,23.022499552152404,396.8,484.7,1.5309920879701726,0.11260406600781092,1.41902756889661,1.69070464769999,3337.7,139.07083333333333,252.0,209619.08679999996,8734.128616666665,18255.190000000097,209619.08679999996,0.0,0.0,CASE_23,438440.7999999987,4625196.820400001,0.0,4625196.820400001,12121.76044183829,5109.992292018045,1495.3170025831944,93317322.5350002,5194506.520389794,26.21045161171162,60.02183028777593,445.88740013872155,1.373731326940557,6749.673033464561,28.26373089697594,59.72327883608235,467.1430245791679,1.2013540038569765,6962.231170917407,62.9419384244209
25,26,24.65108513632285,1.8103233331731097,22.6466665585835,26.8716665903727,60.64284604619447,0.8029571765567226,59.3983331044514,62.5499999364217,452.6991172316381,52.18253588162486,386.366666666666,561.333333333333,1.4647521335905178,0.009190484251062314,1.44904025197029,1.48063541650772,3143.5699999999906,130.98208333333295,252.0,209640.74549999996,8735.031062499998,18564.60000000001,209640.74549999996,0.0,0.0,CASE_23,441584.3699999987,4834837.565900001,0.0,4834837.565900001,12574.459559069928,4604.55086459113,1494.9119607936593,94904180.4236325,5167871.86536269,25.430768362399046,60.33233817161213,449.2932587359311,1.4192417309436953,7742.352062774349,27.915258550641155,59.81197940750577,465.7497791249759,1.226761134909828,7133.233748731778,71.3971994310198
26,27,25.28810014008573,1.5954011185241763,22.708333269755,26.7616665204366,60.66030364270034,0.7026929029144956,59.7066667556762,62.5883333841959,421.2519420903952,26.569071550432838,381.6,467.383333333333,1.4554954172415415,0.015169054732945298,1.42184107502301,1.47609125971794,2581.7,107.57083333333333,252.0,209619.0868,8734.128616666667,18255.19,209619.0868,0.0,0.0,CASE_23,444166.0699999987,5044456.6527,0.0,5044456.6527,12995.711501160324,3757.6525186924873,1533.9838330446134,88302447.41371511,5300868.458271723,25.35943425071091,60.496320908377996,435.27260030870104,1.437368574227674,8238.240343415164,27.662483928989626,59.893601755335105,461.4683761172488,1.248769028093136,7287.265417671209,74.616940210258
27,28,27.034698614001,1.2070702823088708,24.4333333651224,29.5366665840148,61.054371469932256,2.0279029001984514,59.3766663233439,66.1183329264322,399.4793549905835,23.94972317099871,364.05,440.316666666666,1.4315884396447807,0.025441090322444255,1.39907520810763,1.47653580109278,2827.27,117.80291666666666,252.00000000000972,209532.452,8730.518833333334,18564.59999999999,209532.452,0.0,0.0,CASE_23,446993.33999999875,5253989.1047,0.0,5253989.1047,13395.190856150908,4047.487047754499,1650.5865317568798,83703888.77455539,5664646.689672631,26.197066435476376,60.775346190194576,417.37597758297215,1.434478506925461,8484.37958929119,27.602205616446078,60.005055843184934,455.5163515946466,1.2663228723220943,7425.842855517782,78.9215094699777
0,1,25.74955030219594,1.218601919250159,23.7566666603088,27.5049999554951,55.23438962495811,1.7933350310704275,50.8350001653035,58.0849999109904,508.33753654970724,22.55282428219839,472.45,555.116666666666,0.7048033243905033,0.5806272108167029,0.0210575374137414,1.21907837390899,2303.98,95.99916666666667,252.0,160181.55699999997,6674.231541666665,18255.19,160181.55699999997,0.0,0.0,CASE_24,2303.98,160181.55699999997,0.0,160181.55699999997,508.33753654970724,1623.8527633292317,1422.2606940589483,81426298.0860765,4124603.059455565,25.74955030219594,55.23438962495811,508.33753654970724,0.7048033243905033,6674.231541666665,25.74955030219594,55.23438962495811,508.33753654970724,0.7048033243905033,6674.231541666665,0.17107138054188
1,2,27.25291651752255,3.645057532094815,22.5716665903727,35.1933331171671,55.95778368893312,1.9917228460129397,52.05,58.601666577657,465.7909957627115,17.23860799636467,438.7,504.633333333333,1.211677359165215,0.021944405768701193,1.15643920699755,1.23042335112889,2669.12,111.21333333333332,252.0000000000099,209145.68949999998,8714.403729166666,18255.19,209145.68949999998,0.0,0.0,CASE_24,4973.1,369327.24649999995,0.0,369327.24649999995,974.1285323124187,3234.1122728950586,1525.0128073800793,97418178.97168386,5699830.015943192,26.751794445747013,55.716652334274784,479.97317602504336,1.0427193475736445,8034.346333333332,27.11637099387799,55.892080322541204,469.6553500576248,1.1656397538269123,8529.101986432788,0.207125143543332
2,3,32.32678386420577,4.426854802927107,24.6149998029073,39.1333331425984,55.362820847737794,2.456366023720573,47.9266665140787,57.9550001780192,461.19046934865855,36.49433912595658,416.75,520.516666666666,1.1570285939850529,0.024149223590702654,1.12303782105445,1.19822881619135,3098.56,129.10666666666665,252.00000000000972,209637.65139999997,8734.902141666666,18255.19,209637.65139999997,0.0,0.0,CASE_24,8071.66,578964.8979,0.0,578964.8979,1435.3190016610772,3585.1225201783254,1789.7019436575652,96682886.84231645,6776911.046607514,29.937502684866306,55.51446291339651,469.2402007813949,1.108038916951592,8434.663938095237,29.61185844017518,55.63859553965054,465.60116009814476,1.161515504594036,8627.668398848364,0.375799416269509
3,4,25.370608417372647,1.8699839748342943,22.5316665967305,27.5316666285196,55.54117709993189,2.2062110218552604,50.2916669209798,58.9216667175293,478.69105907851116,29.556758706067047,442.016666666666,578.216666666666,1.2131666025308752,0.006691730682454257,1.20307160218556,1.22932328612117,2820.83999999999,117.53499999999958,252.0,209551.0166,8731.292358333334,18255.190000000017,209551.0166,0.0,0.0,CASE_24,10892.499999999989,788515.9145,0.0,788515.9145,1914.0100607395884,3422.148879083182,1409.113455242317,100310198.06723267,5316436.785620956,27.50182574220302,55.528710479548714,474.2806585398569,1.1641070159272098,8592.865762222222,28.219106876070462,55.60660504544215,469.8996516232521,1.1784768124755562,8661.696676095751,0.397850567912061
4,5,26.063127293627094,2.3588005597629653,22.4283330599466,31.0633331616719,56.239592771790534,1.6463707264454341,52.7116664250691,58.6783332824707,479.74080743879443,61.73471430628304,418.333333333333,636.216666666666,1.2122982795152015,0.01244300680626067,1.18418326179186,1.23221863706906,2775.82999999999,115.65958333333292,252.0,209520.07559999998,8730.003149999999,18255.190000000017,209520.07559999998,0.0,0.0,CASE_24,13668.32999999998,998035.9900999999,0.0,998035.9900999999,2393.750868178383,3365.13393322667,1465.779665352927,100515330.24298124,5460748.400933172,26.75927170422835,55.89561746909288,477.0987999070505,1.1889799261661733,8663.646349462366,27.674011967090806,55.766642918661745,472.3877846172799,1.1870278718861655,8678.966557257316,0.959476613115094
5,6,25.618390900962936,2.1391572237338137,22.2783334096272,29.3766665140787,56.34650892093352,1.2435475321152354,53.2133333841959,58.3516667683919,539.853060263653,62.74899738287627,470.833333333333,651.406779661016,1.2178682374976633,0.010182092466911935,1.19379339019457,1.23659373919169,3192.40999999999,133.01708333333292,252.0,209529.3579,8730.3899125,18255.19,209529.3579,0.0,0.0,CASE_24,16860.73999999997,1207565.348,0.0,1207565.348,2933.603928442036,3887.934740069903,1443.5068914410704,113115065.07739322,5367804.9959099665,26.179776693045916,56.12464169859924,508.9739797707216,1.2036533541440728,8697.547841798943,27.246180967579896,55.88732890277731,486.42915478402807,1.193446595970222,8689.669164772973,1.9316115331455
6,7,25.385488426730962,2.017288090338313,22.2116666793823,27.4249997456868,56.88755744946866,1.0365070832563117,54.171666653951,58.1283332824707,460.0181752873559,55.185586173204015,410.316666666666,588.783333333333,1.2213036762029448,0.008129424300018872,1.20424835880597,1.2368200302124,2739.84999999999,114.16041666666625,252.0000000000009,209086.90159999998,8711.954233333332,18255.19,209086.90159999998,0.0,0.0,CASE_24,19600.58999999996,1416652.2496,0.0,1416652.2496,3393.6221037293917,3346.188877244626,1444.1184312584794,96183774.95051894,5307773.120747835,25.77950544072972,56.50910317935234,484.303338141309,1.2125480046304336,8704.807755643043,26.91299087980102,56.0664376109355,481.69979924374763,1.1984349015630253,8693.65970258982,2.83790329615919
7,8,25.911997070074957,2.343621121839128,22.1666667938232,29.7250003178914,57.049197796478076,0.8241638149856902,55.771666653951,58.4283332188924,469.2513888888886,30.34787537435952,436.416666666666,528.7,1.219798002166533,0.01280296756218889,1.19296362400054,1.23795151313145,3728.56,155.35666666666665,252.0,209606.71039999998,8733.612933333332,18255.19,209606.71039999998,0.0,0.0,CASE_24,23329.14999999996,1626258.96,0.0,1626258.96,3862.87349261828,4548.090038958047,1478.2586461524666,98358239.97563104,5431328.465752849,25.846011042910856,56.78020949696839,476.74784988911364,1.2161872190799266,8719.266825228759,26.753827808572844,56.22270144383027,479.72043912709495,1.2018317424525222,8700.012468060335,3.60880156677143
8,9,25.495138849152415,1.9135342798549388,22.3849997838338,27.3049999554951,56.65680555767477,0.7705705081406177,55.3016669591267,57.9250000635782,456.32986111111086,35.53297242206708,410.7,529.75,1.2228926762938455,0.007741118005594453,1.20771820743878,1.23849462072054,3079.2700000000004,128.30291666666668,252.00000000000972,209235.41839999997,8718.142433333333,18255.19,209235.41839999997,0.0,0.0,CASE_24,26408.419999999962,1835494.3783999998,0.0,1835494.3783999998,4319.203353729391,3765.61673133135,1444.4731244423485,95480369.41799715,5334486.044268499,25.67023162685966,56.71838677982716,466.51887703751146,1.2195465087996196,8718.70352909328,26.57185700269881,56.28546061466298,476.33882343914297,1.2048765575157527,8702.633548007452,4.28353088024195
9,10,25.01465270588965,2.0513226119930446,22.2683334032694,27.3216666221618,56.47774494461145,1.0801646918464307,54.1499998728434,57.8333332061767,495.730116959064,99.27817242158123,412.1,706.3,1.229740338977312,0.007555910986583365,1.21450708111127,1.24478569030761,2978.99,124.12458333333332,252.00000000000023,209547.92249999993,8731.163437499998,18255.19,209547.92249999993,0.0,0.0,CASE_24,29387.40999999996,2045042.3008999997,0.0,2045042.3008999997,4814.933470688455,3663.3841724100225,1412.7711754012703,103879216.12945384,5241768.506578177,25.342121746569685,56.59794824646407,481.13877424165116,1.224648406210156,8724.939573183445,26.363381670351572,56.31120324822321,478.93489022979594,1.2082052698203805,8706.453071371197,5.47532889448767
10,11,26.794513723585297,3.4971927268808436,22.3449994723002,34.9483332951863,56.4056250095367,1.03177580299083,54.6183332443237,58.254999923706,587.5854166666663,68.95213706846131,468.816666666666,698.433333333333,1.221947286774711,0.02040486250420467,1.17274776498476,1.24385035037994,2600.99,108.37458333333332,252.0,209619.08679999993,8734.128616666663,18255.19,209619.08679999993,0.0,0.0,CASE_24,31988.399999999958,2254661.3877,0.0,2254661.3877,5402.5188873551215,3178.272673428155,1511.3612934054372,123169118.45866406,5616641.497988015,26.0686724961857,56.50173965114721,534.3880960995972,1.2232971867172904,8729.536339439826,26.417609832746006,56.32307969899431,492.60104737971517,1.2099337525936678,8709.934125385576,7.22897646944435
11,12,25.57321260226395,1.7391776664062015,22.8199996312459,27.7133331934611,56.279700319529915,0.8045742652693072,54.7566669464111,57.3849999109903,561.1092836257307,68.21385234406732,452.45,664.516666666666,1.224688019751625,0.012566673729517688,1.18410782615343,1.24013905723889,3053.54999999999,127.23124999999959,252.0,209179.72459999996,8715.821858333331,18255.19,209179.72459999996,0.0,0.0,CASE_24,35041.949999999946,2463841.1122999997,0.0,2463841.1122999997,5963.628170980852,3739.6461027125624,1439.2527414630408,117372685.4193336,5349397.569278821,25.82088205351128,56.39069287430907,547.7519525229235,1.223992773055341,8722.67742434676,26.31666343581062,56.3178937605519,500.791102202,1.2116976026576567,8710.637994850964,9.29202977830949
12,13,25.173402664396445,1.939269084954915,22.3266664505004,27.4366667111714,56.68215279446704,0.7840726239576682,55.3866666793823,57.9166666666666,499.08472222222196,35.457332508615785,449.6,582.766666666666,1.2332668550312482,0.0074346102647152405,1.21743389169375,1.24685258467992,2775.83,115.65958333333333,252.00000000000023,209674.78059999997,8736.449191666665,18564.60000000001,209674.78059999997,0.0,0.0,CASE_24,37817.77999999995,2673515.8929,0.0,2673515.8929,6462.712893203074,3423.3391342013897,1426.8826561799629,104645479.63275632,5278227.680612779,25.497102835123496,56.53644062586162,523.4153665979236,1.228630380157443,8729.564148671303,26.185542295255576,56.35967080842992,500.5953966422859,1.2141713908281775,8713.59829371732,11.5025111386586
13,14,24.99850266893476,2.0228237243179943,22.2883331616719,27.2533332824707,56.48993302323348,1.0788619797129653,54.0449999491373,57.768333307902,433.8531609195399,34.31023038745953,381.466666666666,486.766666666666,1.2351172333675964,0.006040189228164465,1.2196214278539,1.24698836008707,3092.12999999999,128.83874999999958,252.0,209219.94789999997,8717.497829166665,18255.19,209219.94789999997,0.0,0.0,CASE_24,40909.90999999994,2882735.8408,0.0,2882735.8408,6896.566054122613,3819.143050812934,1412.163741449248,90770735.72383644,5230185.42597254,25.247787535030827,56.51318540516152,478.6315303702902,1.2318740047376526,8723.53062066166,26.05393937315002,56.374112523540326,493.19591893807865,1.2164935829631562,8714.030621542448,13.9459630537342
14,15,27.1697258195247,4.002029899686407,22.2616663614908,35.6316666920979,56.436346512133696,1.0697586120112659,54.0333335876464,58.1516666412353,501.1484272517693,95.73859825714473,395.355932203389,672.0,1.2279471827666404,0.022708688089192405,1.17148049672444,1.25035263101259,3337.7,139.07083333333333,252.0,209653.12189999997,8735.546745833331,18255.19,209653.12189999997,0.0,0.0,CASE_24,44247.609999999935,3092388.9627,0.0,3092388.9627,7397.714481374383,4098.519311920216,1533.3600609903617,105067332.30860846,5696217.839230388,26.208786004623637,56.47476478614337,489.8903224020952,1.2299105338317697,8729.538866604611,26.174258070304536,56.38082340665834,494.0534624604279,1.2177286599893757,8716.350771649044,17.1702886809479
15,16,31.207459724855653,4.257107044752934,26.303333568573,38.5616666793823,57.703040945878456,1.1728858329368335,55.5583332061767,60.2666664123535,531.9006578947366,39.149695389460426,443.566666666666,613.116666666666,1.2104870670240817,0.045025852428815565,1.15927547812461,1.26528821984926,3499.68,145.82,252.0,209551.0166,8731.292358333334,18255.19000000001,209551.0166,0.0,0.0,CASE_24,47747.289999999935,3301939.9793000002,0.0,3301939.9793000002,7929.615139269119,4236.317378722838,1800.7653263201985,111460323.59205087,6539554.9108470585,28.708161002175522,57.08891223715732,510.8958106667305,1.2201986522363732,8730.415625847258,26.704818219391772,56.52020107973449,498.04301325341146,1.2169653087654442,8717.92579506414,19.2099713795737
16,17,30.246249932712942,2.8336458503865676,27.2216667811075,36.7583332061767,57.96277778148646,1.411153096797405,54.3816668192545,59.4416664123535,498.9861111111107,30.613004327419713,441.116666666666,540.383333333333,1.252613056864999,0.01538091410033633,1.22770782907803,1.2843877295653,3124.2799999999907,130.17833333333294,252.0000000000099,209619.0868,8734.128616666667,18255.19,209619.0868,0.0,0.0,CASE_24,50871.56999999993,3511559.0661000004,0.0,3511559.0661000004,8428.60125038023,3913.513921302167,1753.1566635731401,104597012.93699434,6340191.290019848,29.47721133483263,57.525848342879826,504.94091545667567,1.2364059782027703,8732.272135421006,27.07125134346882,56.66946497364366,498.140595904238,1.2206537931863908,8719.602306435612,22.7474913197349
17,18,30.59730810472517,5.68346030134949,22.7516665140787,37.9766667048136,57.35909600491348,1.147349954577385,53.975,59.0649997075398,502.3843808851222,49.547217964676314,434.65,589.583333333333,1.3076236976685898,0.07323089680315337,1.21289282639821,1.3956203897794,3173.12,132.21333333333334,252.0,209650.02779999998,8735.417824999999,18255.190000000097,209650.02779999998,0.0,0.0,CASE_24,54044.68999999993,3721209.0939,0.0,3721209.0939,8930.985631265352,4149.246907546156,1755.0339330708484,105324899.41885164,6414726.494760796,30.03726185620209,57.4424718558406,503.6626432946776,1.272014973773218,8733.844986210452,27.43058093479251,56.739743149353465,498.57306696925383,1.2295166284584793,8721.214017252283,27.8809451391752
18,19,26.241944359408436,2.560359143249117,22.5916667938232,31.0383331934611,57.56229165130188,0.6619455725368352,56.1733333587646,58.5266667048136,510.37152777777743,39.08984471913252,420.333333333333,559.916666666666,1.3976271224518573,0.013168035768183319,1.36301847100257,1.41195206244786,3072.83999999999,128.0349999999996,252.0,209690.2511,8737.093795833332,18255.190000000017,209690.2511,0.0,0.0,CASE_24,57117.52999999992,3930899.345,0.0,3930899.345,9441.35715904313,4294.684526954951,1510.5464547135045,107019933.81401277,5502679.902076583,28.139599488301542,57.50238186784052,507.01709193433055,1.334821167905846,8735.469394120204,27.310951622399543,56.822527840432116,499.7605129750803,1.2464359654694337,8722.81222399768,33.738750930344
19,20,30.343749826484213,2.306527377387752,26.5133333206176,34.1666662851969,57.614097197850505,0.8296204234539785,55.6583335876464,59.2316662470499,492.32569444444425,28.17651330976782,457.6,547.716666666666,1.399201708783701,0.04697409717118542,1.35200528701146,1.47726023395856,3066.41,127.76708333333333,252.0,209554.1107,8731.421279166667,18255.190000000017,209554.1107,0.0,0.0,CASE_24,60183.939999999915,4140453.4557000003,0.0,4140453.4557000003,9933.682853487573,4290.526111831428,1748.2277518503208,103168873.07406545,6358657.510192178,29.241675708414665,57.55823958611558,499.6713861839765,1.367011469043837,8733.445334713142,27.61308382830672,56.90138524537361,499.0198444663232,1.261654733059188,8723.66987183771,41.4030092153678
20,21,30.78068608440692,2.6122570097467914,26.9616665840148,34.5416668574015,58.187375222626336,0.8122639992475095,56.646666653951,59.5650001525878,482.6951741996231,45.95845305553594,419.266666666666,622.2,1.4194124897741958,0.11928403022144762,1.22149217923482,1.60844853520393,3085.7,128.57083333333333,252.0,209615.9927,8733.999695833334,18255.19,209615.9927,0.0,0.0,CASE_24,63269.63999999991,4350069.4484,0.0,4350069.4484,10416.378027687197,4379.881119696236,1791.0473308032585,101180628.11135343,6452124.069570033,30.011181263339637,57.872807554368656,491.18327614435356,1.3932119919023993,8733.722515405409,27.92601719589029,57.02843060704596,497.4070996744505,1.2772399177130327,8724.690374523383,50.9887289038952
21,22,26.211531173419544,2.190569365250858,22.7849998474121,31.7983328501383,57.9033827586811,1.1084654569935377,55.5316666920979,59.6750003178914,514.3382886064027,34.96216939473015,462.716666666666,565.033333333333,1.2933897656235935,0.017210657737527838,1.25433545509974,1.31312741438547,3053.54999999999,127.23124999999959,252.0,209557.2048,8731.5502,18255.19,209557.2048,0.0,0.0,CASE_24,66323.1899999999,4559626.6532000005,0.0,4559626.6532000005,10930.7163162936,3949.4303188199115,1517.7363222256133,107783294.08197343,5492815.206229864,28.111355765425895,57.88809516016973,502.7607851356713,1.343300866863257,8732.636357443744,27.757796131181177,57.114278715801895,499.0683454306682,1.2788245002496053,8725.363443379163,62.1038277985438
22,23,24.620972167121,1.9518278890175371,22.4283330917358,27.0516666094462,58.37069446775644,0.8797143030926136,57.1450000127156,60.3750001271565,452.88749999999965,27.935542644166993,390.35,508.45,1.2962645530700634,0.0073421641307776985,1.28431229790051,1.31231282552083,2901.83,120.90958333333333,252.0,209690.25109999996,8737.093795833332,18255.19000000001,209690.25109999996,0.0,0.0,CASE_24,69225.0199999999,4769316.9043000005,0.0,4769316.9043000005,11383.603816293598,3761.539368035302,1437.143243866155,94966093.59505115,5162777.836049713,26.366163758230346,58.129394842728246,477.82413959515566,1.319782707163077,8734.865076904221,27.451740558668313,57.23686546172209,494.56254426064754,1.280526102064618,8726.5079576322,70.9698482691883
23,24,24.48452673988822,1.9721928870384133,22.2216666857401,26.793333307902,58.560808657701806,1.1682822285215932,55.9033333460489,61.5466667175293,488.40410781544216,52.26933566743937,405.066666666666,609.333333333333,1.2781600597032117,0.01097129816735524,1.25916313727696,1.29752801259358,3173.12,132.21333333333334,252.0,209603.61629999994,8733.484012499997,18255.19,209603.61629999994,0.0,0.0,CASE_24,72398.1399999999,4978920.5206,0.0,4978920.5206,11872.00792410904,4055.7552486454547,1433.8336854889774,102371267.21389174,5132045.348074619,25.425345192982128,58.34510176307216,483.1141240206066,1.2989713821926927,8734.17454466095,27.16356059491847,57.365448680029274,493.96442828386745,1.2802963087151717,8727.185481855833,85.1305767820656
24,25,24.3380793941145,1.99306014932983,22.20500014623,26.7249999046325,58.844985633152156,0.7002989192130616,57.4916666030883,60.4433333714803,469.90538793103406,34.38002913955852,402.683333333333,520.6,1.2531255801147616,0.014609529556254606,1.22902034719785,1.27859451770782,3250.27999999999,135.42833333333292,252.0,209680.96879999997,8736.707033333332,18255.190000000097,209680.96879999997,0.0,0.0,CASE_24,75648.41999999988,5188601.4894,0.0,5188601.4894,12341.913312040075,4073.009010535395,1432.1739322851843,98530216.98571904,5103232.0660892455,24.881712277346793,58.59504370556101,476.5097557789948,1.2760484804705716,8735.440789034878,26.89017638883696,57.508603777002726,491.63655519659625,1.2776673589755785,8728.106755651816,93.7727551480251
25,26,24.627986015213807,1.62891361886233,22.2866666793823,26.6583333651224,59.29861112700562,1.4672155470559776,57.2883333841959,61.9350001017252,476.38611111111095,46.082555666199646,384.133333333333,574.866666666666,1.2156631285117692,0.013996612332224387,1.19398951729138,1.23819285035133,3389.14,141.21416666666667,252.0,209671.6865,8736.320270833334,18255.19,209671.6865,0.0,0.0,CASE_24,79037.55999999988,5398273.1759,0.0,5398273.1759,12818.299423151186,4120.052535364377,1460.4053655574962,99884679.34184302,5163791.3629082935,24.75484914438989,58.946827421525306,476.44793344413165,1.2458558040412644,8735.880529940658,26.67196767434348,57.681266169758125,490.16551198195356,1.2716864903535468,8728.899023451258,102.852331922815
26,27,25.65993045238447,1.5971521848437016,23.7033336321512,29.4416664759318,58.639170163409595,1.1580055709090604,56.6349997838338,60.1183332443237,478.7026365348395,61.994543690307935,405.266666666666,635.533333333333,1.2120029749941528,0.011275716185914674,1.1880453924338,1.24107439517974,3117.85,129.91041666666666,252.0,209612.89859999996,8733.870774999998,18255.19,209612.89859999996,0.0,0.0,CASE_24,82155.40999999989,5607886.0745,0.0,5607886.0745,13297.002059686025,3778.843475585519,1504.6770281786287,100342247.21152994,5378652.399998717,25.207389801758872,58.79299879132134,477.575284997885,1.2289293893915971,8734.875652462842,26.574593521018684,57.773431841459114,489.0626001847276,1.265943982420569,8729.377385399906,107.513933483188
27,28,25.052623338316646,1.1261226005398475,23.5216667493184,26.6350000699361,58.90327925976407,1.0982162570992047,57.0700001398722,61.3850001017252,445.5356481481478,42.820818532410954,380.0,514.75,1.2814920939505046,0.030910513252408275,1.24320159753163,1.34328538179397,3719.53,154.98041666666668,252.0000000000009,209597.42809999996,8733.226170833332,18255.19,209597.42809999996,0.0,0.0,CASE_24,85874.93999999989,5817483.5026,0.0,5817483.5026,13742.537707834173,4766.54828821172,1475.6816686865482,93383125.9787183,5250965.418869204,25.130006569749483,58.84813902574812,461.5554665133379,1.2552107417689564,8734.050911645014,26.428457904009964,57.88191685087406,484.88325550066696,1.2674368716358582,8729.74693576327,111.369104877472
0,1,30.47102040413853,1.4814691640896414,28.6650001525878,32.5666657765706,57.98273428784023,1.7752465703893094,54.8466670354207,60.7833335876464,622.4168079096041,4.842594549913087,615.25,631.033333333333,1.0581829716495263,0.004690383791569532,1.05214372873306,1.06635581453641,11502.8499999999,479.2854166666625,769.0,209656.216,8735.675666666666,18255.19,209656.216,0.0,0.0,CASE_25,11502.8499999999,209656.216,0.0,209656.216,622.4168079096041,12172.119995438648,1766.7930795725226,130493552.72112647,6388438.835590475,30.47102040413853,57.98273428784023,622.4168079096041,1.0581829716495263,8735.675666666666,30.47102040413853,57.98273428784023,622.4168079096041,1.0581829716495263,8735.675666666666,0.188794678805103
1,2,31.722222207652152,1.6573616658346197,29.5716669400533,33.9883335113525,59.18958341545524,1.485060070976248,57.2200003941853,61.9950001398722,619.8826388888887,5.07649238950574,609.066666666666,630.166666666666,1.0468906133539104,0.007839699225161392,1.03626413742701,1.05741551717122,11412.83,475.53458333333333,769.00000000001,209625.27499999997,8734.386458333332,18255.19000000001,209625.27499999997,0.0,0.0,CASE_25,22915.6799999999,419281.4909999999,0.0,419281.4909999999,1242.2994467984927,11947.984598803909,1877.6251174834338,129943068.64480896,6649779.553890188,31.305154939814276,58.78730037291691,620.7273618957938,1.0506547327857823,8734.816194444444,31.60857990033938,59.079969507406645,620.1128086455386,1.0479162589756739,8734.503552641538,0.195463434126981
2,3,31.178912961602958,1.5664078876643261,29.0833336512247,33.2533327102661,58.54721737684414,0.961364000798086,56.3316663106282,59.8466667811075,647.1309865900379,6.736785269822327,633.2,661.533333333333,1.0436131846487937,0.003980666240704064,1.03781621257464,1.0510791003704,12989.41,541.2254166666667,769.0,209674.78059999997,8736.449191666665,18255.190000000017,209674.78059999997,0.0,0.0,CASE_25,35905.089999999895,628956.2715999999,0.0,628956.2715999999,1889.4304333885307,13555.919536808888,1825.4385947366716,135687047.6327277,6537431.734570595,31.233016666550668,58.65011008944675,635.8151474353618,1.0466309909932174,8735.749335714285,31.402794201894675,58.82481194371761,633.0529586029987,1.0458553343943675,8735.435401591529,0.228737771254716
3,4,30.719166460302095,1.403582411098994,28.9499998092651,32.6499996185302,59.42298611799871,0.851144148539511,57.9783333460489,60.9400002797444,654.3423611111106,12.637211713353484,635.833333333333,681.05,1.04504355465372,0.0040090631362319435,1.0389449596405,1.05181022485097,10412.35,433.84791666666666,769.0000000000095,209371.5588,8723.81495,18255.190000000017,209371.5588,0.0,0.0,CASE_25,46317.43999999989,838327.8303999999,0.0,838327.8303999999,2543.7727944996413,10881.359256298661,1825.424602127023,137000680.13470572,6431719.766830128,30.9589632232181,59.0623106380078,645.6963280624278,1.0457843582788189,8729.384329999999,31.17830293133777,59.02124177274395,640.044022200432,1.0455887602717817,8731.619450623608,0.777128045550175
4,5,29.48680535289971,1.1416253605911117,27.64166653951,32.0049996376037,61.03798607720264,2.061600295553022,57.6683334350585,64.6283339182535,695.3836511299432,29.00063270410032,661.1,759.65,1.0512523827832252,0.005961264990829696,1.04381912549336,1.06196905771891,13822.71,575.94625,769.0000000000091,209668.5924,8736.19135,18255.19,209668.5924,0.0,0.0,CASE_25,60140.14999999989,1047996.4227999998,0.0,1047996.4227999998,3239.1564456295846,14531.156824021513,1799.815214591477,145800111.31038788,6182456.972715268,30.199139806279575,60.082014090495456,671.3413980327583,1.0486065644746414,8732.89763064516,30.750642703909705,59.53113391737562,654.0355044203673,1.0470206902503911,8732.77536095538,2.09852681102451
5,6,30.984798923988738,1.3823120992911584,29.3316660245259,32.9050014495849,59.83884138391724,1.7791544003211262,57.733333269755,64.0349998474121,652.4850146198827,18.19454204130004,629.516666666666,702.616666666666,1.0405374918154757,0.0057157525446009765,1.03249307076136,1.04806480805079,10753.14,448.04749999999996,769.0,209578.8635,8732.452645833333,18255.190000000017,209578.8635,0.0,0.0,CASE_25,70893.28999999989,1257575.2862999998,0.0,1257575.2862999998,3891.6414602494674,11189.045324740664,1854.0944681251317,136747067.8148159,6493758.944265583,30.598204754957244,59.95849779509065,661.7635524897104,1.044507987885859,8732.671606613756,30.799377021400826,59.59517626211353,653.7128050610334,1.0456713592320717,8732.708195106821,2.74083809926504
6,7,31.123733090760556,1.4103615710677335,29.3133326848347,33.1249991734822,58.989458775337575,0.9121475457692462,57.7550001780192,60.7083334604899,664.1902538314173,19.20717626888233,639.95,706.666666666666,1.0353618550774426,0.005043167000022579,1.02796521782875,1.04299821058909,11515.71,479.82124999999996,769.0000000000091,209680.96879999997,8736.707033333332,18255.19,209680.96879999997,0.0,0.0,CASE_25,82408.99999999988,1467256.2550999997,0.0,1467256.2550999997,4555.831714080885,11922.926868133856,1835.9721700920297,139268055.89088947,6526054.507143291,30.863037932054972,59.47016317096312,662.986457102854,1.0398989130847671,8734.705207480314,30.85745874358168,59.48671177474798,655.5889785818398,1.0438252591812431,8733.424258201854,2.7480398492707
7,8,31.460075209549327,1.8281480704325281,29.3033327102661,33.9883335113525,58.63425612472091,0.9546629952276249,56.8750001271565,59.9416671117146,644.1569444444441,21.814061106540294,606.6,679.416666666666,1.0298801497452732,0.0068138875215181015,1.01970475514729,1.0399710992972,9981.53999999999,415.8974999999996,769.0000000000002,209619.0868,8734.128616666667,18255.19,209619.0868,0.0,0.0,CASE_25,92390.53999999988,1676875.3418999997,0.0,1676875.3418999997,5199.988658525329,10279.789909888425,1844.6381075396982,135027590.4503227,6594632.236085048,31.162727232130568,59.05057061441801,653.5347801605933,1.034869886781021,8734.415781503267,30.95327780516242,59.351167021098355,653.7712274169338,1.0416079163516712,8733.536254755096,3.8961151576283
8,9,31.86494923704309,1.8047168015484825,29.6700002670288,34.4950000762939,59.08346986600005,0.9611060482208242,57.551666577657,60.1716665267944,643.5432674199619,23.16739007845286,610.283333333333,690.75,1.0261812588855879,0.007213679870266997,1.01438162326812,1.03676439325014,13803.4199999999,575.1424999999958,769.0000000000091,209634.5573,8734.773220833333,18255.19,209634.5573,0.0,0.0,CASE_25,106193.95999999977,1886509.8991999996,0.0,1886509.8991999996,5843.531925945291,14164.810912526398,1882.6917680284566,134908907.9689792,6679994.5266945,31.51452534026678,59.06705243125755,648.5292473590246,1.0305170712404519,8734.594850913241,31.08507969625714,59.312465587611676,652.2925538263166,1.0393776582167793,8733.715085047052,4.46978846651046
9,10,31.737426993357445,1.5501826627019517,30.0783336321512,34.3983340581258,59.07604627784358,1.136483440514424,56.546666653951,60.2266665140787,656.7785663841804,16.050983599612948,632.75,697.866666666666,1.0279250011367151,0.004774614928363365,1.01770379543304,1.03504559596379,11892.48,495.52,769.0000000000091,209715.00389999995,8738.125162499999,18255.19,209715.00389999995,0.0,0.0,CASE_25,118086.43999999977,2096224.9030999995,0.0,2096224.9030999995,6500.310492329471,12224.57751751836,1874.9217057992664,137736319.61069477,6655814.6256879205,31.6260851119016,59.071553750370015,652.6579387968347,1.0292197692921496,8736.361732176603,31.17241462067745,59.28081425305127,652.8931320297231,1.0378443998665952,8734.305497213627,5.92888133297791
10,11,30.24762225481071,1.1230527300151323,28.4450000127156,33.0366664886474,59.02709385087032,1.2126098347692458,56.4283332188924,60.7966665267944,677.6706920903952,25.883756906490145,642.583333333333,723.25,1.0388129649462559,0.007072479655635138,1.03040232658386,1.05078410108884,9977.71,415.73791666666665,769.0000000000091,209640.74549999996,8735.031062499998,18255.19000000001,209640.74549999996,0.0,0.0,CASE_25,128064.14999999976,2305865.6485999995,0.0,2305865.6485999995,7177.981184419867,10364.974508473906,1785.4292376003857,142067389.09333137,6341134.079100907,30.936516980166832,59.0493129408499,665.1704250560463,1.034018710352142,8735.696072309069,31.056093437362026,59.248901081508926,656.009674955794,1.0379662268196956,8734.39675944264,7.62103366164237
11,12,28.6895138263702,2.957721938723163,23.3716665267944,33.7816666920979,58.56763884491385,0.875293118938985,57.161666615804,60.0833335240681,650.5361111111107,30.516581962784702,568.316666666666,700.766666666666,1.0450863363421183,0.012372126642959343,1.02787543137868,1.06495774189631,11097.7599999999,462.4066666666625,769.0,209588.14579999997,8732.839408333331,18255.19,209588.14579999997,0.0,0.0,CASE_25,139161.90999999965,2515453.7943999995,0.0,2515453.7943999995,7828.517295530977,11598.117340004002,1680.2770844190122,136344657.30372044,6012982.006772392,29.812741043909075,58.80841708041594,657.8514812320589,1.0395538747056148,8734.26739152218,30.773172465849616,59.16745722348827,655.3553187729805,1.038817425018988,8734.210580500345,9.2566861805404
12,13,25.344791596465598,1.6712734566948415,23.2550000508626,27.2833333015441,57.67583340273959,0.9030289128950564,56.3666666666666,59.0933334350586,508.46527777777743,18.584651122102038,483.283333333333,553.483333333333,1.0661350873609334,0.0038919795340667425,1.05735139052073,1.07383382717768,11528.57,480.3570833333333,769.0,209687.15699999998,8736.964875,18564.599999999977,209687.15699999998,0.0,0.0,CASE_25,150690.47999999966,2725140.9513999997,0.0,2725140.9513999997,8336.982573308755,12291.012984096637,1461.7819777449042,106618638.53043741,5314477.294620362,27.578493584901814,58.24205610571659,583.1492605814989,1.0528461036198116,8735.616297922514,30.15058879223999,58.996382153350325,638.5084276759968,1.041950501157989,8734.526471892099,11.1814734469724
13,14,26.365208256244618,1.8215217566514201,23.4016664822896,28.7149999300638,58.94993057250972,1.0872130582124175,57.3083333333333,61.6783330917358,571.777083333333,63.97664736211767,512.183333333333,745.85,1.0611411934925408,0.008091695917179934,1.04437068303426,1.06912640730539,13040.8499999999,543.3687499999959,769.0000000000005,209690.25109999996,8737.093795833332,18255.190000000097,209690.25109999996,0.0,0.0,CASE_25,163731.32999999955,2934831.2024999997,0.0,2934831.2024999997,8908.759656642087,13838.183133157094,1554.2271962353802,119896080.17739221,5528527.139555726,26.971813891783352,58.59601494304611,577.4628248849247,1.0569939017176813,8736.355091970332,29.73091692217568,58.99123222942235,631.1101574609187,1.044078105942577,8734.8111020975,14.0073023233745
14,15,30.23388880623706,2.5691126033637155,22.7283332506815,32.8666672388712,59.10513886610662,0.7249692062619211,56.9750000635782,59.9033331553141,562.8541666666664,19.60633592910251,532.833333333333,603.55,1.0381715976529604,0.006498362098140067,1.03181326389312,1.06094291806221,9926.27,413.59458333333333,769.0000000000009,209628.3691,8734.515379166667,18255.190000000017,209628.3691,0.0,0.0,CASE_25,173657.59999999954,3144459.5715999994,0.0,3144459.5715999994,9471.613823308753,10305.171584634652,1786.9781963550681,117990200.99947287,6337880.802002221,28.6029011258423,58.850584673427996,570.1582728585585,1.0475824624709884,8735.435207495853,29.785153933202515,59.00351513370716,623.7499032545351,1.0434411889192092,8734.779213380916,17.0095770229594
15,16,25.550517809390982,1.9055104733589439,22.396666653951,27.598333676656,58.737372835342455,0.8233830910037031,56.8866664886474,59.8966668446858,532.3829096045195,18.13276329537005,502.533333333333,564.933333333333,1.0747624781705296,0.007647448314904046,1.05871103008588,1.08548055489858,9997.0,416.5416666666667,769.0,209250.88889999996,8718.787037499998,18255.190000000097,209250.88889999996,0.0,0.0,CASE_25,183654.59999999954,3353710.4604999996,0.0,3353710.4604999996,10003.996732913272,10744.400494270785,1500.7702907062555,111401597.06991403,5346468.563470343,27.076686179424712,58.79397789063427,551.2703030239915,1.0611726776909862,8727.110995480532,29.338772220848885,58.97546052608556,614.1187203416127,1.0467428305054864,8733.093445195584,20.8267906007055
16,17,27.772152639759856,0.8482092222815268,26.819999885559,30.5766665140787,59.16861106819571,0.8387154826329392,57.8300001780192,60.3216665903727,566.2611111111107,39.7519373120572,520.566666666666,652.916666666666,1.0630021421445683,0.00908295752243227,1.05056604146957,1.07820777098337,10380.2,432.5083333333334,769.00000000001,209454.28519999998,8727.261883333333,18255.190000000017,209337.5237,74.466,42.2955,CASE_25,194034.79999999955,3563164.7456999994,74.466,3563047.9841999994,10570.257844024383,11034.174835889049,1643.2396980685157,118605816.26433547,5816996.379626193,27.424422062606528,58.98129590853805,558.7657642533819,1.0620874168966836,8727.186439982528,29.176673568719185,58.99544587729151,609.1668775049354,1.0484251869199388,8732.490051538889,25.5790700549623
17,18,27.689310200735026,1.2164241162756746,26.0666665077209,30.4483331362406,58.65239462633238,1.3655962038051184,56.2116668701171,60.3766667683919,554.3646072796931,16.883304403931177,522.4,590.233333333333,1.0710313265550813,0.014667264402234894,1.05372141400973,1.09375384449958,9585.48,399.395,769.00000000001,159287.8499,6636.993745833333,13905.061000000103,104633.17969999998,33516.3192,21138.351000000002,CASE_25,203620.27999999956,3722452.595599999,33590.7852,3667681.163899999,11124.622451304076,10266.349360067199,1624.0443488244414,88303546.35424021,4410570.68708922,27.556866636906733,58.81684464010341,556.5651773719649,1.0665593887851013,7682.086106166545,29.02510094599795,58.9604865802193,603.5821468278745,1.0507289090283736,8518.94447296993,27.6239400211199
18,19,30.5975927822558,1.1485780494628413,28.5500001907348,32.0099994977315,60.569317286072895,0.6384152832687499,59.5866667429606,61.8083329518636,567.3114053672313,13.57836773272359,545.183333333333,595.683333333333,1.0685028825144596,0.009928198511376751,1.05718464255332,1.08612191875775,13060.14,544.1725,769.0000000000002,159306.9504999999,6637.789604166662,13905.061000000089,104707.4381,33539.4864,21060.025999999903,CASE_25,216680.41999999958,3881759.546099999,67130.27160000001,3772388.601999999,11691.933856671307,13954.797236042394,1853.2753054185055,90376649.97292288,4874409.198781978,29.077232609449222,59.69308263437949,561.9383016180192,1.0675311375032441,7159.9368592459505,29.183363043102183,59.122405971801015,599.9317090483389,1.0525177554013234,8329.617248719826,32.0845333430666
19,20,31.884271156540876,0.764616669394822,30.8366660753885,32.9266676584879,60.488057966889976,0.5159739220817902,59.3166668574015,61.4466663996378,604.3314655172412,59.45428107860936,521.516666666666,736.4,1.112120703410823,0.022907346722159647,1.08632713158925,1.15003783305486,12291.14,512.1308333333333,769.0000000000091,159317.9622999999,6638.248429166662,13905.061000000118,104682.68529999998,33534.522,21100.7549999999,CASE_25,228971.5599999996,4041077.508399999,100664.7936,3877071.287299999,12296.265322188548,13669.231262520902,1928.6176419488827,96280857.63997953,5079737.110080753,30.48075322149661,60.090570679708875,583.1349037822853,1.0898259417190157,6899.092395445641,29.452431827555685,59.258454406946505,600.3700198220704,1.0584554963748003,8161.120382767464,36.8250585045397
20,21,30.759102348361576,2.0711633708694275,26.7399997711181,33.248333231608,59.90917977566985,0.8698561512998224,58.2116668701171,61.2849997202555,585.6889150943392,28.961881346850227,545.7,655.916666666666,1.2026323057070663,0.04719733477834653,1.15079462329546,1.27943458358446,35956.429999999906,1498.1845833333293,1920.6399999999103,79995.379,3333.1407916666667,7070.37000000001,52540.9121,16850.8284,10603.6385,CASE_25,264927.9899999995,4121072.887399999,117515.622,3929612.199399999,12881.954237282887,43242.364315894614,1842.7525923262224,46852406.73907049,2460586.0500569744,30.61992785129273,59.99987518444238,584.4119100472362,1.1462291506081868,5116.115743366634,29.581520258911137,59.32274078653046,598.9196459522298,1.0726989937662141,7684.155224292049,42.1823273314347
21,22,30.94247162187162,3.3713890206158394,23.4800000190734,33.754999923706,60.021258292988385,1.0137291274892828,57.8399998346964,61.5733336130778,562.28813559322,10.580981449980879,544.683333333333,583.55,1.3149158705495916,0.08075100563766738,1.23520779410998,1.46840455333391,39612.74999999981,1650.531249999992,2123.8,79956.7907,3331.532945833333,7070.37000000001,52528.5357,16829.316,10598.939,CASE_25,304540.73999999935,4201029.678099999,134344.938,3982140.735099999,13444.242372876108,52087.43365111308,1857.2060814398196,44958754.77072031,2474060.7272106786,30.781199775032395,60.01056674126445,573.3500201828681,1.230572530687918,4223.824131861085,29.715053390295086,59.39127757079947,595.3254541106334,1.0964647056874441,7257.086852568758,48.9743487200172
22,23,27.031271459910116,2.511847256866963,23.3383333206176,30.0833332061767,59.21697073138076,0.8659604497260481,57.7716667811075,60.8883335113525,551.9939894636012,65.56101057100896,483.65,759.383333333333,1.3573303083318349,0.21804948476554534,0.657732521680494,1.48534832795461,41503.83999999981,1729.3266666666586,2181.669999999904,79941.73139999999,3330.9054749999996,7070.37000000001,52534.7239,16812.768,10594.2395,CASE_25,346044.57999999914,4280971.409499999,151157.706,4034675.458999999,13996.236362339709,56334.41994415488,1600.7100108735053,44127355.24011363,2160926.64244862,28.906235393958085,59.61376868902059,562.6720035503159,1.2939514270652297,3777.364750208437,29.45320050195497,59.3742706937345,591.0976630798601,1.121917001474837,6874.01476976504,55.0804635894365
23,24,27.453046010061353,2.9338388549529753,22.5583332379659,32.0916655222574,59.29991287538555,1.189145386138083,57.5000001907348,61.7966663360595,571.1536840866287,21.32279633120517,533.116666666666,621.666666666666,1.0157972402091884,0.02176471209553397,0.985431558887163,1.04430653055508,28354.86,1181.4525,1984.94,92531.1226999999,3855.4634458333294,13905.061000000103,60786.688599999994,19480.3056,12264.1284999999,CASE_25,374399.43999999913,4373502.532199999,170638.0116,4095462.147599999,14567.390046426337,28802.78853451791,1627.9632365605892,52849491.62277682,2540261.16884573,28.179640658701295,59.45684077284943,566.912844071246,1.1548743253475677,3816.414100348406,29.258942695079103,59.36704895822603,589.1606758944674,1.111610501565353,6580.8488355805885,64.9675436391017
24,25,24.82701379723014,1.602188147919914,22.6166666984558,27.101666577657,60.33097228209173,1.1317580954414632,58.6716668446858,61.9349999109904,558.5965277777774,25.55475918709353,514.85,600.366666666666,1.0246591019133675,0.008245190108884543,1.01116207838058,1.03442991773287,3470.13,144.58875,252.00000000000972,159085.83179999993,6628.576324999997,13905.061000000103,104500.1334,33456.7464,21128.951999999903,CASE_25,377869.56999999913,4532588.363999999,204094.758,4199962.280999999,15125.986574204115,3555.700289322634,1497.8378812478006,88864793.26211949,3949626.141042432,26.50332717800768,59.89390654049616,562.754685800589,1.0897667116901095,5222.495254578686,28.830123928632037,59.46031498758184,586.2033901177787,1.1031973720231107,6585.466789435484,74.6812660918902
25,26,24.38351524232443,0.7773595469254451,23.2099998156229,25.8616665204366,60.569446795379484,1.0977397152557735,58.9517239537732,63.5616666793823,571.2221743295016,58.466173675834625,501.45,702.683333333333,1.0051956174431247,0.009757702176909081,0.988214985529581,1.0160362958908,2878.71,119.94625,252.0,159349.9862999999,6639.582762499996,13905.061000000103,104688.87349999999,33519.6288,21141.4839999999,CASE_25,380748.27999999915,4691938.350299999,237614.3868,4304651.154499998,15697.208748533616,2893.6666758896977,1476.8960291542944,91024245.65366223,3885512.819810237,25.443421194372224,60.231676672970984,566.9884301281331,1.0474811639365134,5931.039019097466,28.40120831807682,59.567300778346976,584.7583164065536,1.0937442167385916,6590.686764311895,82.4343732483905
26,27,24.97282554527804,1.3113431186972584,23.2183331489562,27.7883330345153,60.59540710257384,0.9762379631568961,58.9931035535088,62.8566669464111,540.8791906130265,23.269118338011612,502.316666666666,582.783333333333,0.9705537011839759,0.015787031170894944,0.935394203662872,0.987868649760882,3382.70999999999,140.9462499999996,252.0,159367.73709999985,6640.3223791666605,13905.061000000089,104682.68529999998,33527.9028,21157.1489999999,CASE_25,384130.9899999991,4851306.087399999,271142.2896,4409333.839799998,16238.087939146642,3283.1017105320375,1513.2385304176785,86198692.65247752,3979862.6961440314,25.208123368072027,60.413541889127416,553.9338102733152,1.0090174322736676,6285.6807017743495,28.07134310903995,59.666221036097646,580.5364433073545,1.0818913205313196,6595.462503648718,89.1873111341124
27,28,27.509350167649785,1.7342921187315306,24.7249999682108,30.1333330154418,60.673960672439556,1.9213753875738164,58.5133333841959,65.3283339182535,516.427542372881,25.80576011563429,477.0,559.85,0.9408687741953434,0.016540121213787267,0.920540778835614,0.968525829911232,3596.13,149.83875,252.0,159289.1798999999,6637.049162499996,13905.061000000103,104623.89739999999,33509.7,21155.582499999902,CASE_25,387727.1199999991,5010595.267299999,304651.98960000003,4513957.737199998,16754.515481519524,3383.4864249471007,1669.1012301963515,82261319.70234866,4381941.827786859,26.358736772147278,60.543751281268555,535.1806762532372,0.9749431031075687,6461.364932791647,28.017382009027603,59.76298157399433,574.3808734412106,1.0683507025513002,6599.455546429473,97.8040727320704
0,1,24.24956346625,3.9327438350406645,15.81309526,28.6416666,58.007420372083324,5.2535954112298535,50.311667,68.96904643,520.7895833375,185.4031175362568,60.4,724.4,1.0393990713749999,0.0038746345477334654,1.0337116,1.048077635,1970.9900000000002,82.12458333333335,252.0,157276.6898,6553.195408333333,18255.19,153321.9373,2424.282,1530.4705,CASE_26,1970.9900000000002,157276.6898,2424.282,153321.9373,520.7895833375,2048.645175689411,1406.6546218262777,81908061.74964322,3813891.0710668135,24.24956346625,58.007420372083324,520.7895833375,1.0393990713749999,6553.195408333333,24.24956346625,58.007420372083324,520.7895833375,1.0393990713749999,6553.195408333333,0.315897173210718
1,2,28.48025649,4.476412486150686,23.73499982,38.3016669,53.14591928125,3.3855998362942175,48.04333356,59.00999997,617.4295668416667,46.777008285117624,578.3333333,804.4333333,1.0330138872916665,0.019774381256977207,0.977478923,1.048616356,3476.56,144.85666666666665,252.00000000000023,209622.18089999998,8734.2575375,18255.19000000001,209622.18089999998,0.0,0.0,CASE_26,5447.55,366898.87069999997,2424.282,362944.11819999997,1138.2191501791667,3591.3347600027164,1513.6094125268364,129426932.35349247,5970093.478025178,27.070025482083334,54.76641964486111,585.2162390069444,1.0351422819861111,8007.236827777778,28.095997359777474,53.58747251384158,608.6520933172192,1.0335938313500983,8536.159251472145,0.551604625544099
2,3,35.02881826,5.011525873317157,26.33999996,42.64333369,50.43995753833334,5.114827637027283,40.9016667,57.45999908,611.81572505,41.588780055020614,564.2,741.3,0.9784913384166666,0.0294285916887008,0.928980813,1.018011638,3040.69,126.69541666666667,252.0,209424.15849999996,8726.006604166665,18255.19,209424.15849999996,0.0,0.0,CASE_26,8488.24,576323.0292,2424.282,572368.2766999999,1750.0348752291666,2975.288827810174,1766.8521056523955,128128993.3756636,7335880.787349933,31.617907069464284,52.29415558398809,600.4159453172618,1.0027703142321427,8417.962414285712,31.41641897597153,52.07999425753229,610.1672905713218,1.007202913241068,8627.08519096149,0.666035635185745
3,4,26.53513875375,1.8523283777824584,23.72833319,29.02833344,53.91000004791667,4.665522157215629,45.01000004,59.15833365,608.1512005666667,30.80738637352086,563.45,673.2333333,1.0307116589166665,0.005445893811343487,1.023014081,1.042549278,3382.71,140.94625,252.0,209588.14579999997,8732.839408333331,18255.19000000001,209588.14579999997,0.0,0.0,CASE_26,11870.95,785911.1749999999,2424.282,781956.4224999999,2358.1860757958334,3486.598635733997,1430.509331486138,127461282.49281156,5561450.529944184,28.907097301083333,53.15593929808333,604.5414147836111,1.0176723647305554,8585.896811111108,29.813492803786048,52.68093582267831,609.5052422383391,1.0149227699186507,8661.81300725702,0.746534418578864
4,5,27.3646527075,2.7374808957151773,23.76499993,34.54333299,54.487986078333336,3.057834971178574,49.48166644,59.50833321,602.8638888875,68.03559095144075,534.8166667,769.0166667,1.0279101632916667,0.009711809528527966,1.00541571,1.041022893,3147.4000000000005,131.14166666666668,252.0,208898.1615,8704.0900625,18255.19,208898.1615,0.0,0.0,CASE_26,15018.350000000002,994809.3365,2424.282,990854.5839999998,2961.049964683333,3235.2444479441924,1491.0448157646865,125937158.02333903,5716425.640682747,28.110996865685483,53.84344731369624,603.6755949662634,1.0229563897943548,8646.89977956989,29.1943541624646,53.13781115797792,607.8261132105147,1.0182063640983896,8672.501887507678,0.874820325038835
5,6,26.763074620833336,2.247564270258073,23.58833367,32.62333345,54.84813710916666,2.763262171152615,48.98333314,58.98499978,675.223515325,67.35438107787338,598.8666667,793.9310345,1.029573007125,0.007460497383452754,1.013958335,1.04274169,2807.98,116.99916666666667,252.0,209473.66409999997,8728.0693375,18255.19,209473.66409999997,0.0,0.0,CASE_26,17826.33,1204283.0006,2424.282,1200328.2480999997,3636.273480008333,2891.0204125468576,1467.9047862663253,141441543.84161022,5606159.3034076765,27.426337947665345,54.35376593996693,640.0173957833994,1.026317211295635,8688.12876137566,28.688338353653158,53.493776794467955,621.8533570377996,1.020572073580205,8684.066994551104,1.24012335979478
6,7,26.323674482083334,1.7392464444148,23.50499992,28.36333316,56.35658261333333,1.4517806635640997,53.74000003,58.53499978,581.4878289458334,61.67586210103426,527.4833333,733.1166667,1.0313046845833334,0.005531163668582239,1.021628761,1.040907458,3079.2700000000004,128.30291666666668,252.00000000000009,209526.26379999996,8730.260991666664,18255.19,209526.26379999996,0.0,0.0,CASE_26,20905.600000000002,1413809.2643999998,2424.282,1409854.5118999998,4217.761308954166,3175.6655760969215,1483.5123356360239,121836972.24419393,5515501.1637183195,26.870665020127955,55.36305938166338,610.5221809991142,1.0288305836610894,8709.360751443568,28.264903237082837,54.006413085064594,614.6251914204609,1.0224939384362857,8692.338851193668,1.41884544132571
7,8,26.6955048975,2.4348924865426675,23.38333289,32.88666643,56.70727636666667,1.5579981915885908,51.29833336,58.16166693,596.1553083833334,35.01814040321269,557.8833333,664.4,1.0304512176666667,0.008487015429141593,1.012893701,1.042780157,2436.41,101.51708333333333,252.0,209473.6641,8728.0693375,18255.19,209473.6641,0.0,0.0,CASE_26,23342.010000000002,1623282.9284999997,2424.282,1619328.1759999997,4813.9166173375,2510.6016512352435,1513.829373970236,124878836.81972228,5592005.22587882,26.78274150759314,56.03780359374346,603.3105743527615,1.0296440783776144,8718.751727973857,28.015360974901654,54.43586398744813,611.6883867361054,1.023759186021857,8698.020178971858,1.8642617797637
8,9,25.869710261250003,1.6763134714338996,23.23499988,27.99833304,57.510316123749995,1.399677395607773,52.56666654,59.88333422,575.778113025,41.02041995629921,525.1666667,661.05,1.0332686906250002,0.00486347426046152,1.024283918,1.042959738,3305.55,137.73125000000002,252.0,209176.63049999997,8715.692937499998,18255.19,209176.63049999997,0.0,0.0,CASE_26,26647.56,1832459.5589999997,2424.282,1828504.8064999997,5389.6947303625,3415.5213202954696,1487.7752151543068,120439325.59821765,5411338.824459549,26.3253325074682,56.77550067335535,589.5174039028457,1.0314599310886337,8717.21933979126,27.705160598100726,54.880342767274406,606.4967773258061,1.0251339912929651,8700.575159761444,2.87173142159547
9,10,25.37554589125,1.9377977348999886,22.26833305,28.15499996,57.06137450875,0.8956106711256528,54.7666666,58.68999996,617.1741139916667,111.10538287524128,529.4666667,859.1333333,1.0384970808333334,0.005976827134084662,1.029222252,1.050437774,3369.85,140.41041666666666,252.00000000000023,209281.82989999998,8720.076245833332,18255.19,209281.82989999998,0.0,0.0,CASE_26,30017.41,2041741.3888999997,2424.282,2037786.6363999997,6006.868844354167,3499.579387846208,1447.9635274645884,129163327.94308719,5310640.6788322255,25.849974983026637,56.918577314334875,603.3592764008675,1.034981945428112,8718.649189149559,27.393276536871962,55.17233484441913,607.9262373616921,1.0269230144409378,8703.185925354821,4.34094584737004
10,11,28.157914253749997,4.051894954020692,23.87500013,37.74666723,56.833188514999996,0.7118043212840703,55.59499982,57.74500014,732.8236111083334,80.36502111946984,598.0333333,855.3666667,1.0259402728333333,0.017274697997767815,0.980082773,1.039958268,2982.82,124.28416666666668,252.0,209650.0278,8735.417825,18255.190000000017,209650.0278,0.0,0.0,CASE_26,33000.23,2251391.4166999995,2424.282,2247436.6641999995,6739.6924554625,3060.1951646127236,1600.304048972579,153636490.44135848,5903307.506088704,27.00450835538654,56.87586205760849,668.1230666990821,1.0304589006127465,8727.03760297997,27.48945332997459,55.38123845500924,623.6359370125773,1.0267994043518962,8707.24008155854,5.64043848704708
11,12,26.674687949583333,1.5318666170351358,24.20666656,29.12499994,56.256244089999996,0.8294990195293707,54.14000003,57.73333314,699.4515183583334,79.12854026585426,575.3,818.1,1.0291904200833333,0.010281696883631078,0.996539562,1.041253773,2624.1100000000006,109.33791666666669,252.00000000000009,209439.62899999996,8726.651208333331,18255.19,209439.62899999996,0.0,0.0,CASE_26,35624.340000000004,2460831.0456999997,2424.282,2456876.2931999993,7439.143973820834,2700.7088732448765,1500.6177563163415,146492866.508456,5586736.747851503,26.839557881373118,56.56597741837474,683.7911177364805,1.0298245054664124,8726.844358477818,27.39204937537939,55.485844039871296,632.6995737609434,1.0270852466242193,8709.560652064501,7.70430188994026
12,13,26.2513888,1.709923338721099,23.66833328,29.55499989,56.55534718583334,0.7907889778861822,55.50999991,57.91666648,630.5180437875,40.361934126620824,575.7166667,732.15,1.033398965791667,0.005550006630974634,1.021692894,1.042138833,2985.42,124.3925,252.0,209513.8874,8729.745308333333,18255.19000000001,209513.8874,0.0,0.0,CASE_26,38609.76,2670344.9330999996,2424.282,2666390.180599999,8069.662017608333,3085.129940453758,1484.6564076942968,132102286.42976256,5500030.5171368215,26.54543743731204,56.56066165320693,657.151328834634,1.0316119538234192,8728.29501048712,27.261226452587323,55.608505882061756,632.4493730146,1.0278093701829731,8711.875640226308,10.2524382953882
13,14,25.99177956708333,1.6153473724264682,23.43333324,28.61166646,56.420361549999996,0.681065230862733,55.16333338,57.77666664,554.0831896458334,37.85623332527575,493.5833333,614.45,1.0335683360416668,0.004529530231371977,1.025194641,1.042113169,3356.99,139.87458333333333,252.0,209646.93369999997,8735.288904166666,18255.19,209646.93369999997,0.0,0.0,CASE_26,41966.75,2879991.8667999995,2424.282,2876037.114299999,8623.745207254167,3469.678568408515,1466.4656005027439,116161841.72396454,5449096.887645333,26.268591604869044,56.49050731972275,605.6141136582528,1.0325902046402344,8731.792170776616,27.12048732654152,55.698513473939535,623.761188983579,1.0284478465392,8714.471386722262,13.1123766938418
14,15,28.055833281250003,4.567434000711593,23.18333314,37.91166712,56.13409723416667,0.8944933242041606,54.71000004,57.81000017,641.5374999958334,125.90180902992029,510.1666667,962.1166667,1.0283077889583332,0.01997375545817117,0.972874113,1.044345027,3027.83,126.15958333333333,252.0,194837.08499999996,8118.211874999998,18255.19000000001,178814.22719999996,9847.7148,6175.143,CASE_26,44994.58,3074828.9517999995,12271.9968,3054851.341499999,9265.28270725,3113.54117264171,1574.888873395257,124995296.41737567,5466316.773764735,27.16223971503554,56.31229683839243,623.5763549911463,1.030448931452812,8424.992660110272,27.22134856842605,55.745483815533554,625.678063478835,1.028432743697871,8650.174882808358,15.0138575911984
15,16,32.6702777,5.00637458795321,26.86499974,40.61166662,56.96534727458334,1.3056496044526396,55.04000015,59.86166687,681.71805555,39.21392418146644,593.7166667,779.8,1.0104667865,0.044069140295095885,0.955301396,1.063290234,3124.28,130.17833333333334,252.0,159204.0715,6633.502979166667,13905.061000000016,104617.70919999998,33527.90280000001,21058.459500000004,CASE_26,48118.86,3234033.0232999995,45799.89960000001,3159469.050699999,9947.0007628,3156.9811717262205,1861.0737147375758,108532290.05862316,5201241.226875655,29.916300731153882,56.63882703894333,652.6476488633142,1.0204577065224123,7529.234151448335,27.79573140679287,55.874072134285754,631.5853544218156,1.0265389151601692,8437.593345390978,16.6602179726179
16,17,31.720048147083332,3.3547771556395887,27.84666608,39.18666592,57.08020836874999,1.2259560324566072,55.10833321,58.63666674,639.1129708125,36.788417135540826,573.2666667,691.6833333,1.04941081725,0.017592204196189648,1.005928783,1.080811614,2998.2800000000007,124.92833333333336,252.00000000000009,159250.0909,6635.420454166667,13905.061000000002,104667.21479999999,33521.28360000001,21061.5925,CASE_26,51117.14,3393283.1141999997,79321.18320000003,3264136.2654999993,10586.1137336125,3146.427465144331,1810.5869577022988,101778798.69725966,5051420.550775398,30.81818131992144,56.85951938759566,645.8802582068138,1.034934372334401,7082.32389315282,28.20178177269529,55.99887145394926,632.3642394079404,1.0289054785206417,8251.121913462961,18.0570815221917
17,18,31.87631937,6.57023189514738,23.66166687,40.4150006,56.20333330374999,0.9793262244473461,53.99000003,57.91000017,643.9305555583334,57.05405243631492,560.5,760.45,1.074977028875,0.06021316450851269,0.991370366,1.174806392,3218.13,134.08875,252.0,158992.8952,6624.703966666667,13905.061000000016,104444.43959999998,33463.3656,21085.090000000004,CASE_26,54335.27,3552276.0094,112784.54880000002,3368580.7050999994,11230.044289170834,3459.415825933504,1791.5554020488921,102380383.33596388,5068108.30495614,31.347252363206582,56.53142509409242,644.9054031637967,1.0549557769802982,6853.513057065672,28.5762425889961,56.019707531728116,633.5429270856624,1.0336004884088494,8085.378666625495,21.1683025846103
18,19,26.852916502083332,2.884501420399301,23.41333291,33.10333227,56.64187500041667,0.58739843939725,55.65999997,57.5100001,643.9861111166666,48.19981406409344,541.0166667,705.25,1.1043968879166666,0.013152359879983101,1.069087911,1.116919055,3192.41,133.01708333333332,252.00000000000023,159287.096,6636.962333333333,13905.061000000016,104617.70919999998,33527.9028,21141.484000000004,CASE_26,57527.67999999999,3711563.1054,146312.45160000003,3473198.4142999994,11874.0304002875,3525.6876689540454,1520.9995399076302,102578677.50410713,4277323.088747332,29.100080146504105,56.586650152587985,644.4457562635247,1.07967637959929,6745.237488680245,28.40279990762848,56.08232504494778,634.5939724183526,1.0407257315390142,7939.604042489857,24.7838002208294
19,20,31.71479149291667,3.027579188602694,26.82499975,35.73000031,56.674236092499996,0.896908412826557,55.25833346,58.24666678,631.6041666625,35.17513630493724,583.7833333,700.0333333,1.0746959072083333,0.022486974645050777,1.049719481,1.11825304,2840.13,118.33875,252.00000000000023,159367.2388,6640.301616666667,13905.061000000016,104701.2499,33522.9384,21143.050500000005,CASE_26,60367.80999999999,3870930.3441999997,179835.39,3577899.6641999995,12505.63456695,3052.276086939604,1797.4115806939699,100657012.05557764,5054298.749343859,30.407437066503103,56.63044316430826,638.0249553396594,1.0771861410289352,6692.769502636085,28.73274580454355,56.141292169848114,634.2961231888743,1.0441098947504677,7810.165457513846,28.9906014455492
20,21,32.12695607166666,3.3582047336515286,26.7233332,36.32166659,56.98786602458333,0.8776457795193547,55.0683335,58.46333338,618.3497877291667,43.2560400403533,556.0833333,718.3,1.0929792347916667,0.03188283057807683,1.059390847,1.14881928,3130.71,130.44625,252.0,159373.2702,6640.552925,13905.061000000002,104679.59119999998,33542.796,21150.883,CASE_26,63498.51999999999,4030303.6144,213378.18600000002,3682579.2553999997,13123.984354679167,3421.801020154619,1830.8466683898139,98548427.79787312,5120178.050713262,31.267196979050354,56.809154679662086,628.1873668434853,1.0850826916756697,6666.6612013686345,29.06806620252977,56.2249267886707,632.7207548021352,1.0489377885055085,7694.617241868199,33.8700999898725
21,22,26.77668568208333,2.483949570615068,23.88999961,33.91833312,56.533754807083334,0.990548601469604,55.11833344,58.60666663,647.4561781583333,39.50709196193159,580.8833333,705.6666667,1.1453073327499999,0.01799751040958659,1.104823375,1.163352048,2381.1399999999994,99.21416666666664,252.0,159204.29989999998,6633.512495833333,13905.061000000016,104583.6741,33494.8068,21125.819,CASE_26,65879.65999999999,4189507.9143,246872.9928,3787162.9294999996,13771.4405328375,2727.137102304334,1513.7865828972378,103077807.55962712,4262963.49765843,29.021940795256054,56.67145471054248,637.8217747979312,1.1151950193921731,6650.08684464935,28.843241697837843,56.25522821859692,634.1665575520152,1.0583933262736016,7590.504307842269,40.0758337295074
22,23,25.04310958625,1.3130934982607492,23.36999966,26.93166663,56.959333792916674,1.0239486015467887,54.59833317,58.65333347,576.2417372875001,30.525141448332445,511.3833333,648.15,1.1512749294999998,0.007164506506624413,1.140546012,1.164057539,3124.28,130.17833333333334,252.00000000000009,159378.2327,6640.759695833333,13905.061000000016,104691.9676,33521.2836,21164.9815,CASE_26,69003.93999999999,4348886.147,280394.27640000003,3891854.8970999997,14347.682270125,3596.9052367382596,1426.438838135805,91840389.69685945,3991326.5471689533,27.032524953596177,56.81539426888851,607.0317523722589,1.133234976596617,6645.423269685401,28.4724680674518,56.323926824934716,628.514913012226,1.0674556557434942,7497.839040584758,48.3973895964851
23,24,24.815337189999997,1.195097470607991,23.33050818,26.55999997,57.3480452425,1.2426686053576228,52.66333351,59.90999997,616.9752207791666,56.55896656455497,534.7333333,767.2666667,1.1399102051666667,0.00724428538024838,1.126385212,1.148639729,3250.28,135.42833333333334,252.0,159258.27039999998,6635.7612666666655,13905.061000000016,104611.52099999998,33514.6644,21132.085,CASE_26,72254.21999999999,4508144.4174,313908.94080000004,3996466.4181,14964.657490904166,3705.0273416491136,1423.1110798800128,98258406.54094821,3952047.6802721955,25.92393100572074,57.081719771568494,612.0034868720512,1.1365725910805793,6640.5922678880825,28.11728239224967,56.42339064064681,627.3941619330959,1.0744925431070296,7414.112839235574,53.2006916154958
24,25,24.27333323166667,1.2526389449155149,22.62333364,26.29166657,57.86930554166667,0.6677893637040525,56.61999982,59.02500025,598.2243055624999,34.973864914330456,530.4333333,647.2666667,1.1271500290833332,0.005810722609488373,1.116123796,1.134273716,3198.84,133.285,252.00000000000009,159193.4017,6633.058404166666,13905.061000000016,104571.2977,33493.152,21128.952000000005,CASE_26,75453.05999999998,4667337.8191,347402.09280000004,4101037.7158,15562.881796466667,3605.5725990329297,1404.6809372980097,95233362.18211459,3864154.487746671,25.09863209409788,57.475512668353524,605.1138960119498,1.1318613099415489,6636.825335915111,27.745354598433646,56.56329257917829,624.5717832093876,1.0795875071060057,7338.540598097677,64.3119779785467
25,26,23.68159233375,1.1724233455293345,22.32166618,25.22666648,58.66131826208334,1.0265367617072858,57.13050849,60.76666654,607.2575682583333,56.27608229735433,511.3728814,752.5333333,1.1082945007916667,0.008194992633184411,1.092753357,1.115841603,3628.28,151.17833333333334,252.0,159397.2295,6641.551229166666,14140.73999999999,104744.5673,33508.0452,21144.617,CASE_26,79081.33999999998,4826735.0486,380910.13800000004,4205782.2831,16170.139364725,4021.2027713323887,1389.1934248430218,96795173.97328547,3774780.208148189,24.39011220336617,58.068415474053374,606.1857321511131,1.1200779051910215,6639.1882825760995,27.35336798664222,56.765666125003165,622.9016706357573,1.082356556193191,7271.309671831083,73.1573186513528
26,27,24.171527713333333,1.7875535242884812,22.04166673,28.70666666,58.371002860833336,0.7470027833596589,56.77999999,59.51333357,608.4548611166666,58.925763979835075,537.1333333,734.6166667,1.0816127531250002,0.014801119360474482,1.049757948,1.099192417,3111.42,129.6425,252.00000000000009,159295.202,6637.300083333333,14140.740000000003,104636.2738,33508.04520000001,21150.883,CASE_26,82192.75999999998,4986030.2506,414418.1832,4310418.556899999,16778.59422584167,3365.351552328188,1410.9163133056923,96923940.00946134,3850408.3897440312,24.28081995753546,58.21970916857058,607.3202966423431,1.1008453290147169,6638.244182947681,27.04722410585841,56.920125172616125,621.5116566968994,1.082284990451898,7210.307817808097,76.4270516613579
27,28,23.598423909583335,1.1397242979253575,22.00333335,24.91833324,59.046082831666666,1.0292859047370944,57.43728845,60.73166663,574.5715748583334,39.159361255209994,516.35,641.7,1.0712435083333334,0.0044254187140244025,1.064123968,1.079105633,2833.7,118.07083333333333,252.0,159289.2114,6637.050475,13905.061000000016,104642.462,33514.6644,21132.085,CASE_26,85026.45999999998,5145319.462,447932.84760000004,4415061.0189,17353.1658007,3035.5827295641666,1393.3944928620408,91523053.05204,3758974.3348404346,23.939621932288336,58.63289600165787,590.945935689339,1.0860444186188873,6637.647328971617,26.716079284264282,57.124254095620515,617.0045921696953,1.0812248160671263,7155.265139279853,81.998846001705
0,1,24.156201470833338,2.3612189463751414,19.32166627,27.02666655,47.037013484583326,7.797068515812887,38.30238104,61.85833359,786.7381132166669,189.5866986963204,542.65,973.3225806,1.6504296277500001,0.12574905534052547,1.482949317,1.768739865,12563.66,523.4858333333333,2735.21,151376.5291,6307.355379166667,23637.426099999982,118859.8515,12521.8716,19994.806,CASE_27,12563.66,151376.5291,12521.8716,118859.8515,786.7381132166669,20735.436696977566,1136.2355743198993,119093684.88942188,3656681.934895066,24.156201470833338,47.037013484583326,786.7381132166669,1.6504296277500001,6307.355379166667,24.156201470833338,47.037013484583326,786.7381132166669,1.6504296277500001,6307.355379166667,0.656983346689596
1,2,22.75284717625,3.6397613025907334,18.14833377,27.51999995,52.142309230416664,7.380989296129269,41.75543873,61.74000022,604.2854166666666,46.82587976452855,568.8,757.0833333,1.5252391657916669,0.02037495094033426,1.488022421,1.548565801,20837.42,868.2258333333333,1364.39,254144.8958,10589.370658333333,23630.9835,206747.762,17517.7128,29879.421000000002,CASE_27,33401.08,405521.4249,30039.5844,325607.6135,1391.0235298833336,31782.049098050593,1186.3859933364402,153576054.25220957,5782519.974761381,23.22063194111111,50.44054398180555,665.1029821833334,1.5669693197777779,9162.032231944444,22.880308965040495,51.678612977389115,620.856960404178,1.5366097799568197,10200.450106183773,1.33150348055812
2,3,23.410833199583333,2.6924564328683704,20.25499986,27.41999989,52.38698361749999,5.977316478381393,43.24891595,59.66499996,545.2097222208333,23.290186254705763,505.7,585.1,1.5241305885833334,0.013004235055286778,1.499648507,1.540294156,20051.73,835.48875,1486.5600000000004,254145.5287,10589.397029166666,23634.204799999978,206704.4446,17519.3676,29921.7165,CASE_27,53452.81,659666.9536,47558.952000000005,532312.0581,1936.233252104167,30561.455047014082,1226.422935298597,138562613.1061938,5949758.580815619,23.32931837452381,51.552795202202375,596.5925479190477,1.5424900448095238,9977.66925892857,23.134399494947925,52.017881684824765,584.6262934816709,1.5306329665664988,10386.733264109158,1.37384787238373
3,4,23.717916581250005,2.660892851368251,20.52333342,27.67166672,53.70100230666666,5.912173557379987,44.77672418,60.66166636,541.9659722333333,15.18089722852506,519.6,572.8,1.5255187154583334,0.014697738450327905,1.497978963,1.543253736,17686.86,736.9525,1357.960000000001,254171.8993,10590.495804166667,23634.20480000004,206719.91509999998,17547.4992,29904.485,CASE_27,71139.67,913838.8529,65106.4512,739031.9732,2478.1992243375003,26981.63594769138,1273.675893039034,137752520.5185174,6028427.904895277,23.536570751444447,52.69850565791666,567.45837422,1.5334386691555555,10304.510083055555,23.32601619527441,52.570588756099525,570.6173977965796,1.5289535368719922,10453.645281756144,2.57653033252061
4,5,24.403402654583335,2.6409518644700585,21.30666593,28.53666674,61.47478064791667,5.150580181771282,55.73333365,71.46666718,524.8708333375,22.987834555851222,496.4166667,609.3833333,1.5195488504999999,0.020147238388239435,1.483332566,1.543375154,22816.63,950.6929166666667,2294.14,254165.8889,10590.245370833332,23627.762200000023,206753.95019999996,17530.9512,29880.9875,CASE_27,93956.3,1168004.7418,82637.4024,945785.9234,3003.0700576750005,34670.98388878381,1500.1938252532977,133404261.91290943,6202512.527886793,23.983967862741938,57.22819597533602,545.4777079580646,1.5262697304946238,10451.986360618277,23.598411109750987,54.82182977356168,559.0513237980059,1.5265757561621611,10488.18179301464,2.92193156708033
5,6,24.898124876249998,2.577081094851068,21.81833274,28.95499983,67.36753152041666,4.709157953688512,60.9033336,72.50833321,528.9944444458333,27.1781245688306,491.5666667,596.1,1.51606243875,0.021587710646889278,1.479022121,1.542570756,22785.71,949.4045833333333,1460.8399999999992,254138.41119999997,10589.100466666665,23634.204799999978,206723.0092,17507.784,29907.618,CASE_27,116742.01000000001,1422143.153,100145.1864,1152508.9326,3532.064502120834,34544.55907125026,1677.325212400042,134437807.64509073,6327569.89790937,24.448301583888888,62.37833466490079,537.1052566502646,1.5210850743703705,10521.631620833332,23.8689171134897,57.43293364205495,552.7956646459807,1.5243876470934536,10509.18573081685,3.11895515598027
6,7,24.042425265416664,2.178585348562123,21.26166646,27.33166672,69.12257820833334,4.301020040126009,62.30166664,74.13333371,540.5760599416667,45.21628950239992,499.8421053,636.7833333,1.534659807,0.009516251960576073,1.52107927,1.553832551,20263.92,844.3299999999999,1364.3899999999994,253857.25069999998,10577.385445833332,23634.204799999978,206444.5402,17516.057999999997,29896.652500000004,CASE_27,137005.93,1676000.4037,117661.2444,1358953.4727999999,4072.6405620625005,31098.223556263434,1661.8744207267728,137229152.37102988,6103343.978038891,24.243765486391073,65.77700857655184,538.8543228758531,1.5279258845144357,10549.728036581362,23.899986833554532,59.52617237636253,550.6075271247779,1.5262270599925774,10521.39810257305,3.42019958871966
7,8,23.43967760958333,2.8345835470040943,20.83166602,28.6514705,65.92368868208332,6.7013112074334185,54.33466023,74.08000018,558.5256944416666,34.61699832918567,506.7,643.45,1.5484620983750002,0.011821319281174145,1.528825845,1.562377528,20181.56,840.8983333333334,1345.1,254211.61380000002,10592.150575000001,23637.42610000001,206772.51479999998,17540.88,29898.219,CASE_27,157187.49,1930212.0174999998,135202.1244,1565725.9875999999,4631.166256504167,31250.38074608097,1545.2300095425705,141983718.13278177,5958638.2720839055,23.840144905091503,65.85063623736764,548.7285799755555,1.538234258530719,10571.02248723856,23.826795342168623,60.54340977938854,551.8665557185706,1.5297625433926108,10532.648103021646,4.18279266906569
8,9,22.74247299625,2.880911196115054,19.27833312,27.20175408,60.292326054166665,6.362956676469008,50.83333321,68.00847445,557.6902508291668,32.81603628150752,518.4666667,633.1,1.5594985472083334,0.011931525924871173,1.535057803,1.572804511,21661.69,902.5704166666666,1319.380000000001,252929.01690000005,10538.709037500003,23630.98350000003,205776.2146,17459.7948,29693.0075,CASE_27,178849.18,2183141.0344,152661.9192,1771502.2022,5188.856507333334,33781.37408507728,1371.1965971679858,141056046.87693557,5752231.336816311,23.29023490770711,63.066042486096705,553.218184160535,1.5488872094142205,10554.834144512395,23.67003301448054,60.507110177744686,552.7084972359792,1.5340615280919856,10533.52434263837,4.27761493398795
9,10,22.763055455833335,2.852392224906382,19.91999969,27.12499994,57.30395853041666,5.443707572332258,49.75166658,64.73499921,535.2812499958333,31.197573543725152,491.7333333,580.7333333,1.564480246666667,0.01110457515656772,1.540020971,1.576067837,18653.96,777.2483333333333,1525.1399999999994,253875.9826,10578.165941666666,23634.204800000007,206497.1399,17497.8552,29880.9875,CASE_27,197503.13999999998,2437017.017,170159.7744,1977999.3421,5724.1377573291675,29183.75194211014,1304.413185866648,135895053.3100484,5778993.070827979,23.02638751830401,60.18218424043865,544.2409502481917,1.5566913492707724,10566.511446704953,23.548608710451898,60.078278774181484,550.3753729518171,1.5381339240373526,10539.50086878398,4.38429722190377
10,11,22.504652022083334,3.2134444806623685,18.86333281,27.23116249,56.045882363749996,4.4782256820880955,47.93478253,61.91500123,531.0426869666667,39.67124268384409,480.9333333,617.7666667,1.5713527677083334,0.012642790834451948,1.547366822,1.586069697,19223.629999999997,800.9845833333333,1473.7000000000007,229004.20130000002,9541.841720833334,23634.204800000007,184810.593,16342.804799999998,27850.8035,CASE_27,216726.77,2666021.2183,186502.57919999998,2162809.9351,6255.180444295835,30207.104205900945,1261.293079866811,121611006.38500743,5153659.861851624,22.765392331137438,58.11302296944247,537.6385948010585,1.5640256396860448,10053.926298052029,23.417298935627716,59.571080467436545,547.9436909943752,1.542312218913908,10414.014438620477,5.27538651011906
11,12,22.70902770083333,2.9867724781601717,19.83166602,27.30166661,58.44951398458333,3.3553426917318867,53.90333335,63.0849994,530.1666666666666,32.31532431209145,479.2333333,585.9,1.5762276800833332,0.01291039245062601,1.547245387,1.588665024,21499.71,895.82125,1460.84,253710.65790000002,10571.277412500001,23321.738699999987,206364.09359999996,17509.4388,29837.1255,CASE_27,238226.47999999998,2919731.8762,204012.01799999998,2369174.0286999997,6785.347110962502,33888.43801576444,1327.3316321761479,134508933.79665,5761522.3582477495,22.737203133857143,58.281309562606936,533.9017184105251,1.5701281497553112,10312.665023910256,23.33262619319741,59.43699891046259,545.8184749357076,1.5463667604044111,10432.814986527792,5.74540405619214
12,13,22.841276050833333,3.139397875914669,19.32166608,27.45833321,59.21468662499999,2.806101208600696,53.76833331,63.32500057,544.4285984791667,28.840020543929406,481.6666667,576.3166667,1.5777782355833334,0.01706291190672821,1.545120559,1.596147766,19205.57,800.2320833333333,1422.2599999999984,236507.2783,9854.469929166667,23627.762200000023,192833.5943,16316.328,27357.356,CASE_27,257432.05,3156239.1544999997,220328.346,2562007.6229999997,7329.775709441668,30302.1303479722,1352.5390034652132,128761326.05499123,5402128.031681564,22.789245945227485,58.748055069573354,539.1658010330566,1.5739536596505108,10083.539507115027,23.276273003540627,59.41150180502689,545.659069320848,1.549969357952547,10366.484307253491,7.19308459844168
13,14,22.726796255,3.2504786930415808,18.6950002,27.53666662,62.674136157499994,2.7559972143629534,56.50666663,67.35000038,557.0590306833333,62.10448191404529,464.12,672.9833333,1.5846469233333333,0.01671067308536851,1.551206696,1.604298059,19467.83,811.1595833333334,1300.09,235565.15170000005,9815.214654166668,23634.204800000007,191985.8109,16309.7088,27269.632000000005,CASE_27,276899.88,3391804.3061999995,236638.05479999998,2753993.4338999996,7886.834740125001,30849.63691347637,1424.382322909631,131223695.06877439,5353641.207464068,22.75801919418411,60.71121543533634,548.1129619495595,1.5793006178443507,9949.36889151636,23.215354442665674,59.773218638253645,546.9229430736085,1.5538139380612692,10305.366973336673,7.4295191806208
14,15,22.98298604958333,2.826742258128582,19.89999962,27.36833334,66.79235870916666,3.4080184279864274,62.9700002,72.82833417,545.3381944500001,68.13989448591467,447.9,649.7,1.584786005458333,0.013889798887710374,1.555851187,1.599820713,22429.46,934.5608333333333,1895.4800000000005,254144.3667,10589.3486125,23637.42610000001,206695.1623,17554.1184,29895.086000000003,CASE_27,299329.34,3645948.6728999997,254192.1732,2960688.5961999996,8432.172934575,35545.894317987455,1535.087848431543,138594630.06581673,5840996.434446291,22.870506054710276,63.75187986596582,546.7255358588956,1.5820433953542687,10269.36851762177,23.190297441474815,60.53011418150146,546.7520547371087,1.557153751705273,10335.989590192212,9.08453260757608
15,16,23.695763797083334,2.7574922142310956,20.59833371,27.53500001,72.93916645333333,3.4502124346788428,68.91149965,79.30999985,505.51597222500004,68.9158873138895,409.5166667,623.3666667,1.5749692562083333,0.020420353028581733,1.54021827,1.597316452,18111.24,754.6350000000001,1370.8200000000002,254174.2228,10590.592616666667,23630.983499999973,206763.2325,17542.5348,29868.4555,CASE_27,317440.58,3900122.8956999998,271734.708,3167451.8286999995,8937.688906800002,28524.646191810618,1728.3492598343312,128489129.35327576,6022852.346776033,23.283141222209785,68.34559325415317,526.1204396331309,1.578506271809079,10429.983017927,23.243579690706323,61.83817793003442,542.4052743799944,1.5590317207146531,10362.827819406057,11.0506257495142
16,17,23.850972172083335,2.417748383010429,21.11500044,27.45999988,77.67185864666668,2.1780770712746915,74.82838302,80.46833318,486.05000000416663,64.11815933390449,405.5166667,565.5833333,1.5738998166666667,0.014390113639452877,1.548110505,1.591776472,18819.77,784.1570833333334,1499.42,254155.1666,10589.798608333333,23634.204800000007,206794.1735,17486.2716,29874.7215,CASE_27,336260.35000000003,4154278.0623,289220.97959999996,3374246.0021999995,9423.738906804168,29620.432552708833,1852.5493391356372,123532118.72698897,6061847.805967804,23.567058863266254,73.00876152756045,506.085066960886,1.576203026665507,10509.891422782912,23.30642679394276,63.47649417055652,536.5741752880433,1.5605701275765673,10386.31256286391,13.4813801253531
17,18,24.286388774166667,2.4612402209450437,21.17333387,27.50333341,78.79127791958332,2.043696417083187,76.2505891,81.8299998,499.38194443750007,100.1388126827217,360.3666667,616.6166667,1.5573448625833333,0.02127370372265107,1.524554908,1.585341185,24352.03,1014.6679166666667,1882.619999999999,254250.6009,10593.7750375,23634.204800000007,206812.7381,17517.7128,29920.15,CASE_27,360612.38,4408528.6632,306738.69239999994,3581058.7402999997,9923.120851241669,37924.508813975204,1913.5556075684144,126968159.4518448,6174828.939522889,23.92672519073462,75.90003075288871,502.73349291395266,1.5667739086551895,10551.833390137364,23.406291703020724,65.03717664345798,532.7840295198906,1.5602414507484845,10407.454425083799,16.6648978789935
18,19,24.742316822083335,2.040420395008237,22.55500002,27.56833328,80.07969576833334,2.102186009328532,76.99090958,83.26833394,485.87327120000003,99.5745840796506,356.6,603.7166667,1.5352525397083332,0.01686325282439882,1.506827446,1.55645836,22399.91,933.3295833333333,1760.4499999999998,253840.60700000002,10576.691958333335,23637.426099999982,206466.19889999996,17502.8196,29871.5885,CASE_27,383012.29,4662369.2702,324241.51199999993,3787524.9392,10408.994122441669,34389.51871673809,1981.3572037161496,123334366.08648364,6280604.7207039455,24.334521784219252,77.9898672466578,494.3033659777853,1.551013194120584,10564.262697942373,23.540754809442927,66.55111812635862,528.0627363358677,1.557726463150853,10424.48719199759,20.4710763677887
19,20,24.447986105833333,2.0116374601833016,22.44666646,27.50999997,81.80000743875,1.9812530115086626,78.78068874,84.55833244,541.5765533375001,195.26485044244575,361.95,1080.633333,1.5182296737499998,0.017766354110428442,1.489828557,1.5422065,20299.9,845.8291666666668,1325.8100000000013,254097.23210000002,10587.384670833335,23637.42610000001,206704.4446,17524.332,29868.4555,CASE_27,403312.19,4916466.5023,341765.8439999999,3994229.3838,10950.570675779169,30819.910554157625,1999.8454453196234,137613103.1733168,6212165.599911508,24.39125399913035,79.89493915952204,517.9399821992765,1.5346214183028761,10575.82369541328,23.631134641664303,68.07023685947514,529.4090043913651,1.553791729843553,10440.715299278541,25.8122840828559
20,21,23.88951375625,2.366836691267003,21.39666627,27.525,81.53877806708333,2.469932166243505,77.0800001,84.36833331,554.1513777666668,177.70462477056668,376.7666667,1008.133333,1.4978069524583333,0.018479787471972358,1.46393559,1.519333907,20991.74,874.6558333333334,1377.25,254142.3012,10589.26255,23627.7622,206766.32659999997,17502.8196,29873.155,CASE_27,424303.93,5170608.803499999,359268.6635999999,4200995.7104,11504.722053545835,31441.574116197695,1947.921760301403,140833306.3587712,6071336.00056243,24.14038375806592,80.7168590052246,536.0456886164452,1.516214176603348,10582.543125910714,23.656660398973273,69.40081930505147,531.8533498603811,1.5482608886885962,10455.390560771371,31.8426701193057
21,22,23.409444391250002,2.5928405216414863,20.41999969,27.49499989,81.93526349458334,2.4254217385858348,76.21219977,84.56166712,548.2385605833333,162.32331132903093,371.7160099,924.9333333,1.4692344545416667,0.024398635064867485,1.4337473,1.501424301,19224.86,801.0358333333334,1351.5300000000009,253450.8115,10560.450479166668,23630.9835,206125.8479,17486.2716,29838.692,CASE_27,443528.79,5424059.614999999,376754.9351999999,4407121.558300001,12052.960614129168,28245.826695739906,1918.058994458865,138951508.07543775,5933142.677726436,23.774913987523174,81.32606139514914,542.1421260533932,1.4927243099720866,10571.496799905042,23.63240418487337,70.6306675041411,533.4610256052822,1.5405070133474588,10465.698776235991,36.9597610527458
22,23,23.601242305,2.200272604989766,20.9566665,27.14333321,81.83275397958333,2.5141229111912207,76.91836247,84.41666641,624.8310162833333,257.2607069755374,379.9,1355.116667,1.4214624255,0.017624148505105935,1.393960953,1.451171209,18683.51,778.4795833333333,1486.5599999999995,253749.9118,10572.912991666666,23328.181300000026,206391.9405,17517.7128,29840.2585,CASE_27,462212.3,5677809.526799999,394272.64799999987,4613513.4988,12677.791630412501,26557.907441453503,1931.3546551575992,158550815.2718002,5988813.153264179,23.688078135909947,81.57940771756748,583.4865760970058,1.4570933634885035,10572.204895870265,23.629363763385108,71.72363957680481,542.375869131047,1.5288919976801298,10476.159518840966,41.4232505951944
23,24,22.961041529583337,2.6129433120728063,20.07000027,26.96333326,81.79900695166667,2.52734818711457,75.36333281,84.53166682,533.7173611125,142.75173106358,385.8833333,842.3833333,1.371195851625,0.019537012653017383,1.343723472,1.402327577,21634.74,901.4475000000001,1422.260000000002,254049.95,10585.414583333333,23627.7622,206651.84489999997,17535.9156,29862.1895,CASE_27,483847.04,5931859.476799999,411808.5635999999,4820165.3437,13211.508991525001,29665.465738985455,1878.1903956958945,135590868.9047626,5833251.45253857,23.32455981107926,81.68920734116163,558.6019671215147,1.4141446049968063,10578.809739995479,23.56445537158293,72.70217337388983,541.5349426999553,1.5135763270108886,10486.770523793026,49.0840820506094
24,25,22.459305412916667,2.892929210149523,19.32166624,26.8483332,80.92910731333333,3.4285431609611345,73.48249959,84.61333351,509.9361111,117.34168232095482,385.55,703.2666667,1.3137221138333333,0.022532436779146115,1.284942979,1.349494421,21521.6,896.7333333333332,1538.0,254092.3751,10587.182295833334,23630.98350000003,206729.19739999998,17497.8552,29865.322500000002,CASE_27,505368.63999999996,6185951.851899999,429306.41879999987,5026894.5411,13721.445102625,28273.401845075463,1817.611537944861,129570877.61865647,5706738.255464282,22.891932599104667,81.30915731592111,534.2690383855796,1.3639333579186579,10582.996018039166,23.45752472063221,73.49818426324907,538.4775443751677,1.4942390950427396,10496.486034401507,56.5887849789914
25,26,22.881527698749995,2.8226861238897167,19.78499975,27.18499988,81.01834728625,3.2434801850781314,75.08166701,84.34000041,529.7243055583334,126.56187377056402,386.2666667,723.3333333,1.2582024784166668,0.01900341161448691,1.228909349,1.288597095,20580.22,857.5091666666667,1300.09,254256.95520000003,10594.0398,23630.98350000003,206812.73809999996,17519.3676,29924.849500000004,CASE_27,525948.86,6440208.807099999,446825.78639999987,5233707.2792,14251.169408183334,25894.083810360255,1853.823557537276,134686089.0266963,5817787.563008637,22.886730148849807,81.16375229891885,531.9966719380957,1.311067917379906,10588.517909101867,23.401964600156724,74.22357197825478,537.633215351339,1.4714712293105228,10505.895977098395,64.149448877651
26,27,22.82138884458333,2.7264655521086847,20.10000038,27.04000003,81.50806516791666,2.6706822479619863,76.49333343,84.51666667,538.8569444458334,115.17265892587876,395.0833333,717.6,1.2472032857500002,0.01031818591550457,1.228543949,1.267856961,20468.309999999998,852.8462499999999,1267.9400000000023,254222.0514,10592.585475,23637.426099999982,206760.1384,17557.428,29904.485,CASE_27,546417.1699999999,6694430.858499999,464383.2143999999,5440467.417599999,14790.026352629167,25528.143485749584,1860.1272491666641,136989317.8281556,5801700.28786705,22.854059496473152,81.33590873470042,535.4268082175209,1.2791356013270387,10590.551692066087,23.346103934745198,74.9244566308672,537.7509576456833,1.449893069290057,10514.236892113338,76.492655072724
27,28,22.957013812499998,3.116841800976633,18.97499984,27.51999998,81.62757196916668,2.1812577898188175,75.6649999,84.50333328,545.4053472291666,116.12037126322565,410.4166667,797.9333333,1.098595037375,0.15616291787579434,0.79482372,1.269797426,18845.49,785.2287500000001,1467.2700000000002,254123.0235,10588.459312500001,23630.9835,206716.821,17540.88,29865.3225,CASE_27,565262.6599999999,6948553.881999999,481924.0943999999,5647184.238599999,15335.431699858334,20703.56179090019,1873.9252971769972,138600055.8709432,5833905.760563762,22.905536654678343,81.48174035247682,540.4160777419303,1.1888653190147362,10589.505502279146,23.30874451356038,75.56807232516677,538.4859122179349,1.4161623462894826,10521.363535803446,81.3893927217466
0,1,31.235026995416664,1.6773173559856214,29.34999943,33.57833303,55.901304207083335,3.7569855024816623,50.12166665,60.90666676,507.3410075333333,7.356721786435648,497.95,522.2666667,0.9985637812083333,0.013959415784756422,0.973802011,1.022382474,8829.34,367.88916666666665,769.0000000000005,209458.1936,8727.424733333333,18255.19,209458.1936,0.0,0.0,CASE_28,8829.34,209458.1936,0.0,209458.1936,507.3410075333333,8816.659135973987,1746.0787459872472,106266730.97713599,6542432.33150721,31.235026995416664,55.901304207083335,507.3410075333333,0.9985637812083333,8727.424733333333,31.235026995416664,55.901304207083335,507.3410075333333,0.9985637812083333,8727.424733333333,0.926222753499309
1,2,32.32537424541666,2.0550405754419945,29.37627071,35.09500001,56.636609159166674,3.7019116979027484,51.17166672,62.20862073,502.1336925333333,6.098694307420669,492.7833333,511.75,1.0021685534166667,0.014806522039842843,0.982184843,1.024306523,10801.98,450.0825,769.0,209585.0517,8732.7104875,18255.19,209585.0517,0.0,0.0,CASE_28,19631.32,419043.2453,0.0,419043.2453,1009.4747000666666,10825.404670635764,1830.799587061456,105239715.90991057,6774915.232447499,31.96192516208333,56.39150750847222,503.8694642,1.0009669626805555,8730.948569444445,32.22634179764191,56.56982396824176,502.60665484032694,1.0018411444967454,8732.23040083636,3.91067334530282
2,3,32.03263890666667,1.6991580356153846,29.65333376,34.25166664,55.18041661083333,3.9921026000418487,48.92333336,59.32499994,529.8208333291667,15.312975810387918,516.9166667,597.2166667,1.0006343852083335,0.008763939200270947,0.986948626,1.01314948,11911.77,496.32375,769.0000000000002,209628.3691,8734.515379166667,18255.190000000017,209628.3691,0.0,0.0,CASE_28,31543.09,628671.6144000001,0.0,628671.6144000001,1539.2955333958334,11919.32665069307,1767.5743600142555,111065477.20599614,6714949.851973741,32.00233301613095,55.69945556696429,518.6988179880952,1.0007769184107143,8732.986746428573,32.133569277542215,55.90437792692113,515.6406777614162,1.0012631763529762,8733.32477375464,4.37179460594527
3,4,31.253194421249997,1.7568023798758394,29.30166607,33.62333298,58.152083355,1.8509161334404474,55.12666683,60.69666665,531.6263888833333,9.820788744050162,514.1,550.2833333,1.0062225503333335,0.009692046185838033,0.991417905,1.01875839,8822.91,367.62125,769.0000000000005,209646.93369999997,8735.288904166666,18255.19000000001,209646.93369999997,0.0,0.0,CASE_28,40366.0,838318.5481,0.0,838318.5481,2070.9219222791667,8877.811001561471,1817.4383670945508,111453842.30339459,6552136.378745007,31.602792432194445,57.007523720583336,525.5935224655556,1.0036812554361112,8734.214563888889,31.84446973106246,56.642484672284596,520.8901028244699,1.0028917471354077,8733.969759475536,4.8080903706731
4,5,29.589343889583333,1.1856066773790221,27.94833314,32.9383337,60.1630195825,3.2957997695980987,53.1149999,65.05833333,568.5873084374999,28.244242909828763,535.6166667,640.3166667,1.0194429219583334,0.00986953632947289,0.999933817,1.035495732,11515.71,479.82124999999996,769.0,209578.86349999998,8732.452645833333,18255.19,209578.86349999998,0.0,0.0,CASE_28,51881.71,1047897.4116,0.0,1047897.4116,2639.5092307166665,11739.609050824798,1780.1842758623288,119163881.90285519,6201301.064089544,30.56359318439516,58.63616674608871,547.7838636123656,1.011816309125,8733.305186827956,31.274307738199052,57.532579213100576,532.9493561513281,1.0070763698503336,8733.586188624753,5.08139287517642
5,6,31.5333661,1.785473846730779,29.29999949,33.96500003,58.179422045,3.5891562321736603,51.90677973,64.43499934,529.427518825,15.72729644072049,508.95,571.6166667,1.0004167820416667,0.011667432854956299,0.983657521,1.015892077,10746.71,447.7795833333333,769.0,209603.61629999997,8733.4840125,18255.19,209603.61629999997,0.0,0.0,CASE_28,62628.42,1257501.0278999999,0.0,1257501.0278999999,3168.9367495416664,10751.189035735,1834.5930148313957,110969922.5144563,6609507.568671826,31.05617625263889,58.40416943759921,538.4600059425926,1.006026073146164,8733.396018915344,31.32822487287297,57.66720490839922,532.2163654225086,1.005690327376134,8733.564922976964,6.08342972456913
6,7,31.777708327916667,1.7408160941331112,29.62500025,34.17999973,57.62479163958333,2.508818081041817,52.80000006,60.36166655,538.4534722249999,16.25999121159094,522.35,573.1,0.9951246543750001,0.010149440120343836,0.979559661,1.009358871,12278.28,511.595,769.0000000000009,209637.65139999997,8734.902141666666,18255.19000000001,209637.65139999997,0.0,0.0,CASE_28,74906.7,1467138.6793,0.0,1467138.6793,3707.3902217666664,12218.419141319477,1831.1838211796498,112880121.30542411,6661804.14073867,31.4197829677395,58.01141212206365,538.4567133604987,1.000532444789042,8734.155009908136,31.408712878576928,57.65961005839068,533.3332303087731,1.003798355737937,8733.80437576286,6.16765429184454
7,8,32.29901566416667,2.00788019236505,29.90833298,35.13000011,57.043141796250005,2.3191045360983726,53.13333321,59.55666663,521.4435344791667,20.015521422971865,487.9,553.35,0.988236246125,0.013081918836708947,0.967931938,1.005478734,8426.85,351.11875000000003,769.0,209653.12189999997,8735.546745833331,18255.19,209653.12189999997,0.0,0.0,CASE_28,83333.55,1676791.8011999999,0.0,1676791.8011999999,4228.833756245833,8327.718610658458,1842.4373304103592,109322264.89812757,6771589.468289543,31.861123301632354,57.52537838989053,529.9167647455556,0.9943602352635621,8734.853606764706,31.550275517926558,57.56158849126046,531.4427086234024,1.0013239017136286,8734.08142140384,7.17394006754555
8,9,32.54506941,2.132053937796285,29.91666635,35.75166645,58.55326388750001,1.2514849492817401,55.89666672,59.89166648,518.9499999958334,21.094173757646384,487.9166667,560.9166667,0.9843597306666666,0.014246792485010788,0.961413716,1.003775577,13829.14,576.2141666666666,769.0000000000002,209628.36909999998,8734.515379166665,18255.19,209628.36909999998,0.0,0.0,CASE_28,97162.69,1886420.1702999999,0.0,1886420.1702999999,4747.783756241666,13612.848525751626,1905.6200374007344,108786642.14357156,6822369.822664599,32.203765579014195,58.04032689749919,524.4226516811156,0.9893501977355674,8734.684162018915,31.694094564613458,57.70495669169518,529.6366164673585,0.9988713626226191,8734.144159416457,7.58617729158071
9,10,32.271319231666666,1.9348696594535113,30.0350001,35.61999995,58.74937496416667,1.4295966211736053,55.01500028,60.09499931,529.547222225,14.309138713067235,503.35,553.7166667,0.9865900882916666,0.012199653524528306,0.963526693,1.001957164,11129.91,463.74625,769.0,209591.23989999996,8732.968329166664,18255.19,209591.23989999996,0.0,0.0,CASE_28,108292.6,2096011.4101999998,0.0,2096011.4101999998,5277.330978466666,10980.658889578302,1895.919834129508,110988458.89173858,6763785.810973731,32.23757542276597,58.3951974841402,526.9874416307429,0.9879687939865183,8733.825406964806,31.77137222467998,57.844781277916255,529.6246485486829,0.9972271706864426,8733.986741662979,8.49331668454372
10,11,30.595392917916666,1.1167720953131528,28.95333316,33.9999993,59.230023549583336,0.64358352675541,58.125,60.34833349,549.2587688166667,20.204536833733833,520.4666667,585.15,1.0027352172083333,0.011048920935207783,0.981429316,1.021114685,9932.7,413.8625,769.0000000000005,209677.8747,8736.5781125,18255.190000000017,209677.8747,0.0,0.0,CASE_28,118225.3,2305689.2849,0.0,2305689.2849,5826.589747283333,9959.868091965212,1812.1658430369594,115167411.3058173,6415176.962640198,31.41608305101918,58.812814431386784,538.1285452156895,0.9953556124423749,8735.20243210796,31.623456530772888,58.01901824846893,532.0942451708271,0.9979199775399921,8734.31268652725,9.77743495715994
11,12,29.116242671250003,2.6801276586659744,24.26833331,33.9999993,58.56028089541667,1.2287557859335736,55.88000005,60.30999997,543.9559093458333,28.748245809161716,473.8833333,585.15,1.0099074853333334,0.01781090862625597,0.981429316,1.035393296,9932.7,413.8625,769.0000000000005,209677.8747,8736.5781125,18255.190000000017,209677.8747,0.0,0.0,CASE_28,128158.0,2515367.1596,0.0,2515367.1596,6370.545656629167,10031.108079570402,1705.055349447517,114055519.0021402,6105031.882557151,30.26588205034341,58.686516829026154,541.0429388026333,1.002633325673311,8735.890440274725,31.323722950025815,58.08372536975342,533.5122889740272,0.9993530657552173,8734.58351473608,11.5045528622457
12,13,25.81055672541667,1.4268669997921763,24.22500003,28.13166676,57.83852759541667,0.7254634702066931,56.43333321,59.35833352,415.42252824583335,20.88318968072603,391.0,463.35,1.0347025203333333,0.004047633268664265,1.025993782,1.040374744,11146.6,464.44166666666666,769.0000000000009,209291.11219999997,8720.463008333332,18255.19,209291.11219999997,0.0,0.0,CASE_28,139304.6,2724658.2717999998,0.0,2724658.2717999998,6785.968184875001,11533.415113147534,1492.8445974160795,86944242.96950637,5401920.1235636445,28.037947423203878,58.26247044874725,478.2250653267875,1.0186698805905923,8728.175782573353,30.691415202296398,58.055603516335125,519.9685161955738,1.003407312098812,8732.964026907022,12.4101103638177
13,14,26.858333282083333,1.8069108672721612,24.23999996,29.25833317,58.514166672916666,0.8629575919029447,57.21166655,60.41166674,471.0638888916667,65.97591076787556,416.2666667,686.25,1.0288403971666666,0.008169504821869178,1.011651194,1.037736764,11110.62,462.94250000000005,769.0,209643.83959999998,8735.159983333333,18255.19,209643.83959999998,0.0,0.0,CASE_28,150415.22,2934302.1114,0.0,2934302.1114,7257.032073766667,11431.05469356791,1571.5929902245691,98755642.36415678,5630684.114512419,27.44810435147956,58.38832624245999,474.6442585541262,1.0237554492771088,8731.668096107243,30.26645484698498,58.106442805974616,514.546631605566,1.0062269890825224,8733.207484897903,13.1314778342532
14,15,31.587777725,2.510405609914913,25.20833327,34.40500145,58.17541668708333,0.6907558293886419,56.7583334,59.12000001,450.05555556666667,22.794876716571387,420.8166667,492.1833333,0.9937007121666666,0.014209477835304267,0.975807537,1.022169129,13829.14,576.2141666666666,769.0,209541.73429999998,8730.905595833332,18255.19,209541.73429999998,0.0,0.0,CASE_28,164244.36,3143843.8457,0.0,3143843.8457,7707.087629333334,13742.026266652534,1837.632131370844,94305421.64478934,6618957.727179408,29.51800420657032,58.281868215930515,462.3495318551139,1.008727622108998,8731.286834335104,30.40893717209277,58.11388047250987,507.5923597802497,1.0048762419717205,8732.959265093707,15.2811964262368
15,16,26.596944352916665,1.4910308502711442,24.2899999,28.67333358,58.17618058708334,0.47067830270013145,57.31666667,59.08499966,434.83680556249993,16.529626848183803,410.4666667,475.3833333,1.0398331422916667,0.004679954010427763,1.029963563,1.04634226,8053.91,335.57958333333335,769.0,209677.8747,8736.5781125,18255.190000000017,209677.8747,0.0,0.0,CASE_28,172298.27,3353521.7204,0.0,3353521.7204,8141.924434895834,8374.722543034277,1547.3086377398863,91175657.23168212,5576790.765433732,28.05745199348536,58.229023595162005,448.59295880016043,1.0242806195202392,8733.932513787417,30.007107160646125,58.12044765585456,499.9230470163174,1.0085611208059726,8733.340735249521,16.4092270536122
16,17,28.303613358333333,1.1037763779511232,27.12166653,31.42333352,58.42900896208334,0.894939186412726,56.83333327,59.75500011,457.4474105375,34.72529090821362,410.05,533.1,1.033951689875,0.009933524129703263,1.014148331,1.049005953,12265.42,511.05916666666667,769.0,209356.5572,8723.189883333334,18255.19,209161.16,139.0032,56.394,CASE_28,184563.69,3562878.2776,139.0032,3562682.8804,8599.371845433334,12681.851736026623,1653.7520785734,95769614.97018601,5925547.049020597,28.180533614947596,58.32901704151212,453.02021844614075,1.0291161915901068,8728.56115758018,29.830846087058468,58.152374597431724,495.5280787006647,1.0111882914813413,8732.290423206034,19.3523323994681
17,18,28.163723521249995,1.3247193038273122,26.69499985,31.38333305,58.156647525833336,1.1554201038811414,55.47666658,59.30333322,444.20555555833334,15.331732745329129,415.6166667,475.0833333,1.0423505529166668,0.014939982541087976,1.017772361,1.063860722,13121.84,546.7433333333333,769.0000000000005,179056.41710000002,7460.6840458333345,15655.532000000036,146406.6238,22209.0708,10440.7225,CASE_28,197685.53,3741934.6947000003,22348.074,3709089.5042000003,9043.577400991668,13677.557179284035,1637.9077418403576,79537855.23419017,5042895.42591002,28.172128536035963,58.24283195490271,448.6128701895377,1.035733397496024,8094.620183413857,29.660954757786442,58.152810038413044,490.2979583381486,1.0143639416266577,8602.704931297183,23.1364953527772
18,19,31.20611095,1.272487606432009,29.10333354,32.94166667,59.48750001625,0.3953020227977928,58.54999981,60.10500024,450.45,12.27143533622901,429.9833333,475.0,1.0310259207083334,0.007436410915793684,1.020435975,1.046790481,11477.13,478.21374999999995,769.0000000000005,178760.88200000004,7448.370083333335,15655.532000000008,146174.5663,22164.3912,10421.9245,CASE_28,209162.66,3920695.5767000006,44512.4652,3855264.0705000004,9494.027400991668,11833.218525339234,1856.3735256452244,80522839.29690002,5578431.9172118595,29.689122636454606,58.86516717258658,449.5314368467957,1.0333796546127707,7771.494517060298,29.81646568235522,58.28713877068752,486.28749462284856,1.0160408722730185,8486.527886948254,26.7303834066117
19,20,32.4595354,1.0179278861616792,31.06551746,33.88166656,59.63854645875,0.3526332768181364,58.8350001,60.32833347,477.4114942541667,48.395632126127495,406.3833333,589.7,1.046115323125,0.02049564062932707,1.000484484,1.074848183,13739.12,572.4633333333334,769.0,179176.24480000001,7465.676866666668,15655.532000000036,146511.8232,22218.999600000003,10445.422,CASE_28,222901.78,4099871.8215000005,66731.4648,4001775.8937000004,9971.438895245836,14372.70395825315,1935.8395099823404,85540798.76481837,5815977.660924667,31.074330339264314,59.251857184444624,463.4714788447412,1.0397474949417311,7618.585546038124,30.079772513348114,58.421768165193335,485.403253275234,1.0190369371497117,8384.82907617843,32.1189665960747
20,21,31.085009849583333,2.078010093756496,26.97833325,33.74999994,59.79189173541667,1.0562329521198888,58.02666664,61.4316665,466.6443965458334,24.6085386286177,438.6166667,524.8833333,1.0259117530833333,0.024882265601365177,1.001765065,1.071147251,36137.56,1505.7316666666666,2008.0600000000013,90057.5187,3752.3966125,7960.440000000002,73599.3567,11194.722,5263.44,CASE_28,259039.34,4189929.3402000004,77926.1868,4075375.2504000003,10438.083291791669,37073.94753175414,1858.6315435206475,42024836.4681766,2799438.855818535,31.079670096970016,59.52187458868498,465.0579384517702,1.0328296207138328,5685.490157497351,30.1790817950747,58.55712524230423,483.55003063749785,1.0197161131092194,7927.182385161399,39.1825804174111
21,22,31.354948059999998,3.34762902061924,23.96333319,34.31499971,59.993873631250004,1.411989410931181,56.8083334,61.69833336,445.2215042375,12.166407333434947,428.4333333,465.5333333,1.0497664318333335,0.032314606045297886,1.025007735,1.127595516,39356.78,1639.8658333333333,1959.2200000000007,90027.4199,3751.142495833333,7960.44000000001,73583.8862,11184.7932,5258.7405,CASE_28,298396.12,4279956.760100001,89110.98,4148959.1366000003,10883.304796029168,41315.4265090495,1881.1047916260472,40082143.31049904,2822805.07494031,31.217309111300708,59.757874166234174,455.13971897994736,1.0412980282926088,4718.316096073077,30.29445484125224,58.69809538760717,479.7893318419211,1.0226645749481404,7517.439834190866,44.2883464979909
22,23,27.536458197499996,2.670296733586151,23.8766662,30.79833333,58.423611119583335,0.6413351408437837,56.92166659,59.56000004,441.4032132833334,51.39844550123661,382.4833333,585.95,1.1286659167916666,0.007062681615636921,1.117197148,1.137917076,37245.84,1551.9099999999999,1810.0999999999983,90015.3368,3750.6390333333334,7960.440000000002,73562.22749999998,11188.1028,5265.0065,CASE_28,335641.95999999996,4369972.0969,100299.0828,4222521.3641,11324.7080093125,42038.11015027572,1608.7793253414025,39733058.908301495,2478703.5589270834,29.376883435004515,59.09074256338047,448.27146531288076,1.0849819777496703,4234.477507025151,30.02536092604905,58.67131433748822,476.04405138417155,1.0330069791559495,7149.918293659099,53.6677219990818
23,24,27.901224001666666,2.7404152028425077,23.65999991,32.48499985,58.783863005833325,1.1712129504395872,57.17166665,60.97666664,457.9650070541666,18.07368626773527,425.3666667,497.5,1.15652499625,0.03330354078347698,1.114456701,1.193661082,27895.87,1162.3279166666666,1855.1100000000008,103438.18709999998,4309.924462499999,15655.532000000008,84543.18839999998,12856.141200000002,6038.8575,CASE_28,363537.82999999996,4473410.284,113155.224,4307064.5525,11782.673016366667,32262.270947140485,1640.141729409042,47371070.084921695,2886052.0286034066,28.639053674357513,58.93730277546118,453.11823647241374,1.1207534891319835,4272.20098701107,29.819061771605273,58.682245221861464,474.2881892664241,1.045003222049982,6874.094113368079,64.8754985069343
24,25,25.26162117,1.4634903309874372,23.56166649,27.22500013,59.96789992,1.3636234887951044,58.28000005,62.15166664,451.42442854166666,23.481379095754892,404.4666667,493.4333333,1.1892039933333334,0.003948823539065889,1.182609608,1.196260643,3292.69,137.19541666666666,252.00000000000023,179469.48739999998,7477.895308333333,15655.53200000002,146626.3049,22339.800000000003,10503.3825,CASE_28,366830.51999999996,4652879.7714,135495.024,4453690.8574,12234.097444908333,3915.6800968087337,1514.8863701395135,81016910.79021084,4533690.202272888,26.95033737185109,59.45260136308768,452.27133248180047,1.1549787422526505,5875.0481954407705,29.378098908260448,58.80664091376894,472.07596747850465,1.0589556112438734,6932.515917862716,74.0026135620156
25,26,24.919758055,0.9480864378093309,23.87500003,26.33666655,60.24036399125001,1.0310980714247147,58.65166683,62.58000005,459.3971503875,52.66621581499228,391.0833333,562.3333333,1.1911833187083334,0.005008437602135366,1.182289455,1.197272291,2995.68,124.82,252.0,179432.51499999998,7476.354791666666,15655.532000000008,146617.0226,22319.9424,10495.55,CASE_28,369826.19999999995,4832312.2864,157814.9664,4600307.88,12693.494595295833,3568.40404418818,1501.1752958070842,82430786.07786234,4471414.861000158,25.93504769829655,59.84648268303813,455.83424148774174,1.173081030750237,6675.701505484382,28.94805162412954,58.94493646719564,470.8529809381212,1.0717101691284194,6984.97409420721,76.342274966925
26,27,25.478958281249998,1.2546293484983047,23.92000014,28.11500018,60.134861075,0.8110044630268142,58.92166653,62.06500022,428.9624999916667,27.56431211157599,388.3833333,477.1166667,1.171493021375,0.012210948710315733,1.142258288,1.184031049,2620.28,109.17833333333334,252.0,179373.1009,7473.879204166667,15655.532000000014,146632.4931,22266.9888,10473.618999999999,CASE_28,372446.48,5011685.3873,180081.9552,4746940.3730999995,13122.4570952875,3069.6397340484855,1532.1736165786895,76944333.79332148,4570239.754609547,25.707002988074212,59.990671880093366,442.39837063959914,1.1722870260567027,7074.790357798968,28.614269407687242,59.059426229717424,466.8224472521826,1.0813108740659674,7032.014578594055,82.6212450724253
27,28,27.881773717499996,1.634652843897472,25.22499994,30.43999983,59.975785080833326,1.7744821384863094,58.12166672,64.34666691,406.24356167083334,25.853533320196842,369.4333333,449.1833333,1.1595262015833334,0.030212975950780818,1.121973777,1.20163909,2669.12,111.21333333333332,252.0000000000001,179438.62589999998,7476.609412499999,15655.532000000008,146722.222,22253.7504,10462.6535,CASE_28,375115.6,5191124.0132,202335.7056,4893662.5951,13528.700656958334,3094.9145751701067,1672.231268153207,72895786.48693624,5003067.163522934,26.79438835683793,59.98322848043562,424.3209660878727,1.1659066137962493,7275.6998858979305,28.54393707735755,59.147412622375576,461.005820275684,1.0888209063098298,7074.703417777742,86.5915075847055
